[Licensing::Module] Trying to connect to existing licensing client channel...
[Licensing::IpcConnector] Channel LicenseClient-koosh doesn't exist
[Licensing::Module] Successfully launched the LicensingClient (PId: 505988)
[Licensing::IpcConnector] Successfully connected to: "LicenseClient-koosh" at "2026-05-28T09:52:22.2963324Z"
[Licensing::Client] Code 10 while verifying Licensing Client signature (process Id: 505988, path: "C:/Program Files/Unity/Hub/Editor/2022.3.62f3/Editor/Data/Resources/Licensing/Client/Unity.Licensing.Client.exe")
[Licensing::Module] LicensingClient has failed validation; ignoring
[Licensing::Client] Handshaking with LicensingClient:
  Version:                 1.16.2+bdef8f5
  Session Id:              7e6333498e694bfebba039cbdc3f1f44
  Correlation Id:          e62e7acfa97f7db8b225124e127cfdab
  External correlation Id: 6908858770264447732
  Machine Id:              1URxonWXDqhd4gyhtwvDtzxLEKo=
[Licensing::Module] Successfully connected to LicensingClient on channel: "LicenseClient-koosh" (connect: 10.14s, validation: 0.26s, handshake: 0.67s)
[Licensing::IpcConnector] Successfully connected to: "LicenseClient-koosh-notifications" at "2026-05-28T09:52:23.2216265Z"
[Licensing::Module] Connected to LicensingClient (PId: 505988, launch time: 0.05, total connection time: 11.07s)
[Licensing::Module] Error: Access token is unavailable; failed to update
[Licensing::Client] Error: Code 500 while processing request (status: Unable to update licenses. Errors: No ULF license found.,Token not found in cache)
[Licensing::Client] Error: Code 500 while updating license in client (status: Unable to update licenses. Errors: No ULF license found.,Token not found in cache)
Built from '2022.3/respin/2022.3.62f2-4af31df585-v2' branch; Version is '2022.3.62f3 (96770f904ca7) revision 9860879'; Using compiler version '192829333'; Build Type 'Release'
OS: 'Windows 11  (10.0.28020) 64bit Professional' Language: 'en' Physical Memory: 65437 MB
[Licensing::Client] Successfully resolved entitlement details
[Licensing::Module] Serial number assigned to: "6577137-UnityPersXXXX"
BatchMode: 1, IsHumanControllingUs: 0, StartBugReporterOnCrash: 0, Is64bit: 1, IsPro: 0
[Licensing::Client] Successfully resolved entitlement details

COMMAND LINE ARGUMENTS:
C:\Program Files\Unity\Hub\Editor\2022.3.62f3\Editor\Unity.exe
-batchmode
-nographics
-projectPath
C:/Users/koosh/Dev/WorldSphereMod/Tools/Unity-Bake-Project
-executeMethod
BakeShaders.BakeAll
-logFile
C:/Users/koosh/Dev/WorldSphereMod/Tools/Unity-Bake-Project/bake.log
-quit
Successfully changed project path to: C:/Users/koosh/Dev/WorldSphereMod/Tools/Unity-Bake-Project
C:/Users/koosh/Dev/WorldSphereMod/Tools/Unity-Bake-Project
[UnityMemory] Configuration Parameters - Can be set up in boot.config
    "memorysetup-bucket-allocator-granularity=16"
    "memorysetup-bucket-allocator-bucket-count=8"
    "memorysetup-bucket-allocator-block-size=33554432"
    "memorysetup-bucket-allocator-block-count=8"
    "memorysetup-main-allocator-block-size=16777216"
    "memorysetup-thread-allocator-block-size=16777216"
    "memorysetup-gfx-main-allocator-block-size=16777216"
    "memorysetup-gfx-thread-allocator-block-size=16777216"
    "memorysetup-cache-allocator-block-size=4194304"
    "memorysetup-typetree-allocator-block-size=2097152"
    "memorysetup-profiler-bucket-allocator-granularity=16"
    "memorysetup-profiler-bucket-allocator-bucket-count=8"
    "memorysetup-profiler-bucket-allocator-block-size=33554432"
    "memorysetup-profiler-bucket-allocator-block-count=8"
    "memorysetup-profiler-allocator-block-size=16777216"
    "memorysetup-profiler-editor-allocator-block-size=1048576"
    "memorysetup-temp-allocator-size-main=16777216"
    "memorysetup-job-temp-allocator-block-size=2097152"
    "memorysetup-job-temp-allocator-block-size-background=1048576"
    "memorysetup-job-temp-allocator-reduction-small-platforms=262144"
    "memorysetup-allocator-temp-initial-block-size-main=262144"
    "memorysetup-allocator-temp-initial-block-size-worker=262144"
    "memorysetup-temp-allocator-size-background-worker=32768"
    "memorysetup-temp-allocator-size-job-worker=262144"
    "memorysetup-temp-allocator-size-preload-manager=33554432"
    "memorysetup-temp-allocator-size-nav-mesh-worker=65536"
    "memorysetup-temp-allocator-size-audio-worker=65536"
    "memorysetup-temp-allocator-size-cloud-worker=32768"
    "memorysetup-temp-allocator-size-gi-baking-worker=262144"
    "memorysetup-temp-allocator-size-gfx=262144"
Player connection [471628]  Target information:

Player connection [471628]  * "[IP] 192.168.1.159 [Port] 55504 [Flags] 2 [Guid] 836427465 [EditorId] 836427465 [Version] 1048832 [Id] WindowsEditor(7,kooshapari-desk) [Debug] 1 [PackageName] WindowsEditor [ProjectName] Editor" 

Player connection [471628]  * "[IP] 172.31.48.1 [Port] 55504 [Flags] 2 [Guid] 836427465 [EditorId] 836427465 [Version] 1048832 [Id] WindowsEditor(7,kooshapari-desk) [Debug] 1 [PackageName] WindowsEditor [ProjectName] Editor" 

Player connection [471628]  * "[IP] 172.28.176.1 [Port] 55504 [Flags] 2 [Guid] 836427465 [EditorId] 836427465 [Version] 1048832 [Id] WindowsEditor(7,kooshapari-desk) [Debug] 1 [PackageName] WindowsEditor [ProjectName] Editor" 

Player connection [471628]  * "[IP] 100.96.135.160 [Port] 55504 [Flags] 2 [Guid] 836427465 [EditorId] 836427465 [Version] 1048832 [Id] WindowsEditor(7,kooshapari-desk) [Debug] 1 [PackageName] WindowsEditor [ProjectName] Editor" 

Player connection [471628] Host joined multi-casting on [225.0.0.222:54997]...
Player connection [471628] Host joined alternative multi-casting on [225.0.0.222:34997]...
Input System module state changed to: Initialized.
[PhysX] Initialized MultithreadedTaskDispatcher with 16 workers.
[Package Manager] UpmClient::Connect -- Connected to IPC stream "Upm-343160" after 3.6 seconds.
[Package Manager] Restoring resolved packages state from cache
[Licensing::Client] Successfully resolved entitlement details
[Package Manager] Registered 3 packages:
  Built-in packages:
    com.unity.modules.assetbundle@1.0.0 (location: C:\Users\koosh\Dev\WorldSphereMod\Tools\Unity-Bake-Project\Library\PackageCache\com.unity.modules.assetbundle@1.0.0)
    com.unity.modules.ui@1.0.0 (location: C:\Users\koosh\Dev\WorldSphereMod\Tools\Unity-Bake-Project\Library\PackageCache\com.unity.modules.ui@1.0.0)
    com.unity.modules.imageconversion@1.0.0 (location: C:\Users\koosh\Dev\WorldSphereMod\Tools\Unity-Bake-Project\Library\PackageCache\com.unity.modules.imageconversion@1.0.0)
[Subsystems] No new subsystems found in resolved package list.
Package Manager log level set to [2]
[Package Manager] Done registering packages in 0.45 seconds
Artifact Garbage Collection - Removed 1 unused hashed content files
Refreshing native plugins compatible for Editor in 0.00 ms, found 0 plugins.
Preloading 0 native plugins for Editor in 0.00 ms.
Initialize engine version: 2022.3.62f3 (96770f904ca7)
[Subsystems] Discovering subsystems at path C:/Program Files/Unity/Hub/Editor/2022.3.62f3/Editor/Data/Resources/UnitySubsystems
[Subsystems] Discovering subsystems at path C:/Users/koosh/Dev/WorldSphereMod/Tools/Unity-Bake-Project/Assets
Forcing GfxDevice: Null
GfxDevice: creating device client; threaded=0; jobified=0
NullGfxDevice:
    Version:  NULL 1.0 [1.0]
    Renderer: Null Device
    Vendor:   Unity Technologies
[Licensing::Client] Successfully resolved entitlement details
Initialize mono
Mono path[0] = 'C:/Program Files/Unity/Hub/Editor/2022.3.62f3/Editor/Data/Managed'
Mono path[1] = 'C:/Program Files/Unity/Hub/Editor/2022.3.62f3/Editor/Data/MonoBleedingEdge/lib/mono/unityjit-win32'
Mono config path = 'C:/Program Files/Unity/Hub/Editor/2022.3.62f3/Editor/Data/MonoBleedingEdge/etc'
Using monoOptions --debugger-agent=transport=dt_socket,embedding=1,server=y,suspend=n,address=127.0.0.1:56160
Using cacheserver namespaces - metadata:defaultmetadata, artifacts:defaultartifacts
Using cacheserver namespaces - metadata:defaultmetadata, artifacts:defaultartifacts
ImportWorker Server TCP listen port: 0
Begin MonoManager ReloadAssembly
Registering precompiled unity dll's ...
Register platform support module: C:/Program Files/Unity/Hub/Editor/2022.3.62f3/Editor/Data/PlaybackEngines/WindowsStandaloneSupport/UnityEditor.WindowsStandalone.Extensions.dll
Registered in 0.060140 seconds.
- Loaded All Assemblies, in  1.577 seconds
Native extension for WindowsStandalone target not found
Mono: successfully reloaded assembly
- Finished resetting the current domain, in  1.190 seconds
Domain Reload Profiling: 2755ms
	BeginReloadAssembly (407ms)
		ExecutionOrderSort (0ms)
		DisableScriptedObjects (0ms)
		BackupInstance (0ms)
		ReleaseScriptingObjects (0ms)
		CreateAndSetChildDomain (2ms)
	RebuildCommonClasses (134ms)
	RebuildNativeTypeToScriptingClass (44ms)
	initialDomainReloadingComplete (352ms)
	LoadAllAssembliesAndSetupDomain (626ms)
		LoadAssemblies (387ms)
		RebuildTransferFunctionScriptingTraits (0ms)
		AnalyzeDomain (620ms)
			TypeCache.Refresh (615ms)
				TypeCache.ScanAssembly (568ms)
			ScanForSourceGeneratedMonoScriptInfo (1ms)
			ResolveRequiredComponents (3ms)
	FinalizeReload (1191ms)
		ReleaseScriptCaches (0ms)
		RebuildScriptCaches (0ms)
		SetupLoadedEditorAssemblies (981ms)
			LogAssemblyErrors (0ms)
			InitializePlatformSupportModulesInManaged (40ms)
			SetLoadedEditorAssemblies (24ms)
			RefreshPlugins (0ms)
			BeforeProcessingInitializeOnLoad (6ms)
			ProcessInitializeOnLoadAttributes (620ms)
			ProcessInitializeOnLoadMethodAttributes (292ms)
			AfterProcessingInitializeOnLoad (0ms)
			EditorAssembliesLoaded (0ms)
		ExecutionOrderSort2 (0ms)
		AwakeInstancesAfterBackupRestoration (0ms)
[Licensing::Client] Successfully resolved entitlement details
Application.AssetDatabase Initial Refresh Start
[ScriptCompilation] Requested script compilation because: Assetdatabase observed changes in script compilation related files
Connectivity with IL Post Processor runner cannot be established yet. Retrying.Connectivity with IL Post Processor runner cannot be established yet. Retrying.Connectivity with IL Post Processor runner cannot be established yet. Retrying.Connectivity with IL Post Processor runner cannot be established yet. Retrying.Connectivity with IL Post Processor runner cannot be established yet. Retrying.Connectivity with IL Post Processor runner cannot be established yet. Retrying.warn: Unity.AspNetCore.NamedPipeSupport.NamedPipeServer[0]
      Exception occured while accepting client connection: System.IO.IOException: The pipe is being closed.
         at System.IO.Pipes.NamedPipeServerStream.WaitForConnectionCoreAsync(CancellationToken cancellationToken)
         at System.IO.Pipes.NamedPipeServerStream.WaitForConnectionAsync(CancellationToken cancellationToken)
         at Unity.AspNetCore.NamedPipeSupport.NamedPipeServer.AcceptLoop(Boolean useNamedPipeMessageSemantic)
         at System.Runtime.CompilerServices.AsyncMethodBuilderCore.Start[TStateMachine](TStateMachine& stateMachine)
         at Unity.AspNetCore.NamedPipeSupport.NamedPipeServer.AcceptLoop(Boolean useNamedPipeMessageSemantic)
         at Unity.AspNetCore.NamedPipeSupport.NamedPipeServer..ctor(String pipeName, NamedPipeListenerOptions options, ILogger`1 logger)
         at Unity.AspNetCore.NamedPipeSupport.NamedPipeListener..ctor(NamedPipeEndpoint endpoint, ILoggerFactory loggerFactory, NamedPipeListenerOptions namedPipeListenerOptions)
         at Unity.AspNetCore.NamedPipeSupport.NamedPipeListenerFactory.BindAsync(EndPoint _, CancellationToken cancellationToken)
         at Microsoft.AspNetCore.Server.Kestrel.Core.Internal.Infrastructure.TransportManager.BindAsync(EndPoint endPoint, ConnectionDelegate connectionDelegate, EndpointConfig endpointConfig, CancellationToken cancellationToken)
         at System.Runtime.CompilerServices.AsyncMethodBuilderCore.Start[TStateMachine](TStateMachine& stateMachine)
         at Microsoft.AspNetCore.Server.Kestrel.Core.Internal.Infrastructure.TransportManager.BindAsync(EndPoint endPoint, ConnectionDelegate connectionDelegate, EndpointConfig endpointConfig, CancellationToken cancellationToken)
         at Microsoft.AspNetCore.Server.Kestrel.Core.KestrelServerImpl.<>c__DisplayClass30_0`1.<<StartAsync>g__OnBind|0>d.MoveNext()
         at System.Runtime.CompilerServices.AsyncMethodBuilderCore.Start[TStateMachine](TStateMachine& stateMachine)
         at Microsoft.AspNetCore.Server.Kestrel.Core.KestrelServerImpl.<>c__DisplayClass30_0`1.<StartAsync>g__OnBind|0(ListenOptions options, CancellationToken onBindCancellationToken)
         at Microsoft.AspNetCore.Server.Kestrel.Core.Internal.AddressBinder.BindEndpointAsync(ListenOptions endpoint, AddressBindContext context, CancellationToken cancellationToken)
         at System.Runtime.CompilerServices.AsyncMethodBuilderCore.Start[TStateMachine](TStateMachine& stateMachine)
         at Microsoft.AspNetCore.Server.Kestrel.Core.Internal.AddressBinder.BindEndpointAsync(ListenOptions endpoint, AddressBindContext context, CancellationToken cancellationToken)
         at Microsoft.AspNetCore.Server.Kestrel.Core.LocalhostListenOptions.BindAsync(AddressBindContext context, CancellationToken cancellationToken)
         at System.Runtime.CompilerServices.AsyncMethodBuilderCore.Start[TStateMachine](TStateMachine& stateMachine)
         at Microsoft.AspNetCore.Server.Kestrel.Core.LocalhostListenOptions.BindAsync(AddressBindContext context, CancellationToken cancellationToken)
         at Microsoft.AspNetCore.Server.Kestrel.Core.Internal.AddressBinder.EndpointsStrategy.BindAsync(AddressBindContext context, CancellationToken cancellationToken)
         at System.Runtime.CompilerServices.AsyncMethodBuilderCore.Start[TStateMachine](TStateMachine& stateMachine)
         at Microsoft.AspNetCore.Server.Kestrel.Core.Internal.AddressBinder.EndpointsStrategy.BindAsync(AddressBindContext context, CancellationToken cancellationToken)
         at Microsoft.AspNetCore.Server.Kestrel.Core.Internal.AddressBinder.BindAsync(IEnumerable`1 listenOptions, AddressBindContext context, CancellationToken cancellationToken)
         at System.Runtime.CompilerServices.AsyncMethodBuilderCore.Start[TStateMachine](TStateMachine& stateMachine)
         at Microsoft.AspNetCore.Server.Kestrel.Core.Internal.AddressBinder.BindAsync(IEnumerable`1 listenOptions, AddressBindContext context, CancellationToken cancellationToken)
         at Microsoft.AspNetCore.Server.Kestrel.Core.KestrelServerImpl.BindAsync(CancellationToken cancellationToken)
         at System.Runtime.CompilerServices.AsyncMethodBuilderCore.Start[TStateMachine](TStateMachine& stateMachine)
         at Microsoft.AspNetCore.Server.Kestrel.Core.KestrelServerImpl.BindAsync(CancellationToken cancellationToken)
         at Microsoft.AspNetCore.Server.Kestrel.Core.KestrelServerImpl.StartAsync[TContext](IHttpApplication`1 application, CancellationToken cancellationToken)
         at System.Runtime.CompilerServices.AsyncMethodBuilderCore.Start[TStateMachine](TStateMachine& stateMachine)
         at Microsoft.AspNetCore.Server.Kestrel.Core.KestrelServerImpl.StartAsync[TContext](IHttpApplication`1 application, CancellationToken cancellationToken)
         at Microsoft.AspNetCore.Hosting.GenericWebHostService.StartAsync(CancellationToken cancellationToken)
         at System.Runtime.CompilerServices.AsyncMethodBuilderCore.Start[TStateMachine](TStateMachine& stateMachine)
         at Microsoft.AspNetCore.Hosting.GenericWebHostService.StartAsync(CancellationToken cancellationToken)
         at Microsoft.Extensions.Hosting.Internal.Host.StartAsync(CancellationToken cancellationToken)
         at System.Runtime.CompilerServices.AsyncMethodBuilderCore.Start[TStateMachine](TStateMachine& stateMachine)
         at Microsoft.Extensions.Hosting.Internal.Host.StartAsync(CancellationToken cancellationToken)
         at Microsoft.AspNetCore.Builder.WebApplication.StartAsync(CancellationToken cancellationToken)
         at Microsoft.Extensions.Hosting.HostingAbstractionsHostExtensions.RunAsync(IHost host, CancellationToken token)
         at System.Runtime.CompilerServices.AsyncMethodBuilderCore.Start[TStateMachine](TStateMachine& stateMachine)
         at Microsoft.Extensions.Hosting.HostingAbstractionsHostExtensions.RunAsync(IHost host, CancellationToken token)
         at Microsoft.Extensions.Hosting.HostingAbstractionsHostExtensions.Run(IHost host)
         at Microsoft.AspNetCore.Builder.WebApplication.Run(String url)
         at Program.<Main>$(String[] args)
      --- End of stack trace from previous location ---
         at Unity.AspNetCore.NamedPipeSupport.NamedPipeServer.AcceptLoop(Boolean useNamedPipeMessageSemantic)
info: Microsoft.Hosting.Lifetime[14]
      Now listening on: http://localhost:80
info: Microsoft.Hosting.Lifetime[0]
      Application started. Press Ctrl+C to shut down.
info: Microsoft.Hosting.Lifetime[0]
      Hosting environment: Production
info: Microsoft.Hosting.Lifetime[0]
      Content root path: C:\Users\koosh\Dev\WorldSphereMod\Tools\Unity-Bake-Project\
info: Microsoft.AspNetCore.Hosting.Diagnostics[1]
      Request starting HTTP/2 POST http://ilpp/UnityILPP.PostProcessing/Ping application/grpc -
info: Microsoft.AspNetCore.Routing.EndpointMiddleware[0]
      Executing endpoint 'gRPC - /UnityILPP.PostProcessing/Ping'
info: Microsoft.AspNetCore.Routing.EndpointMiddleware[1]
      Executed endpoint 'gRPC - /UnityILPP.PostProcessing/Ping'
info: Microsoft.AspNetCore.Hosting.Diagnostics[2]
      Request finished HTTP/2 POST http://ilpp/UnityILPP.PostProcessing/Ping application/grpc - - 200 - application/grpc 156.5053ms
Starting: C:\Program Files\Unity\Hub\Editor\2022.3.62f3\Editor\Data\bee_backend.exe --ipc --defer-dag-verification --dagfile="Library/Bee/1900b0aE.dag" --continue-on-failure --profile="Library/Bee/backend1.traceevents" ScriptAssemblies
WorkingDir: C:/Users/koosh/Dev/WorldSphereMod/Tools/Unity-Bake-Project
[Licensing::Client] Successfully resolved entitlement details
DisplayProgressbar: Compiling Scripts
ExitCode: 0 Duration: 12s
[BUSY       6s] Csc Library/Bee/artifacts/1900b0aE.dag/Assembly-CSharp-Editor.dll (+2 others)
[92/95      9s] Csc Library/Bee/artifacts/1900b0aE.dag/Assembly-CSharp-Editor.dll (+2 others)
[93/95      0s] CopyFiles Library/ScriptAssemblies/Assembly-CSharp-Editor.pdb
[94/95      0s] CopyFiles Library/ScriptAssemblies/Assembly-CSharp-Editor.dll
*** Tundra build success (9.24 seconds), 3 items updated, 95 evaluated
AssetDatabase: script compilation time: 133.215410s
Begin MonoManager ReloadAssembly
Total cache size 16246616
Total cache size after purge 16246616
- Loaded All Assemblies, in  1.272 seconds
Refreshing native plugins compatible for Editor in 0.00 ms, found 0 plugins.
Preloading 0 native plugins for Editor in 0.00 ms.
Start importing Assets/Editor/BakeShaders.cs using Guid(5402122a4ec949149885c0b7b8a21945) Importer(-1,00000000000000000000000000000000) [PhysX] Initialized MultithreadedTaskDispatcher with 16 workers.
 -> (artifact id: '7b3e61112d2cc019f885219cf9edc09f') in 0.055293 seconds
Refreshing native plugins compatible for Editor in 0.00 ms, found 0 plugins.
Native extension for WindowsStandalone target not found
Mono: successfully reloaded assembly
- Finished resetting the current domain, in  1.207 seconds
Domain Reload Profiling: 2409ms
	BeginReloadAssembly (512ms)
		ExecutionOrderSort (0ms)
		DisableScriptedObjects (13ms)
		BackupInstance (0ms)
		ReleaseScriptingObjects (0ms)
		CreateAndSetChildDomain (53ms)
	RebuildCommonClasses (150ms)
	RebuildNativeTypeToScriptingClass (59ms)
	initialDomainReloadingComplete (147ms)
	LoadAllAssembliesAndSetupDomain (333ms)
		LoadAssemblies (609ms)
		RebuildTransferFunctionScriptingTraits (0ms)
		AnalyzeDomain (17ms)
			TypeCache.Refresh (11ms)
				TypeCache.ScanAssembly (0ms)
			ScanForSourceGeneratedMonoScriptInfo (1ms)
			ResolveRequiredComponents (3ms)
	FinalizeReload (1209ms)
		ReleaseScriptCaches (0ms)
		RebuildScriptCaches (0ms)
		SetupLoadedEditorAssemblies (886ms)
			LogAssemblyErrors (0ms)
			InitializePlatformSupportModulesInManaged (25ms)
			SetLoadedEditorAssemblies (12ms)
			RefreshPlugins (0ms)
			BeforeProcessingInitializeOnLoad (126ms)
			ProcessInitializeOnLoadAttributes (617ms)
			ProcessInitializeOnLoadMethodAttributes (60ms)
			AfterProcessingInitializeOnLoad (46ms)
			EditorAssembliesLoaded (0ms)
		ExecutionOrderSort2 (0ms)
		AwakeInstancesAfterBackupRestoration (20ms)
Start importing Assets/WSM3D/Shaders/BrpBloom.shader using Guid(6a1d637528bb45c458d6e5ecbb62594b) Importer(-1,00000000000000000000000000000000) [PhysX] Initialized MultithreadedTaskDispatcher with 16 workers.
Launched and connected shader compiler UnityShaderCompiler.exe after 0.89 seconds
 -> (artifact id: '695d8d8919ddc9b96e27218cc9aaf05c') in 1.372940 seconds
Start importing Assets/WSM3D/Shaders/ScreenSpaceAO.shader using Guid(7aa5202bf3c7cc64e8746ffcf17d1944) Importer(-1,00000000000000000000000000000000) [PhysX] Initialized MultithreadedTaskDispatcher with 16 workers.
 -> (artifact id: '30da841b05feded332cfc61483f8055a') in 0.011977 seconds
Start importing Assets/WSM3D/Shaders/GerstnerWater.shader using Guid(2b026d77133e3114bbec693de8d5cc46) Importer(-1,00000000000000000000000000000000) [PhysX] Initialized MultithreadedTaskDispatcher with 16 workers.
 -> (artifact id: 'f1bbb1d40c913dd70d51ec2b9dc81aa1') in 0.012873 seconds
Start importing Assets/WSM3D/Shaders/BrpACES.shader using Guid(4c49a93e85fb5474fab5d30e5f40107a) Importer(-1,00000000000000000000000000000000) [PhysX] Initialized MultithreadedTaskDispatcher with 16 workers.
 -> (artifact id: '7830ca9d329c3e01e054675680298b44') in 0.012373 seconds
Refreshing native plugins compatible for Editor in 0.00 ms, found 0 plugins.
Preloading 0 native plugins for Editor in 0.00 ms.
Asset Pipeline Refresh (id=97e7f6f7098716a45a3a92593ba31b10): Total: 138.082 seconds - Initiated by InitialRefreshV2(ForceSynchronousImport)
	Summary:
		Imports: total=5 (actual=5, local cache=0, cache server=0)
		Asset DB Process Time: managed=12 ms, native=1791 ms
		Asset DB Callback time: managed=133 ms, native=301 ms
		Scripting: domain reloads=1, domain reload time=2582 ms, compile time=133219 ms, other=40 ms
		Project Asset Count: scripts=30, non-scripts=15
		Asset File Changes: new=0, changed=5, moved=0, deleted=0
		Scan Filter Count: 0
	InvokeBeforeRefreshCallbacks: 3.658ms
	ApplyChangesToAssetFolders: 0.027ms
	Scan: 45.093ms
	OnSourceAssetsModified: 15.987ms
	GetAllGuidsForCategorization: 0.026ms
	CategorizeAssets: 0.885ms
	ImportOutOfDateAssets: 2692.909ms (-132005.460ms without children)
		ImportManagerImport: 1477.338ms (9.188ms without children)
			ImportInProcess: 1468.043ms
			UpdateCategorizedAssets: 0.107ms
		CompileScripts: 133219.410ms
		ReloadNativeAssets: 0.001ms
		UnloadImportedAssets: 0.227ms
		ReloadImportedAssets: 0.636ms
		EnsureUptoDateAssetsAreRegisteredWithGuidPM: 0.021ms
		InitializingProgressBar: 0.034ms
		PostProcessAllAssetNotificationsAddChangedAssets: 0.001ms
		OnDemandSchedulerStart: 0.701ms
	PostProcessAllAssets: 409.216ms
	Hotreload: 6.429ms
	GatherAllCurrentPrimaryArtifactRevisions: 0.001ms
	UnloadStreamsBegin: 0.711ms
	PersistCurrentRevisions: 0.082ms
	UnloadStreamsEnd: 0.003ms
	GenerateScriptTypeHashes: 0.002ms
	Untracked: 134906.936ms
Application.AssetDatabase Initial Refresh End
Launched and connected shader compiler UnityShaderCompiler.exe after 0.53 seconds
Launched and connected shader compiler UnityShaderCompiler.exe after 0.38 seconds
Launched and connected shader compiler UnityShaderCompiler.exe after 0.84 seconds
Launched and connected shader compiler UnityShaderCompiler.exe after 0.80 seconds
warn: Microsoft.AspNetCore.Server.Kestrel[22]
      As of "05/28/2026 09:54:42 +00:00", the heartbeat has been running for "00:00:02.9913975" which is longer than "00:00:01". This could be caused by thread pool starvation.
Launched and connected shader compiler UnityShaderCompiler.exe after 0.59 seconds
Launched and connected shader compiler UnityShaderCompiler.exe after 0.47 seconds
Launched and connected shader compiler UnityShaderCompiler.exe after 0.81 seconds
Launched and connected shader compiler UnityShaderCompiler.exe after 0.36 seconds
Launched and connected shader compiler UnityShaderCompiler.exe after 0.41 seconds
Launched and connected shader compiler UnityShaderCompiler.exe after 0.51 seconds
Launched and connected shader compiler UnityShaderCompiler.exe after 0.73 seconds
Launched and connected shader compiler UnityShaderCompiler.exe after 0.53 seconds
Scanning for USB devices : 13.686ms
Initializing Unity extensions:
[Licensing::Client] Successfully resolved entitlement details
[MODES] ModeService[none].Initialize
[MODES] ModeService[none].LoadModes
[MODES] Loading mode Default (0) for mode-current-id-Unity-Bake-Project
[PhysX] Initialized MultithreadedTaskDispatcher with 16 workers.
ProgressiveSceneManager::Cancel()
Unloading 13 Unused Serialized files (Serialized files now loaded: 0)
Unloading 14 unused Assets / (485.0 KB). Loaded Objects now: 527.
Memory consumption went from 80.8 MB to 80.3 MB.
Total: 6.254100 ms (FindLiveObjects: 0.080100 ms CreateObjectMapping: 0.006700 ms MarkObjects: 5.761700 ms  DeleteObjects: 0.403500 ms)

[WSM3D-Bake] skip URP variant: OpaqueVertexColorURP.shader
UnityEngine.StackTraceUtility:ExtractStackTrace ()
UnityEngine.DebugLogHandler:LogFormat (UnityEngine.LogType,UnityEngine.Object,string,object[])
UnityEngine.Logger:Log (UnityEngine.LogType,object)
UnityEngine.Debug:Log (object)
BakeShaders:BakeAll () (at Assets/Editor/BakeShaders.cs:28)

(Filename: Assets/Editor/BakeShaders.cs Line: 28)

Start importing Assets/WSM3D/Shaders/ProceduralSky.shader using Guid(20ac1a39eaee92c44b5cc2d5bd1f1df1) Importer(-1,00000000000000000000000000000000) [PhysX] Initialized MultithreadedTaskDispatcher with 16 workers.
 -> (artifact id: '9dd4b227a00d59b024862b0f7d9cc362') in 0.022374 seconds
Start importing Assets/WSM3D/Shaders/ScreenSpaceGI.shader using Guid(f47d69eeb7d7d0b4c88ac4bd89c98855) Importer(-1,00000000000000000000000000000000) [PhysX] Initialized MultithreadedTaskDispatcher with 16 workers.
 -> (artifact id: '05593664a93e8e294ad346356409f79c') in 0.027932 seconds
Start importing Assets/WSM3D/Shaders/ColorGradingLUT.shader using Guid(a858ab0bf1bce304a9f8a16e06dfc1a6) Importer(-1,00000000000000000000000000000000) [PhysX] Initialized MultithreadedTaskDispatcher with 16 workers.
 -> (artifact id: '807f82593468fab77c0c9f5949782084') in 0.021010 seconds
Start importing Assets/WSM3D/Shaders/BrpBloom.shader using Guid(6a1d637528bb45c458d6e5ecbb62594b) Importer(-1,00000000000000000000000000000000) [PhysX] Initialized MultithreadedTaskDispatcher with 16 workers.
 -> (artifact id: '420931a2e5cf11d07d11ee4f310859eb') in 0.040260 seconds
Start importing Assets/WSM3D/Shaders/ScreenSpaceAO.shader using Guid(7aa5202bf3c7cc64e8746ffcf17d1944) Importer(-1,00000000000000000000000000000000) [PhysX] Initialized MultithreadedTaskDispatcher with 16 workers.
 -> (artifact id: 'a36839d5c754a7842bea8d4408fdb44c') in 0.022925 seconds
Start importing Assets/WSM3D/Shaders/BrpACES.shader using Guid(4c49a93e85fb5474fab5d30e5f40107a) Importer(-1,00000000000000000000000000000000) [PhysX] Initialized MultithreadedTaskDispatcher with 16 workers.
 -> (artifact id: 'd2dc5da900dde6afd002cf80c14a5439') in 0.021046 seconds
Refreshing native plugins compatible for Editor in 0.00 ms, found 0 plugins.
Preloading 0 native plugins for Editor in 0.00 ms.
Asset Pipeline Refresh (id=170a7f76aa17fac4fb555e64ddd21f16): Total: 0.903 seconds - Initiated by RefreshV2(NoUpdateAssetOptions)
	Summary:
		Imports: total=8 (actual=6, local cache=2, cache server=0)
		Asset DB Process Time: managed=2 ms, native=372 ms
		Asset DB Callback time: managed=85 ms, native=443 ms
		Scripting: domain reloads=0, domain reload time=0 ms, compile time=0 ms, other=0 ms
		Project Asset Count: scripts=30, non-scripts=15
		Asset File Changes: new=0, changed=7, moved=0, deleted=0
		Scan Filter Count: 0
	InvokeBeforeRefreshCallbacks: 0.001ms
	ApplyChangesToAssetFolders: 0.014ms
	Scan: 29.964ms
	OnSourceAssetsModified: 8.523ms
	GetAllGuidsForCategorization: 0.066ms
	CategorizeAssets: 0.301ms
	ImportOutOfDateAssets: 282.376ms (-115.217ms without children)
		ImportManagerImport: 274.620ms (115.981ms without children)
			ImportInProcess: 158.546ms
			UpdateCategorizedAssets: 0.093ms
		ReloadNativeAssets: 0.001ms
		UnloadImportedAssets: 0.637ms
		ReloadImportedAssets: 117.324ms
		EnsureUptoDateAssetsAreRegisteredWithGuidPM: 0.017ms
		InitializingProgressBar: 0.008ms
		PostProcessAllAssetNotificationsAddChangedAssets: 0.002ms
		OnDemandSchedulerStart: 4.985ms
	PostProcessAllAssets: 519.314ms
	Hotreload: 1.222ms
	GatherAllCurrentPrimaryArtifactRevisions: 0.010ms
	UnloadStreamsBegin: 0.005ms
	PersistCurrentRevisions: 0.097ms
	UnloadStreamsEnd: 0.004ms
	Untracked: 61.189ms
Launched and connected shader compiler UnityShaderCompiler.exe after 0.69 seconds
Launched and connected shader compiler UnityShaderCompiler.exe after 0.82 seconds
Start importing Assets/WSM3D/Shaders/BrpACES.shader using Guid(4c49a93e85fb5474fab5d30e5f40107a) Importer(-1,00000000000000000000000000000000) [PhysX] Initialized MultithreadedTaskDispatcher with 16 workers.
Launched and connected shader compiler UnityShaderCompiler.exe after 0.70 seconds
 -> (artifact id: 'd2dc5da900dde6afd002cf80c14a5439') in 0.790997 seconds
Refreshing native plugins compatible for Editor in 0.00 ms, found 0 plugins.
Preloading 0 native plugins for Editor in 0.00 ms.
Asset Pipeline Refresh (id=f23748671edaabd4da08fbafc6d3f0ef): Total: 2.637 seconds - Initiated by StopAssetImportingV2(NoUpdateAssetOptions)
	Summary:
		Imports: total=1 (actual=1, local cache=0, cache server=0)
		Asset DB Process Time: managed=0 ms, native=2591 ms
		Asset DB Callback time: managed=1 ms, native=44 ms
		Scripting: domain reloads=0, domain reload time=0 ms, compile time=0 ms, other=0 ms
		Project Asset Count: scripts=30, non-scripts=15
		Asset File Changes: new=0, changed=0, moved=0, deleted=0
		Scan Filter Count: 4
	InvokeBeforeRefreshCallbacks: 0.001ms
	ApplyChangesToAssetFolders: 0.017ms
	Scan: 20.523ms
	OnSourceAssetsModified: 0.002ms
	GetAllGuidsForCategorization: 0.017ms
	CategorizeAssets: 0.072ms
	ImportOutOfDateAssets: 2527.943ms (6.011ms without children)
		ImportManagerImport: 793.242ms (1.697ms without children)
			ImportInProcess: 791.512ms
			UpdateCategorizedAssets: 0.033ms
		ReloadNativeAssets: 0.001ms
		UnloadImportedAssets: 1726.712ms
		ReloadImportedAssets: 1.498ms
		EnsureUptoDateAssetsAreRegisteredWithGuidPM: 0.011ms
		InitializingProgressBar: 0.015ms
		PostProcessAllAssetNotificationsAddChangedAssets: 0.002ms
		OnDemandSchedulerStart: 0.452ms
	PostProcessAllAssets: 44.441ms
	Hotreload: 1.168ms
	GatherAllCurrentPrimaryArtifactRevisions: 0.011ms
	UnloadStreamsBegin: 0.071ms
	PersistCurrentRevisions: 0.003ms
	UnloadStreamsEnd: 0.002ms
	Untracked: 42.673ms
[WSM3D-Bake] tagged wsm3d-shaders: Assets/WSM3D/Shaders/BrpACES.shader
UnityEngine.StackTraceUtility:ExtractStackTrace ()
UnityEngine.DebugLogHandler:LogFormat (UnityEngine.LogType,UnityEngine.Object,string,object[])
UnityEngine.Logger:Log (UnityEngine.LogType,object)
UnityEngine.Debug:Log (object)
BakeShaders:BakeAll () (at Assets/Editor/BakeShaders.cs:61)

(Filename: Assets/Editor/BakeShaders.cs Line: 61)

Start importing Assets/WSM3D/Shaders/BrpBloom.shader using Guid(6a1d637528bb45c458d6e5ecbb62594b) Importer(-1,00000000000000000000000000000000) [PhysX] Initialized MultithreadedTaskDispatcher with 16 workers.
 -> (artifact id: '420931a2e5cf11d07d11ee4f310859eb') in 0.026960 seconds
Refreshing native plugins compatible for Editor in 0.00 ms, found 0 plugins.
Preloading 0 native plugins for Editor in 0.00 ms.
Asset Pipeline Refresh (id=7da8b0223aa2595419e092835747e519): Total: 0.118 seconds - Initiated by StopAssetImportingV2(NoUpdateAssetOptions)
[WSM3D-Bake] tagged wsm3d-shaders: Assets/WSM3D/Shaders/BrpBloom.shader
UnityEngine.StackTraceUtility:ExtractStackTrace ()
UnityEngine.DebugLogHandler:LogFormat (UnityEngine.LogType,UnityEngine.Object,string,object[])
UnityEngine.Logger:Log (UnityEngine.LogType,object)
UnityEngine.Debug:Log (object)
BakeShaders:BakeAll () (at Assets/Editor/BakeShaders.cs:61)

(Filename: Assets/Editor/BakeShaders.cs Line: 61)

Start importing Assets/WSM3D/Shaders/ColorGradingLUT.shader using Guid(a858ab0bf1bce304a9f8a16e06dfc1a6) Importer(-1,00000000000000000000000000000000) [PhysX] Initialized MultithreadedTaskDispatcher with 16 workers.
 -> (artifact id: '807f82593468fab77c0c9f5949782084') in 0.020392 seconds
Refreshing native plugins compatible for Editor in 0.00 ms, found 0 plugins.
Preloading 0 native plugins for Editor in 0.00 ms.
Asset Pipeline Refresh (id=68860248f33a3894d8ce7ce521dbe3e0): Total: 0.162 seconds - Initiated by StopAssetImportingV2(NoUpdateAssetOptions)
[WSM3D-Bake] tagged wsm3d-shaders: Assets/WSM3D/Shaders/ColorGradingLUT.shader
UnityEngine.StackTraceUtility:ExtractStackTrace ()
UnityEngine.DebugLogHandler:LogFormat (UnityEngine.LogType,UnityEngine.Object,string,object[])
UnityEngine.Logger:Log (UnityEngine.LogType,object)
UnityEngine.Debug:Log (object)
BakeShaders:BakeAll () (at Assets/Editor/BakeShaders.cs:61)

(Filename: Assets/Editor/BakeShaders.cs Line: 61)

Start importing Assets/WSM3D/Shaders/GerstnerWater.shader using Guid(2b026d77133e3114bbec693de8d5cc46) Importer(-1,00000000000000000000000000000000) [PhysX] Initialized MultithreadedTaskDispatcher with 16 workers.
 -> (artifact id: '1079d17ed46cdf0d56f07bc7551b8cf7') in 0.023044 seconds
Refreshing native plugins compatible for Editor in 0.00 ms, found 0 plugins.
Preloading 0 native plugins for Editor in 0.00 ms.
Asset Pipeline Refresh (id=6dbb850c550789c45826ca9368cd953f): Total: 3.442 seconds - Initiated by StopAssetImportingV2(NoUpdateAssetOptions)
	Summary:
		Imports: total=1 (actual=1, local cache=0, cache server=0)
		Asset DB Process Time: managed=0 ms, native=93 ms
		Asset DB Callback time: managed=1 ms, native=3346 ms
		Scripting: domain reloads=0, domain reload time=0 ms, compile time=0 ms, other=0 ms
		Project Asset Count: scripts=30, non-scripts=15
		Asset File Changes: new=0, changed=0, moved=0, deleted=0
		Scan Filter Count: 4
	InvokeBeforeRefreshCallbacks: 0.001ms
	ApplyChangesToAssetFolders: 0.016ms
	Scan: 46.321ms
	OnSourceAssetsModified: 0.001ms
	GetAllGuidsForCategorization: 0.018ms
	CategorizeAssets: 0.085ms
	ImportOutOfDateAssets: 40.003ms (5.502ms without children)
		ImportManagerImport: 25.608ms (2.062ms without children)
			ImportInProcess: 23.513ms
			UpdateCategorizedAssets: 0.032ms
		ReloadNativeAssets: 0.001ms
		UnloadImportedAssets: 0.239ms
		ReloadImportedAssets: 1.880ms
		EnsureUptoDateAssetsAreRegisteredWithGuidPM: 0.025ms
		InitializingProgressBar: 0.014ms
		PostProcessAllAssetNotificationsAddChangedAssets: 0.001ms
		OnDemandSchedulerStart: 6.733ms
	PostProcessAllAssets: 3346.978ms
	Hotreload: 1.281ms
	GatherAllCurrentPrimaryArtifactRevisions: 0.011ms
	UnloadStreamsBegin: 0.058ms
	PersistCurrentRevisions: 0.003ms
	UnloadStreamsEnd: 0.004ms
	Untracked: 7.234ms
[WSM3D-Bake] tagged wsm3d-shaders: Assets/WSM3D/Shaders/GerstnerWater.shader
UnityEngine.StackTraceUtility:ExtractStackTrace ()
UnityEngine.DebugLogHandler:LogFormat (UnityEngine.LogType,UnityEngine.Object,string,object[])
UnityEngine.Logger:Log (UnityEngine.LogType,object)
UnityEngine.Debug:Log (object)
BakeShaders:BakeAll () (at Assets/Editor/BakeShaders.cs:61)

(Filename: Assets/Editor/BakeShaders.cs Line: 61)

Start importing Assets/WSM3D/Shaders/Impostor.shader using Guid(e2dc4eb810266fa498500c68fe27b76c) Importer(-1,00000000000000000000000000000000) [PhysX] Initialized MultithreadedTaskDispatcher with 16 workers.
 -> (artifact id: '22e7a727da490096aaf9e2b96e12d66d') in 0.023758 seconds
Refreshing native plugins compatible for Editor in 0.00 ms, found 0 plugins.
Preloading 0 native plugins for Editor in 0.00 ms.
Asset Pipeline Refresh (id=dd8366c293049f64ca23f368d26875db): Total: 0.141 seconds - Initiated by StopAssetImportingV2(NoUpdateAssetOptions)
[WSM3D-Bake] tagged wsm3d-shaders: Assets/WSM3D/Shaders/Impostor.shader
UnityEngine.StackTraceUtility:ExtractStackTrace ()
UnityEngine.DebugLogHandler:LogFormat (UnityEngine.LogType,UnityEngine.Object,string,object[])
UnityEngine.Logger:Log (UnityEngine.LogType,object)
UnityEngine.Debug:Log (object)
BakeShaders:BakeAll () (at Assets/Editor/BakeShaders.cs:61)

(Filename: Assets/Editor/BakeShaders.cs Line: 61)

File Library/ScriptMapper couldn't be written. Because moving C:/Users/koosh/Dev/WorldSphereMod/Tools/Unity-Bake-Project/Temp/UnityTempFile-58ceead0bcd2c6c46a2abfc3b9610d87 to C:/Users/koosh/Dev/WorldSphereMod/Tools/Unity-Bake-Project/Library/ScriptMapper failed.
UnityEngine.StackTraceUtility:ExtractStackTrace ()
UnityEditor.AssetDatabase:ImportAsset (string)
UnityEditor.AssetImporter:SaveAndReimport ()
BakeShaders:BakeAll () (at Assets/Editor/BakeShaders.cs:60)

[Assets/Editor/BakeShaders.cs line 60]

Failed to write file 'Library/ScriptMapper' with error 3
UnityEngine.StackTraceUtility:ExtractStackTrace ()
UnityEditor.AssetDatabase:ImportAsset (string)
UnityEditor.AssetImporter:SaveAndReimport ()
BakeShaders:BakeAll () (at Assets/Editor/BakeShaders.cs:60)

[Assets/Editor/BakeShaders.cs line 60]

Start importing Assets/WSM3D/Shaders/OpaqueVertexColor.shader using Guid(f689cff8059f78048a2d9a94c0d21940) Importer(-1,00000000000000000000000000000000) [PhysX] Initialized MultithreadedTaskDispatcher with 16 workers.
 -> (artifact id: '0d09be3996dbfe1338cde1a47ab85985') in 0.090971 seconds
Refreshing native plugins compatible for Editor in 0.00 ms, found 0 plugins.
Preloading 0 native plugins for Editor in 0.00 ms.
Asset Pipeline Refresh (id=51bdf152bb65d374e9cc6cb10eaa1bff): Total: 6.589 seconds - Initiated by StopAssetImportingV2(NoUpdateAssetOptions)
	Summary:
		Imports: total=1 (actual=1, local cache=0, cache server=0)
		Asset DB Process Time: managed=0 ms, native=6536 ms
		Asset DB Callback time: managed=1 ms, native=50 ms
		Scripting: domain reloads=0, domain reload time=0 ms, compile time=0 ms, other=0 ms
		Project Asset Count: scripts=30, non-scripts=15
		Asset File Changes: new=0, changed=0, moved=0, deleted=0
		Scan Filter Count: 4
	InvokeBeforeRefreshCallbacks: 0.001ms
	ApplyChangesToAssetFolders: 0.015ms
	Scan: 51.902ms
	OnSourceAssetsModified: 0.002ms
	GetAllGuidsForCategorization: 0.015ms
	CategorizeAssets: 0.074ms
	ImportOutOfDateAssets: 122.031ms (22.684ms without children)
		ImportManagerImport: 93.874ms (2.346ms without children)
			ImportInProcess: 91.493ms
			UpdateCategorizedAssets: 0.035ms
		ReloadNativeAssets: 0.001ms
		UnloadImportedAssets: 0.263ms
		ReloadImportedAssets: 2.166ms
		EnsureUptoDateAssetsAreRegisteredWithGuidPM: 0.013ms
		InitializingProgressBar: 0.013ms
		PostProcessAllAssetNotificationsAddChangedAssets: 0.001ms
		OnDemandSchedulerStart: 3.015ms
	PostProcessAllAssets: 50.346ms
	Hotreload: 1.730ms
	GatherAllCurrentPrimaryArtifactRevisions: 0.009ms
	UnloadStreamsBegin: 0.053ms
	PersistCurrentRevisions: 0.004ms
	UnloadStreamsEnd: 0.003ms
	Untracked: 6362.387ms
[WSM3D-Bake] tagged wsm3d-shaders: Assets/WSM3D/Shaders/OpaqueVertexColor.shader
UnityEngine.StackTraceUtility:ExtractStackTrace ()
UnityEngine.DebugLogHandler:LogFormat (UnityEngine.LogType,UnityEngine.Object,string,object[])
UnityEngine.Logger:Log (UnityEngine.LogType,object)
UnityEngine.Debug:Log (object)
BakeShaders:BakeAll () (at Assets/Editor/BakeShaders.cs:61)

(Filename: Assets/Editor/BakeShaders.cs Line: 61)

Start importing Assets/WSM3D/Shaders/ProceduralSky.shader using Guid(20ac1a39eaee92c44b5cc2d5bd1f1df1) Importer(-1,00000000000000000000000000000000) [PhysX] Initialized MultithreadedTaskDispatcher with 16 workers.
 -> (artifact id: '9dd4b227a00d59b024862b0f7d9cc362') in 0.021569 seconds
Refreshing native plugins compatible for Editor in 0.00 ms, found 0 plugins.
Preloading 0 native plugins for Editor in 0.00 ms.
Asset Pipeline Refresh (id=2586cf0a5f188c8419e29e290d4738ff): Total: 1.893 seconds - Initiated by StopAssetImportingV2(NoUpdateAssetOptions)
	Summary:
		Imports: total=1 (actual=1, local cache=0, cache server=0)
		Asset DB Process Time: managed=0 ms, native=1828 ms
		Asset DB Callback time: managed=1 ms, native=62 ms
		Scripting: domain reloads=0, domain reload time=0 ms, compile time=0 ms, other=0 ms
		Project Asset Count: scripts=30, non-scripts=15
		Asset File Changes: new=0, changed=0, moved=0, deleted=0
		Scan Filter Count: 4
	InvokeBeforeRefreshCallbacks: 0.001ms
	ApplyChangesToAssetFolders: 0.016ms
	Scan: 74.577ms
	OnSourceAssetsModified: 0.002ms
	GetAllGuidsForCategorization: 0.016ms
	CategorizeAssets: 0.075ms
	ImportOutOfDateAssets: 36.266ms (3.896ms without children)
		ImportManagerImport: 23.734ms (1.620ms without children)
			ImportInProcess: 22.084ms
			UpdateCategorizedAssets: 0.030ms
		ReloadNativeAssets: 0.001ms
		UnloadImportedAssets: 0.140ms
		ReloadImportedAssets: 1.446ms
		EnsureUptoDateAssetsAreRegisteredWithGuidPM: 0.012ms
		InitializingProgressBar: 0.015ms
		PostProcessAllAssetNotificationsAddChangedAssets: 0.002ms
		OnDemandSchedulerStart: 7.022ms
	PostProcessAllAssets: 62.847ms
	Hotreload: 1.202ms
	GatherAllCurrentPrimaryArtifactRevisions: 0.009ms
	UnloadStreamsBegin: 0.054ms
	PersistCurrentRevisions: 0.004ms
	UnloadStreamsEnd: 0.005ms
	Untracked: 1717.635ms
[WSM3D-Bake] tagged wsm3d-shaders: Assets/WSM3D/Shaders/ProceduralSky.shader
UnityEngine.StackTraceUtility:ExtractStackTrace ()
UnityEngine.DebugLogHandler:LogFormat (UnityEngine.LogType,UnityEngine.Object,string,object[])
UnityEngine.Logger:Log (UnityEngine.LogType,object)
UnityEngine.Debug:Log (object)
BakeShaders:BakeAll () (at Assets/Editor/BakeShaders.cs:61)

(Filename: Assets/Editor/BakeShaders.cs Line: 61)

Start importing Assets/WSM3D/Shaders/ScreenSpaceAO.shader using Guid(7aa5202bf3c7cc64e8746ffcf17d1944) Importer(-1,00000000000000000000000000000000) [PhysX] Initialized MultithreadedTaskDispatcher with 16 workers.
 -> (artifact id: 'a36839d5c754a7842bea8d4408fdb44c') in 0.022008 seconds
Refreshing native plugins compatible for Editor in 0.00 ms, found 0 plugins.
Preloading 0 native plugins for Editor in 0.00 ms.
Asset Pipeline Refresh (id=72c779d8026563c498bbe98e66905c5c): Total: 0.203 seconds - Initiated by StopAssetImportingV2(NoUpdateAssetOptions)
[WSM3D-Bake] tagged wsm3d-shaders: Assets/WSM3D/Shaders/ScreenSpaceAO.shader
UnityEngine.StackTraceUtility:ExtractStackTrace ()
UnityEngine.DebugLogHandler:LogFormat (UnityEngine.LogType,UnityEngine.Object,string,object[])
UnityEngine.Logger:Log (UnityEngine.LogType,object)
UnityEngine.Debug:Log (object)
BakeShaders:BakeAll () (at Assets/Editor/BakeShaders.cs:61)

(Filename: Assets/Editor/BakeShaders.cs Line: 61)

Start importing Assets/WSM3D/Shaders/ScreenSpaceGI.shader using Guid(f47d69eeb7d7d0b4c88ac4bd89c98855) Importer(-1,00000000000000000000000000000000) [PhysX] Initialized MultithreadedTaskDispatcher with 16 workers.
 -> (artifact id: '05593664a93e8e294ad346356409f79c') in 0.021986 seconds
Refreshing native plugins compatible for Editor in 0.00 ms, found 0 plugins.
Preloading 0 native plugins for Editor in 0.00 ms.
Asset Pipeline Refresh (id=1ed5204f5485f3d42afc3cc9e4325b3c): Total: 0.157 seconds - Initiated by StopAssetImportingV2(NoUpdateAssetOptions)
[WSM3D-Bake] tagged wsm3d-shaders: Assets/WSM3D/Shaders/ScreenSpaceGI.shader
UnityEngine.StackTraceUtility:ExtractStackTrace ()
UnityEngine.DebugLogHandler:LogFormat (UnityEngine.LogType,UnityEngine.Object,string,object[])
UnityEngine.Logger:Log (UnityEngine.LogType,object)
UnityEngine.Debug:Log (object)
BakeShaders:BakeAll () (at Assets/Editor/BakeShaders.cs:61)

(Filename: Assets/Editor/BakeShaders.cs Line: 61)

Start importing Assets/WSM3D/Shaders/StratumVoxelPBR.shader using Guid(afcbe9fb9fc911642b7c98e57283f995) Importer(-1,00000000000000000000000000000000) [PhysX] Initialized MultithreadedTaskDispatcher with 16 workers.
 -> (artifact id: 'f26f2518df8ebdbc6be21e5c2b28fb88') in 0.086817 seconds
Refreshing native plugins compatible for Editor in 0.00 ms, found 0 plugins.
Preloading 0 native plugins for Editor in 0.00 ms.
Asset Pipeline Refresh (id=13062f9f0db54044caf1f4f9a12de013): Total: 0.262 seconds - Initiated by StopAssetImportingV2(NoUpdateAssetOptions)
[WSM3D-Bake] tagged wsm3d-shaders: Assets/WSM3D/Shaders/StratumVoxelPBR.shader
UnityEngine.StackTraceUtility:ExtractStackTrace ()
UnityEngine.DebugLogHandler:LogFormat (UnityEngine.LogType,UnityEngine.Object,string,object[])
UnityEngine.Logger:Log (UnityEngine.LogType,object)
UnityEngine.Debug:Log (object)
BakeShaders:BakeAll () (at Assets/Editor/BakeShaders.cs:61)

(Filename: Assets/Editor/BakeShaders.cs Line: 61)

Asset Pipeline Refresh (id=55b0d78328838c84ab5c74a931c9231f): Total: 0.005 seconds - Initiated by RefreshV2(NoUpdateAssetOptions)
[WSM3D-Bake] PinShaders: all shaders already present in alwaysIncludedShaders.
UnityEngine.StackTraceUtility:ExtractStackTrace ()
UnityEngine.DebugLogHandler:LogFormat (UnityEngine.LogType,UnityEngine.Object,string,object[])
UnityEngine.Logger:Log (UnityEngine.LogType,object)
UnityEngine.Debug:Log (object)
BakeShaders:PinShadersInGraphicsSettings (string) (at Assets/Editor/BakeShaders.cs:272)
BakeShaders:BakeAll () (at Assets/Editor/BakeShaders.cs:73)

(Filename: Assets/Editor/BakeShaders.cs Line: 272)

[WSM3D-Bake] SVC +variant: Hidden/WSM3D/BrpACES
UnityEngine.StackTraceUtility:ExtractStackTrace ()
UnityEngine.DebugLogHandler:LogFormat (UnityEngine.LogType,UnityEngine.Object,string,object[])
UnityEngine.Logger:Log (UnityEngine.LogType,object)
UnityEngine.Debug:Log (object)
BakeShaders:EnsureShaderVariantCollection (string) (at Assets/Editor/BakeShaders.cs:188)
BakeShaders:BakeAll () (at Assets/Editor/BakeShaders.cs:79)

(Filename: Assets/Editor/BakeShaders.cs Line: 188)

[WSM3D-Bake] SVC +variant: Hidden/WSM3D/BrpBloom
UnityEngine.StackTraceUtility:ExtractStackTrace ()
UnityEngine.DebugLogHandler:LogFormat (UnityEngine.LogType,UnityEngine.Object,string,object[])
UnityEngine.Logger:Log (UnityEngine.LogType,object)
UnityEngine.Debug:Log (object)
BakeShaders:EnsureShaderVariantCollection (string) (at Assets/Editor/BakeShaders.cs:188)
BakeShaders:BakeAll () (at Assets/Editor/BakeShaders.cs:79)

(Filename: Assets/Editor/BakeShaders.cs Line: 188)

[WSM3D-Bake] SVC +variant: WSM3D/ColorGradingLUT
UnityEngine.StackTraceUtility:ExtractStackTrace ()
UnityEngine.DebugLogHandler:LogFormat (UnityEngine.LogType,UnityEngine.Object,string,object[])
UnityEngine.Logger:Log (UnityEngine.LogType,object)
UnityEngine.Debug:Log (object)
BakeShaders:EnsureShaderVariantCollection (string) (at Assets/Editor/BakeShaders.cs:188)
BakeShaders:BakeAll () (at Assets/Editor/BakeShaders.cs:79)

(Filename: Assets/Editor/BakeShaders.cs Line: 188)

[WSM3D-Bake] SVC +variant: WSM3D/GerstnerWater
UnityEngine.StackTraceUtility:ExtractStackTrace ()
UnityEngine.DebugLogHandler:LogFormat (UnityEngine.LogType,UnityEngine.Object,string,object[])
UnityEngine.Logger:Log (UnityEngine.LogType,object)
UnityEngine.Debug:Log (object)
BakeShaders:EnsureShaderVariantCollection (string) (at Assets/Editor/BakeShaders.cs:188)
BakeShaders:BakeAll () (at Assets/Editor/BakeShaders.cs:79)

(Filename: Assets/Editor/BakeShaders.cs Line: 188)

[WSM3D-Bake] SVC +variant: WSM3D/Impostor
UnityEngine.StackTraceUtility:ExtractStackTrace ()
UnityEngine.DebugLogHandler:LogFormat (UnityEngine.LogType,UnityEngine.Object,string,object[])
UnityEngine.Logger:Log (UnityEngine.LogType,object)
UnityEngine.Debug:Log (object)
BakeShaders:EnsureShaderVariantCollection (string) (at Assets/Editor/BakeShaders.cs:188)
BakeShaders:BakeAll () (at Assets/Editor/BakeShaders.cs:79)

(Filename: Assets/Editor/BakeShaders.cs Line: 188)

[WSM3D-Bake] SVC +variant: WSM3D/OpaqueVertexColor
UnityEngine.StackTraceUtility:ExtractStackTrace ()
UnityEngine.DebugLogHandler:LogFormat (UnityEngine.LogType,UnityEngine.Object,string,object[])
UnityEngine.Logger:Log (UnityEngine.LogType,object)
UnityEngine.Debug:Log (object)
BakeShaders:EnsureShaderVariantCollection (string) (at Assets/Editor/BakeShaders.cs:188)
BakeShaders:BakeAll () (at Assets/Editor/BakeShaders.cs:79)

(Filename: Assets/Editor/BakeShaders.cs Line: 188)

[WSM3D-Bake] SVC +variant: WSM3D/ProceduralSky
UnityEngine.StackTraceUtility:ExtractStackTrace ()
UnityEngine.DebugLogHandler:LogFormat (UnityEngine.LogType,UnityEngine.Object,string,object[])
UnityEngine.Logger:Log (UnityEngine.LogType,object)
UnityEngine.Debug:Log (object)
BakeShaders:EnsureShaderVariantCollection (string) (at Assets/Editor/BakeShaders.cs:188)
BakeShaders:BakeAll () (at Assets/Editor/BakeShaders.cs:79)

(Filename: Assets/Editor/BakeShaders.cs Line: 188)

[WSM3D-Bake] SVC +variant: WSM3D/ScreenSpaceAO
UnityEngine.StackTraceUtility:ExtractStackTrace ()
UnityEngine.DebugLogHandler:LogFormat (UnityEngine.LogType,UnityEngine.Object,string,object[])
UnityEngine.Logger:Log (UnityEngine.LogType,object)
UnityEngine.Debug:Log (object)
BakeShaders:EnsureShaderVariantCollection (string) (at Assets/Editor/BakeShaders.cs:188)
BakeShaders:BakeAll () (at Assets/Editor/BakeShaders.cs:79)

(Filename: Assets/Editor/BakeShaders.cs Line: 188)

[WSM3D-Bake] SVC +variant: Hidden/ScreenSpaceGI
UnityEngine.StackTraceUtility:ExtractStackTrace ()
UnityEngine.DebugLogHandler:LogFormat (UnityEngine.LogType,UnityEngine.Object,string,object[])
UnityEngine.Logger:Log (UnityEngine.LogType,object)
UnityEngine.Debug:Log (object)
BakeShaders:EnsureShaderVariantCollection (string) (at Assets/Editor/BakeShaders.cs:188)
BakeShaders:BakeAll () (at Assets/Editor/BakeShaders.cs:79)

(Filename: Assets/Editor/BakeShaders.cs Line: 188)

[WSM3D-Bake] SVC +variant: WSM3D/StratumVoxelPBR
UnityEngine.StackTraceUtility:ExtractStackTrace ()
UnityEngine.DebugLogHandler:LogFormat (UnityEngine.LogType,UnityEngine.Object,string,object[])
UnityEngine.Logger:Log (UnityEngine.LogType,object)
UnityEngine.Debug:Log (object)
BakeShaders:EnsureShaderVariantCollection (string) (at Assets/Editor/BakeShaders.cs:188)
BakeShaders:BakeAll () (at Assets/Editor/BakeShaders.cs:79)

(Filename: Assets/Editor/BakeShaders.cs Line: 188)

Start importing Assets/WSM3D/wsm3d-shader-variants.shadervariants using Guid(b3f2a1c4d5e6f7a8b9c0d1e2f3a4b5c6) Importer(-1,00000000000000000000000000000000) [PhysX] Initialized MultithreadedTaskDispatcher with 16 workers.
 -> (artifact id: '66a810e57631664d99447dd886525ec5') in 0.037833 seconds
Refreshing native plugins compatible for Editor in 0.00 ms, found 0 plugins.
Preloading 0 native plugins for Editor in 0.00 ms.
Asset Pipeline Refresh (id=2dc8e6e5aac5c5b49aeb8cd757e18dc3): Total: 0.065 seconds - Initiated by StopAssetImportingV2(NoUpdateAssetOptions)
Asset Pipeline Refresh (id=151030f2508befa4993920e5822d9905): Total: 0.013 seconds - Initiated by RefreshV2(NoUpdateAssetOptions)
Start importing Assets/WSM3D/wsm3d-shader-variants.shadervariants using Guid(b3f2a1c4d5e6f7a8b9c0d1e2f3a4b5c6) Importer(-1,00000000000000000000000000000000) [PhysX] Initialized MultithreadedTaskDispatcher with 16 workers.
 -> (artifact id: '66a810e57631664d99447dd886525ec5') in 0.006396 seconds
Refreshing native plugins compatible for Editor in 0.00 ms, found 0 plugins.
Preloading 0 native plugins for Editor in 0.00 ms.
Asset Pipeline Refresh (id=5c8df63151773204dbdf8ce410092af9): Total: 0.041 seconds - Initiated by StopAssetImportingV2(NoUpdateAssetOptions)
[WSM3D-Bake] ShaderVariantCollection ready — 10 shaders pinned.
UnityEngine.StackTraceUtility:ExtractStackTrace ()
UnityEngine.DebugLogHandler:LogFormat (UnityEngine.LogType,UnityEngine.Object,string,object[])
UnityEngine.Logger:Log (UnityEngine.LogType,object)
UnityEngine.Debug:Log (object)
BakeShaders:EnsureShaderVariantCollection (string) (at Assets/Editor/BakeShaders.cs:213)
BakeShaders:BakeAll () (at Assets/Editor/BakeShaders.cs:79)

(Filename: Assets/Editor/BakeShaders.cs Line: 213)

[Licensing::Client] Successfully resolved entitlement details
Asset Pipeline Refresh (id=f23b4e7147aee5b4e8265c388b1b3b3c): Total: 0.028 seconds - Initiated by RefreshV2(NoUpdateAssetOptions)
info: Microsoft.AspNetCore.Hosting.Diagnostics[1]
      Request starting HTTP/2 POST http://ilpp/UnityILPP.PostProcessing/Ping application/grpc -
info: Microsoft.AspNetCore.Routing.EndpointMiddleware[0]
      Executing endpoint 'gRPC - /UnityILPP.PostProcessing/Ping'
info: Microsoft.AspNetCore.Routing.EndpointMiddleware[1]
      Executed endpoint 'gRPC - /UnityILPP.PostProcessing/Ping'
info: Microsoft.AspNetCore.Hosting.Diagnostics[2]
      Request finished HTTP/2 POST http://ilpp/UnityILPP.PostProcessing/Ping application/grpc - - 200 - application/grpc 3.8648ms
Starting: C:\Program Files\Unity\Hub\Editor\2022.3.62f3\Editor\Data\bee_backend.exe --ipc --defer-dag-verification --dagfile="Library/Bee/1900b0aESkipCompile.dag" --continue-on-failure --profile="Library/Bee/backend1.traceevents" ScriptAssembliesAndTypeDB
WorkingDir: C:/Users/koosh/Dev/WorldSphereMod/Tools/Unity-Bake-Project
ExitCode: 0 Duration: 1s123ms
*** Tundra build success (0.14 seconds), 0 items updated, 2 evaluated
Asset Pipeline Refresh (id=a68598a97e94f7f4394a61671bde5105): Total: 0.005 seconds - Initiated by RefreshV2(NoUpdateAssetOptions)
[ScriptCompilation] Requested script compilation because: Recompiling scripts for player build.
BuildPlayer: start building target 19
Total cache size 16246616
Total cache size after purge 16246616
info: Microsoft.AspNetCore.Hosting.Diagnostics[1]
      Request starting HTTP/2 POST http://ilpp/UnityILPP.PostProcessing/Ping application/grpc -
info: Microsoft.AspNetCore.Routing.EndpointMiddleware[0]
      Executing endpoint 'gRPC - /UnityILPP.PostProcessing/Ping'
info: Microsoft.AspNetCore.Routing.EndpointMiddleware[1]
      Executed endpoint 'gRPC - /UnityILPP.PostProcessing/Ping'
info: Microsoft.AspNetCore.Hosting.Diagnostics[2]
      Request finished HTTP/2 POST http://ilpp/UnityILPP.PostProcessing/Ping application/grpc - - 200 - application/grpc 4.5866ms
Starting: C:\Program Files\Unity\Hub\Editor\2022.3.62f3\Editor\Data\bee_backend.exe --ipc --defer-dag-verification --dagfile="Library/Bee/1900b0aP.dag" --continue-on-failure --profile="Library/Bee/backend1.traceevents" ScriptAssembliesAndTypeDB
WorkingDir: C:/Users/koosh/Dev/WorldSphereMod/Tools/Unity-Bake-Project
ExitCode: 0 Duration: 0s834ms
*** Tundra build success (0.17 seconds), 0 items updated, 2 evaluated
Compiling shader "WSM3D/GerstnerWater" pass "GerstnerWaterPass" (vp)
    Full variant space:         1
    After settings filtering:   1
    After built-in stripping:   1
    After scriptable stripping: 1
    Processed in 0.01 seconds
    starting compilation...
    finished in 0.00 seconds. Local cache hits 1 (0.00s CPU time), remote cache hits 0 (0.00s CPU time), compiled 0 variants (0.00s CPU time), skipped 0 variants
    Prepared data for serialisation in 0.00s
Compiling shader "WSM3D/GerstnerWater" pass "GerstnerWaterPass" (fp)
    Full variant space:         1
    After settings filtering:   1
    After built-in stripping:   1
    After scriptable stripping: 1
    Processed in 0.00 seconds
    starting compilation...
    finished in 0.00 seconds. Local cache hits 1 (0.00s CPU time), remote cache hits 0 (0.00s CPU time), compiled 0 variants (0.00s CPU time), skipped 0 variants
    Prepared data for serialisation in 0.00s
Serialized binary data for shader WSM3D/GerstnerWater in 0.00s
    d3d11 (total internal programs: 2, unique: 2)
Compiling shader "Hidden/ScreenSpaceGI" pass "SSGI" (vp)
    Full variant space:         1
    After settings filtering:   1
    After built-in stripping:   1
    After scriptable stripping: 1
    Processed in 0.00 seconds
    starting compilation...
    finished in 0.00 seconds. Local cache hits 1 (0.00s CPU time), remote cache hits 0 (0.00s CPU time), compiled 0 variants (0.00s CPU time), skipped 0 variants
    Prepared data for serialisation in 0.00s
Compiling shader "Hidden/ScreenSpaceGI" pass "SSGI" (fp)
    Full variant space:         1
    After settings filtering:   1
    After built-in stripping:   1
    After scriptable stripping: 1
    Processed in 0.00 seconds
    starting compilation...
    finished in 0.01 seconds. Local cache hits 1 (0.01s CPU time), remote cache hits 0 (0.00s CPU time), compiled 0 variants (0.00s CPU time), skipped 0 variants
    Prepared data for serialisation in 0.00s
Serialized binary data for shader Hidden/ScreenSpaceGI in 0.00s
    d3d11 (total internal programs: 2, unique: 2)
Shader warning in 'Hidden/ScreenSpaceGI': gradient instruction used in a loop with varying iteration; partial derivatives may have undefined value at Assets/WSM3D/Shaders/ScreenSpaceGI.shader(99) (on d3d11)

Compiling Subshader: 0, Pass: SSGI, Fragment program with <no keywords>
Platform defines: SHADER_API_DESKTOP UNITY_COLORSPACE_GAMMA UNITY_ENABLE_DETAIL_NORMALMAP UNITY_ENABLE_REFLECTION_BUFFERS UNITY_LIGHTMAP_FULL_HDR UNITY_LIGHT_PROBE_PROXY_VOLUME UNITY_PBS_USE_BRDF1 UNITY_SPECCUBE_BLENDING UNITY_SPECCUBE_BOX_PROJECTION UNITY_USE_DITHER_MASK_FOR_ALPHABLENDED_SHADOWS
Disabled keywords: SHADER_API_GLES30 UNITY_ASTC_NORMALMAP_ENCODING UNITY_FRAMEBUFFER_FETCH_AVAILABLE UNITY_HALF_PRECISION_FRAGMENT_SHADER_REGISTERS UNITY_HARDWARE_TIER1 UNITY_HARDWARE_TIER2 UNITY_HARDWARE_TIER3 UNITY_LIGHTMAP_DLDR_ENCODING UNITY_LIGHTMAP_RGBM_ENCODING UNITY_METAL_SHADOWS_USE_POINT_FILTERING UNITY_NO_DXT5nm UNITY_NO_FULL_STANDARD_SHADER UNITY_NO_SCREENSPACE_SHADOWS UNITY_PBS_USE_BRDF2 UNITY_PBS_USE_BRDF3 UNITY_PRETRANSFORM_TO_DISPLAY_ORIENTATION UNITY_UNIFIED_SHADER_PRECISION_MODEL UNITY_VIRTUAL_TEXTURING
Shader warning in 'Hidden/ScreenSpaceGI': gradient instruction used in a loop with varying iteration; partial derivatives may have undefined value at Assets/WSM3D/Shaders/ScreenSpaceGI.shader(102) (on d3d11)

Compiling Subshader: 0, Pass: SSGI, Fragment program with <no keywords>
Platform defines: SHADER_API_DESKTOP UNITY_COLORSPACE_GAMMA UNITY_ENABLE_DETAIL_NORMALMAP UNITY_ENABLE_REFLECTION_BUFFERS UNITY_LIGHTMAP_FULL_HDR UNITY_LIGHT_PROBE_PROXY_VOLUME UNITY_PBS_USE_BRDF1 UNITY_SPECCUBE_BLENDING UNITY_SPECCUBE_BOX_PROJECTION UNITY_USE_DITHER_MASK_FOR_ALPHABLENDED_SHADOWS
Disabled keywords: SHADER_API_GLES30 UNITY_ASTC_NORMALMAP_ENCODING UNITY_FRAMEBUFFER_FETCH_AVAILABLE UNITY_HALF_PRECISION_FRAGMENT_SHADER_REGISTERS UNITY_HARDWARE_TIER1 UNITY_HARDWARE_TIER2 UNITY_HARDWARE_TIER3 UNITY_LIGHTMAP_DLDR_ENCODING UNITY_LIGHTMAP_RGBM_ENCODING UNITY_METAL_SHADOWS_USE_POINT_FILTERING UNITY_NO_DXT5nm UNITY_NO_FULL_STANDARD_SHADER UNITY_NO_SCREENSPACE_SHADOWS UNITY_PBS_USE_BRDF2 UNITY_PBS_USE_BRDF3 UNITY_PRETRANSFORM_TO_DISPLAY_ORIENTATION UNITY_UNIFIED_SHADER_PRECISION_MODEL UNITY_VIRTUAL_TEXTURING
Compiling shader "Hidden/WSM3D/BrpBloom" pass "THRESHOLD" (vp)
    Full variant space:         1
    After settings filtering:   1
    After built-in stripping:   1
    After scriptable stripping: 1
    Processed in 0.00 seconds
    starting compilation...
    finished in 0.00 seconds. Local cache hits 1 (0.00s CPU time), remote cache hits 0 (0.00s CPU time), compiled 0 variants (0.00s CPU time), skipped 0 variants
    Prepared data for serialisation in 0.00s
Compiling shader "Hidden/WSM3D/BrpBloom" pass "THRESHOLD" (fp)
    Full variant space:         1
    After settings filtering:   1
    After built-in stripping:   1
    After scriptable stripping: 1
    Processed in 0.00 seconds
    starting compilation...
    finished in 0.00 seconds. Local cache hits 1 (0.00s CPU time), remote cache hits 0 (0.00s CPU time), compiled 0 variants (0.00s CPU time), skipped 0 variants
    Prepared data for serialisation in 0.00s
Compiling shader "Hidden/WSM3D/BrpBloom" pass "BLUR_H" (vp)
    Full variant space:         1
    After settings filtering:   1
    After built-in stripping:   1
    After scriptable stripping: 1
    Processed in 0.00 seconds
    starting compilation...
    finished in 0.00 seconds. Local cache hits 1 (0.00s CPU time), remote cache hits 0 (0.00s CPU time), compiled 0 variants (0.00s CPU time), skipped 0 variants
    Prepared data for serialisation in 0.00s
Compiling shader "Hidden/WSM3D/BrpBloom" pass "BLUR_H" (fp)
    Full variant space:         1
    After settings filtering:   1
    After built-in stripping:   1
    After scriptable stripping: 1
    Processed in 0.00 seconds
    starting compilation...
    finished in 0.00 seconds. Local cache hits 1 (0.00s CPU time), remote cache hits 0 (0.00s CPU time), compiled 0 variants (0.00s CPU time), skipped 0 variants
    Prepared data for serialisation in 0.00s
Compiling shader "Hidden/WSM3D/BrpBloom" pass "BLUR_V" (vp)
    Full variant space:         1
    After settings filtering:   1
    After built-in stripping:   1
    After scriptable stripping: 1
    Processed in 0.00 seconds
    starting compilation...
    finished in 0.00 seconds. Local cache hits 1 (0.00s CPU time), remote cache hits 0 (0.00s CPU time), compiled 0 variants (0.00s CPU time), skipped 0 variants
    Prepared data for serialisation in 0.00s
Compiling shader "Hidden/WSM3D/BrpBloom" pass "BLUR_V" (fp)
    Full variant space:         1
    After settings filtering:   1
    After built-in stripping:   1
    After scriptable stripping: 1
    Processed in 0.00 seconds
    starting compilation...
    finished in 0.00 seconds. Local cache hits 1 (0.00s CPU time), remote cache hits 0 (0.00s CPU time), compiled 0 variants (0.00s CPU time), skipped 0 variants
    Prepared data for serialisation in 0.00s
Compiling shader "Hidden/WSM3D/BrpBloom" pass "COMPOSITE" (vp)
    Full variant space:         1
    After settings filtering:   1
    After built-in stripping:   1
    After scriptable stripping: 1
    Processed in 0.00 seconds
    starting compilation...
    finished in 0.00 seconds. Local cache hits 1 (0.00s CPU time), remote cache hits 0 (0.00s CPU time), compiled 0 variants (0.00s CPU time), skipped 0 variants
    Prepared data for serialisation in 0.00s
Compiling shader "Hidden/WSM3D/BrpBloom" pass "COMPOSITE" (fp)
    Full variant space:         1
    After settings filtering:   1
    After built-in stripping:   1
    After scriptable stripping: 1
    Processed in 0.00 seconds
    starting compilation...
    finished in 0.00 seconds. Local cache hits 1 (0.00s CPU time), remote cache hits 0 (0.00s CPU time), compiled 0 variants (0.00s CPU time), skipped 0 variants
    Prepared data for serialisation in 0.00s
Serialized binary data for shader Hidden/WSM3D/BrpBloom in 0.00s
    d3d11 (total internal programs: 8, unique: 5)
Compiling shader "WSM3D/ColorGradingLUT" pass "ColorGradePass" (vp)
    Full variant space:         1
    After settings filtering:   1
    After built-in stripping:   1
    After scriptable stripping: 1
    Processed in 0.00 seconds
    starting compilation...
    finished in 0.00 seconds. Local cache hits 1 (0.00s CPU time), remote cache hits 0 (0.00s CPU time), compiled 0 variants (0.00s CPU time), skipped 0 variants
    Prepared data for serialisation in 0.00s
Compiling shader "WSM3D/ColorGradingLUT" pass "ColorGradePass" (fp)
    Full variant space:         1
    After settings filtering:   1
    After built-in stripping:   1
    After scriptable stripping: 1
    Processed in 0.00 seconds
    starting compilation...
    finished in 0.00 seconds. Local cache hits 1 (0.00s CPU time), remote cache hits 0 (0.00s CPU time), compiled 0 variants (0.00s CPU time), skipped 0 variants
    Prepared data for serialisation in 0.00s
Serialized binary data for shader WSM3D/ColorGradingLUT in 0.00s
    d3d11 (total internal programs: 2, unique: 2)
Compiling shader "WSM3D/OpaqueVertexColor" pass "OpaqueVertexColor" (vp)
    Full variant space:         2
    After settings filtering:   2
    After built-in stripping:   1
    After scriptable stripping: 1
    Processed in 0.00 seconds
    starting compilation...
    finished in 0.00 seconds. Local cache hits 1 (0.00s CPU time), remote cache hits 0 (0.00s CPU time), compiled 0 variants (0.00s CPU time), skipped 0 variants
    Prepared data for serialisation in 0.00s
Compiling shader "WSM3D/OpaqueVertexColor" pass "OpaqueVertexColor" (fp)
    Full variant space:         2
    After settings filtering:   2
    After built-in stripping:   1
    After scriptable stripping: 1
    Processed in 0.00 seconds
    starting compilation...
    finished in 0.00 seconds. Local cache hits 1 (0.00s CPU time), remote cache hits 0 (0.00s CPU time), compiled 0 variants (0.00s CPU time), skipped 0 variants
    Prepared data for serialisation in 0.00s
Serialized binary data for shader WSM3D/OpaqueVertexColor in 0.00s
    d3d11 (total internal programs: 2, unique: 2)
Compiling shader "Hidden/WSM3D/BrpACES" pass "ACES" (vp)
    Full variant space:         1
    After settings filtering:   1
    After built-in stripping:   1
    After scriptable stripping: 1
    Processed in 0.00 seconds
    starting compilation...
    finished in 0.00 seconds. Local cache hits 1 (0.00s CPU time), remote cache hits 0 (0.00s CPU time), compiled 0 variants (0.00s CPU time), skipped 0 variants
    Prepared data for serialisation in 0.00s
Compiling shader "Hidden/WSM3D/BrpACES" pass "ACES" (fp)
    Full variant space:         1
    After settings filtering:   1
    After built-in stripping:   1
    After scriptable stripping: 1
    Processed in 0.00 seconds
    starting compilation...
    finished in 0.00 seconds. Local cache hits 1 (0.00s CPU time), remote cache hits 0 (0.00s CPU time), compiled 0 variants (0.00s CPU time), skipped 0 variants
    Prepared data for serialisation in 0.00s
Serialized binary data for shader Hidden/WSM3D/BrpACES in 0.00s
    d3d11 (total internal programs: 2, unique: 2)
Compiling shader "WSM3D/ProceduralSky" pass "ProceduralSkyPass" (vp)
    Full variant space:         1
    After settings filtering:   1
    After built-in stripping:   1
    After scriptable stripping: 1
    Processed in 0.00 seconds
    starting compilation...
    finished in 0.00 seconds. Local cache hits 1 (0.00s CPU time), remote cache hits 0 (0.00s CPU time), compiled 0 variants (0.00s CPU time), skipped 0 variants
    Prepared data for serialisation in 0.00s
Compiling shader "WSM3D/ProceduralSky" pass "ProceduralSkyPass" (fp)
    Full variant space:         1
    After settings filtering:   1
    After built-in stripping:   1
    After scriptable stripping: 1
    Processed in 0.00 seconds
    starting compilation...
    finished in 0.00 seconds. Local cache hits 1 (0.00s CPU time), remote cache hits 0 (0.00s CPU time), compiled 0 variants (0.00s CPU time), skipped 0 variants
    Prepared data for serialisation in 0.00s
Serialized binary data for shader WSM3D/ProceduralSky in 0.00s
    d3d11 (total internal programs: 2, unique: 2)
Compiling shader "WSM3D/Impostor" pass "ImpostorPass" (vp)
    Full variant space:         2
    After settings filtering:   2
    After built-in stripping:   1
    After scriptable stripping: 1
    Processed in 0.00 seconds
    starting compilation...
    finished in 0.00 seconds. Local cache hits 1 (0.00s CPU time), remote cache hits 0 (0.00s CPU time), compiled 0 variants (0.00s CPU time), skipped 0 variants
    Prepared data for serialisation in 0.00s
Compiling shader "WSM3D/Impostor" pass "ImpostorPass" (fp)
    Full variant space:         2
    After settings filtering:   2
    After built-in stripping:   1
    After scriptable stripping: 1
    Processed in 0.00 seconds
    starting compilation...
    finished in 0.00 seconds. Local cache hits 1 (0.00s CPU time), remote cache hits 0 (0.00s CPU time), compiled 0 variants (0.00s CPU time), skipped 0 variants
    Prepared data for serialisation in 0.00s
Serialized binary data for shader WSM3D/Impostor in 0.00s
    d3d11 (total internal programs: 2, unique: 2)
Compiling shader "WSM3D/ScreenSpaceAO" pass "SSAOPass" (vp)
    Full variant space:         1
    After settings filtering:   1
    After built-in stripping:   1
    After scriptable stripping: 1
    Processed in 0.00 seconds
    starting compilation...
    finished in 0.00 seconds. Local cache hits 1 (0.00s CPU time), remote cache hits 0 (0.00s CPU time), compiled 0 variants (0.00s CPU time), skipped 0 variants
    Prepared data for serialisation in 0.00s
Compiling shader "WSM3D/ScreenSpaceAO" pass "SSAOPass" (fp)
    Full variant space:         1
    After settings filtering:   1
    After built-in stripping:   1
    After scriptable stripping: 1
    Processed in 0.00 seconds
    starting compilation...
    finished in 0.01 seconds. Local cache hits 1 (0.01s CPU time), remote cache hits 0 (0.00s CPU time), compiled 0 variants (0.00s CPU time), skipped 0 variants
    Prepared data for serialisation in 0.00s
Serialized binary data for shader WSM3D/ScreenSpaceAO in 0.00s
    d3d11 (total internal programs: 2, unique: 2)
Compiling shader "WSM3D/StratumVoxelPBR" pass "StratumVoxelPBR" (vp)
    Full variant space:         2
    After settings filtering:   2
    After built-in stripping:   1
    After scriptable stripping: 1
    Processed in 0.00 seconds
    starting compilation...
    finished in 0.00 seconds. Local cache hits 1 (0.00s CPU time), remote cache hits 0 (0.00s CPU time), compiled 0 variants (0.00s CPU time), skipped 0 variants
    Prepared data for serialisation in 0.00s
Compiling shader "WSM3D/StratumVoxelPBR" pass "StratumVoxelPBR" (fp)
    Full variant space:         2
    After settings filtering:   2
    After built-in stripping:   1
    After scriptable stripping: 1
    Processed in 0.00 seconds
    starting compilation...
    finished in 0.00 seconds. Local cache hits 1 (0.00s CPU time), remote cache hits 0 (0.00s CPU time), compiled 0 variants (0.00s CPU time), skipped 0 variants
    Prepared data for serialisation in 0.00s
Serialized binary data for shader WSM3D/StratumVoxelPBR in 0.00s
    d3d11 (total internal programs: 2, unique: 2)

***Player size statistics***
Total compressed size 136.0 KB. Total uncompressed size 135.9 KB.
Unloading 12 Unused Serialized files (Serialized files now loaded: 0)
Unloading 37 unused Assets / (1.0 MB). Loaded Objects now: 540.
Memory consumption went from 81.1 MB to 80.1 MB.
Total: 12.668000 ms (FindLiveObjects: 0.108600 ms CreateObjectMapping: 0.011200 ms MarkObjects: 10.270700 ms  DeleteObjects: 2.275400 ms)


***Player size statistics***
Total compressed size 4.2 KB. Total uncompressed size 4.1 KB.
Unloading 0 Unused Serialized files (Serialized files now loaded: 0)
Unloading 0 unused Assets / (Unknown). Loaded Objects now: 542.
Memory consumption went from 77.5 MB to 77.5 MB.
Total: 7.165600 ms (FindLiveObjects: 0.099300 ms CreateObjectMapping: 0.008200 ms MarkObjects: 7.047000 ms  DeleteObjects: 0.009300 ms)


-------------------------------------------------------------------------------
Bundle Name: wsm3d-shaders
Compressed Size:136.0 kb
Uncompressed usage by category (Percentages based on user generated assets only):
Textures               0.0 kb	 0.0% 
Meshes                 0.0 kb	 0.0% 
Animations             0.0 kb	 0.0% 
Sounds                 0.0 kb	 0.0% 
Shaders                55.8 kb	 41.0% 
Other Assets           1.6 kb	 1.2% 
Levels                 0.0 kb	 0.0% 
Scripts                0.0 kb	 0.0% 
Included DLLs          0.0 kb	 0.0% 
File headers           78.4 kb	 57.7% 
Total User Assets      135.8 kb	 100.0% 
Complete build size    135.8 kb
Used Assets and files from the Resources folder, sorted by uncompressed size:
 12.4 kb	 9.1% Assets/WSM3D/Shaders/BrpBloom.shader
 6.4 kb	 4.7% Assets/WSM3D/Shaders/GerstnerWater.shader
 5.0 kb	 3.7% Assets/WSM3D/Shaders/Impostor.shader
 4.9 kb	 3.6% Assets/WSM3D/Shaders/OpaqueVertexColor.shader
 4.8 kb	 3.5% Assets/WSM3D/Shaders/ScreenSpaceGI.shader
 4.7 kb	 3.5% Assets/WSM3D/Shaders/ScreenSpaceAO.shader
 4.7 kb	 3.4% Assets/WSM3D/Shaders/ProceduralSky.shader
 4.6 kb	 3.4% Assets/WSM3D/Shaders/StratumVoxelPBR.shader
 4.3 kb	 3.1% Assets/WSM3D/Shaders/ColorGradingLUT.shader
 3.9 kb	 2.9% Assets/WSM3D/Shaders/BrpACES.shader
 1.3 kb	 0.9% AssetBundle Object
 0.4 kb	 0.3% Assets/WSM3D/wsm3d-shader-variants.shadervariants
-------------------------------------------------------------------------------
-------------------------------------------------------------------------------
Bundle Name: win
Compressed Size:4.2 kb
Uncompressed usage by category (Percentages based on user generated assets only):
Textures               0.0 kb	 0.0% 
Meshes                 0.0 kb	 0.0% 
Animations             0.0 kb	 0.0% 
Sounds                 0.0 kb	 0.0% 
Shaders                0.0 kb	 0.0% 
Other Assets           0.2 kb	 4.5% 
Levels                 0.0 kb	 0.0% 
Scripts                0.0 kb	 0.0% 
Included DLLs          0.0 kb	 0.0% 
File headers           3.9 kb	 95.5% 
Total User Assets      4.1 kb	 100.0% 
Complete build size    4.1 kb
Used Assets and files from the Resources folder, sorted by uncompressed size:
 0.1 kb	 2.5% AssetBundle Object
 0.1 kb	 2.0% Built-in AssetBundleManifest: AssetBundleManifest
-------------------------------------------------------------------------------
[WSM3D-Bake] built wsm3d-shaders bundle for StandaloneWindows64 -> C:\Users\koosh\Dev\WorldSphereMod\WorldSphereMod\AssetBundles\win
UnityEngine.StackTraceUtility:ExtractStackTrace ()
UnityEngine.DebugLogHandler:LogFormat (UnityEngine.LogType,UnityEngine.Object,string,object[])
UnityEngine.Logger:Log (UnityEngine.LogType,object)
UnityEngine.Debug:Log (object)
BakeShaders:BakeAll () (at Assets/Editor/BakeShaders.cs:131)

(Filename: Assets/Editor/BakeShaders.cs Line: 131)

Switching to Windows, Mac, Linux:LinuxStandaloneSupport is disabled
[WSM3D-Bake] Could not switch active build target to StandaloneLinux64; skipping linux.
UnityEngine.StackTraceUtility:ExtractStackTrace ()
UnityEngine.DebugLogHandler:LogFormat (UnityEngine.LogType,UnityEngine.Object,string,object[])
UnityEngine.Logger:Log (UnityEngine.LogType,object)
UnityEngine.Debug:LogError (object)
BakeShaders:BakeAll () (at Assets/Editor/BakeShaders.cs:107)

(Filename: Assets/Editor/BakeShaders.cs Line: 107)

Switching to Windows, Mac, Linux:MacStandaloneSupport is disabled
[WSM3D-Bake] Could not switch active build target to StandaloneOSX; skipping osx.
UnityEngine.StackTraceUtility:ExtractStackTrace ()
UnityEngine.DebugLogHandler:LogFormat (UnityEngine.LogType,UnityEngine.Object,string,object[])
UnityEngine.Logger:Log (UnityEngine.LogType,object)
UnityEngine.Debug:LogError (object)
BakeShaders:BakeAll () (at Assets/Editor/BakeShaders.cs:107)

(Filename: Assets/Editor/BakeShaders.cs Line: 107)

[WSM3D-Bake] All platforms done (shader-only bundle).
UnityEngine.StackTraceUtility:ExtractStackTrace ()
UnityEngine.DebugLogHandler:LogFormat (UnityEngine.LogType,UnityEngine.Object,string,object[])
UnityEngine.Logger:Log (UnityEngine.LogType,object)
UnityEngine.Debug:Log (object)
BakeShaders:BakeAll () (at Assets/Editor/BakeShaders.cs:134)

(Filename: Assets/Editor/BakeShaders.cs Line: 134)

Total cache size 16246616
Total cache size after purge 16246616
Batchmode quit successfully invoked - shutting down!
Curl error 42: Callback aborted
[PhysX] Initialized MultithreadedTaskDispatcher with 16 workers.
Input System module state changed to: ShutdownInProgress.
Input System polling thread exited.
Input System module state changed to: Shutdown.
[Licensing::IpcConnector] LicenseClient-koosh-notifications channel disconnected successfully.
[Licensing::IpcConnector] LicenseClient-koosh channel disconnected successfully.
Cleanup mono
abort_threads: Failed aborting id: 0000000000075688, mono_thread_manage will ignore it

abort_threads: Failed aborting id: 00000000000780F4, mono_thread_manage will ignore it

abort_threads: Failed aborting id: 0000000000075688, mono_thread_manage will ignore it

abort_threads: Failed aborting id: 00000000000780F4, mono_thread_manage will ignore it

debugger-agent: Unable to listen on 4600
[Performance] WinEditorMain                                                                                                  :        1 samples, Peak.  11.4 s (1.0x), Avg.  11.4 s, Total. 11.35 s (5.2%)
[Performance] WinEditorMain.ConfigureCrashHandler                                                                            :        1 samples, Peak.  54.3 us (1.0x), Avg.  54.3 us, Total. 54.30 us (0.0%)
[Performance] WinEditorMain.CurlRequestInitialize                                                                            :        1 samples, Peak.  1.42 ms (1.0x), Avg.  1.42 ms, Total. 1.422 ms (0.0%)
[Performance] WinEditorMain.SetupLogFile                                                                                     :        1 samples, Peak.  2.13 ms (1.0x), Avg.  2.13 ms, Total. 2.126 ms (0.0%)
[Performance] WinEditorMain.RunNativeTestsIfRequiredAndExit                                                                  :        1 samples, Peak.   300 ns (1.0x), Avg.   300 ns, Total. 300.0 ns (0.0%)
[Performance] WinEditorMain.Licensing                                                                                        :        1 samples, Peak.  11.2 s (1.0x), Avg.  11.2 s, Total. 11.19 s (5.1%)
[Performance] WinEditorMain.InitializeCrashHandler                                                                           :        1 samples, Peak.  90.3 ms (1.0x), Avg.  90.3 ms, Total. 90.34 ms (0.0%)
[Performance] WinEditorMain.CreateApplication                                                                                :        1 samples, Peak.   466 us (1.0x), Avg.   466 us, Total. 465.7 us (0.0%)
[Performance] Application.InitializeProject                                                                                  :        1 samples, Peak.   157 s (1.0x), Avg.   157 s, Total. 156.9 s (71.3%)
[Performance] Application.PackageManager.StartServer                                                                         :        1 samples, Peak.   158 ms (1.0x), Avg.   158 ms, Total. 158.1 ms (0.1%)
[Performance] Application.AcquireProjectLock                                                                                 :        1 samples, Peak.  87.3 ms (1.0x), Avg.  87.3 ms, Total. 87.26 ms (0.0%)
[Performance] Application.InitializeEngineNoGraphics                                                                         :        1 samples, Peak.   538 ms (1.0x), Avg.   538 ms, Total. 538.1 ms (0.2%)
[Performance] Application.PackageManager.Initialize                                                                          :        1 samples, Peak.  3.62 s (1.0x), Avg.  3.62 s, Total. 3.622 s (1.6%)
[Performance] Connecting to Package Manager                                                                                  :      344 samples, Peak.   209 us (33.3x), Avg.  6.28 us, Total. 2.159 ms (0.0%)
[Performance] Application.EngineGraphics.Initialize                                                                          :        1 samples, Peak.   101 ms (1.0x), Avg.   101 ms, Total. 101.0 ms (0.0%)
[Performance] Application.GI.Initialize                                                                                      :        1 samples, Peak.  9.19 ms (1.0x), Avg.  9.19 ms, Total. 9.188 ms (0.0%)
[Performance] Application.LoadAllDefaultResourcesFromEditor                                                                  :        1 samples, Peak.  5.86 ms (1.0x), Avg.  5.86 ms, Total. 5.858 ms (0.0%)
[Performance] Application.LoadMonoAssemblies                                                                                 :        1 samples, Peak.  2.90 s (1.0x), Avg.  2.90 s, Total. 2.900 s (1.3%)
[Performance] RestoreManagedReferences                                                                                       :        2 samples, Peak.   140 ms (2.0x), Avg.  69.9 ms, Total. 139.8 ms (0.1%)
[Performance] InitializeOnLoad DrivenRectTransformUndo                                                                       :        2 samples, Peak.  1.54 ms (1.2x), Avg.  1.30 ms, Total. 2.591 ms (0.0%)
[Performance] InitializeOnLoad SceneSearch                                                                                   :        2 samples, Peak.   503 us (1.2x), Avg.   406 us, Total. 812.0 us (0.0%)
[Performance] InitializeOnLoad CloudBuild                                                                                    :        2 samples, Peak.  16.8 us (1.2x), Avg.  13.5 us, Total. 27.10 us (0.0%)
[Performance] InitializeOnLoad NativeFormatImporterUtility                                                                   :        2 samples, Peak.  23.5 ms (1.6x), Avg.  14.8 ms, Total. 29.54 ms (0.0%)
[Performance] InitializeOnLoad SearchService                                                                                 :        2 samples, Peak.   655 us (1.0x), Avg.   642 us, Total. 1.283 ms (0.0%)
[Performance] InitializeOnLoad SettingsService                                                                               :        2 samples, Peak.   125 us (1.8x), Avg.  71.2 us, Total. 142.5 us (0.0%)
[Performance] InitializeOnLoad WindowLayout                                                                                  :        2 samples, Peak.  2.35 ms (1.1x), Avg.  2.19 ms, Total. 4.376 ms (0.0%)
[Performance] InitializeOnLoad AssetStoreContext                                                                             :        2 samples, Peak.  95.4 ms (1.0x), Avg.  94.0 ms, Total. 188.0 ms (0.1%)
[Performance] InitializeOnLoad PoolManager                                                                                   :        2 samples, Peak.  2.37 ms (1.3x), Avg.  1.86 ms, Total. 3.727 ms (0.0%)
[Performance] InitializeOnLoad MixerEffectDefinitionReloader                                                                 :        2 samples, Peak.  16.5 ms (1.6x), Avg.  10.5 ms, Total. 20.94 ms (0.0%)
[Performance] InitializeOnLoad ProjectSearch                                                                                 :        2 samples, Peak.   229 us (1.1x), Avg.   200 us, Total. 400.8 us (0.0%)
[Performance] InitializeOnLoad UISystemProfilerRenderService                                                                 :        2 samples, Peak.  47.2 us (1.3x), Avg.  35.5 us, Total. 71.00 us (0.0%)
[Performance] InitializeOnLoad EditMode                                                                                      :        2 samples, Peak.  2.37 ms (1.5x), Avg.  1.61 ms, Total. 3.228 ms (0.0%)
[Performance] InitializeOnLoad UnityConnect                                                                                  :        2 samples, Peak.   506 us (1.6x), Avg.   309 us, Total. 618.9 us (0.0%)
[Performance] InitializeOnLoad ManagedDebugger                                                                               :        2 samples, Peak.  2.05 ms (1.1x), Avg.  1.91 ms, Total. 3.821 ms (0.0%)
[Performance] InitializeOnLoad ShortcutIntegration                                                                           :        2 samples, Peak.   170 us (1.1x), Avg.   156 us, Total. 312.5 us (0.0%)
[Performance] InitializeOnLoad AddComponentWindow                                                                            :        2 samples, Peak.   468 us (1.0x), Avg.   461 us, Total. 921.2 us (0.0%)
[Performance] InitializeOnLoad ManagedDebuggerWindow                                                                         :        2 samples, Peak.   367 us (1.1x), Avg.   347 us, Total. 693.3 us (0.0%)
[Performance] InitializeOnLoad CacheServerWindow                                                                             :        2 samples, Peak.  34.6 us (1.4x), Avg.  25.6 us, Total. 51.20 us (0.0%)
[Performance] InitializeOnLoad PlayModeDownload                                                                              :        2 samples, Peak.  14.6 ms (1.9x), Avg.  7.56 ms, Total. 15.13 ms (0.0%)
[Performance] InitializeOnLoad MenuItems                                                                                     :        2 samples, Peak.   269 us (1.1x), Avg.   236 us, Total. 472.1 us (0.0%)
[Performance] InitializeOnLoad PrefabInstanceChangedListener                                                                 :        2 samples, Peak.   675 us (1.2x), Avg.   554 us, Total. 1.108 ms (0.0%)
[Performance] InitializeOnLoad ObjectSelectorSearch                                                                          :        2 samples, Peak.   155 us (1.1x), Avg.   135 us, Total. 270.8 us (0.0%)
[Performance] InitializeOnLoad EditorMonitor                                                                                 :        2 samples, Peak.  3.14 ms (1.3x), Avg.  2.33 ms, Total. 4.662 ms (0.0%)
[Performance] InitializeOnLoad RetainedMode                                                                                  :        2 samples, Peak.  7.64 ms (1.1x), Avg.  6.74 ms, Total. 13.48 ms (0.0%)
[Performance] InitializeOnLoad EditorShaderLoader                                                                            :        2 samples, Peak.  2.29 ms (1.1x), Avg.  2.00 ms, Total. 4.008 ms (0.0%)
[Performance] InitializeOnLoad EditorDelegateRegistration                                                                    :        2 samples, Peak.  2.04 ms (1.1x), Avg.  1.84 ms, Total. 3.672 ms (0.0%)
[Performance] InitializeOnLoad UIDocumentHierarchyWatcher                                                                    :        2 samples, Peak.   371 us (1.3x), Avg.   281 us, Total. 561.0 us (0.0%)
[Performance] InitializeOnLoad LiveReloadTrackerCreator                                                                      :        2 samples, Peak.   779 us (1.0x), Avg.   763 us, Total. 1.526 ms (0.0%)
[Performance] InitializeOnLoad UxmlObjectEditorFactories                                                                     :        2 samples, Peak.  1.49 ms (1.0x), Avg.  1.46 ms, Total. 2.913 ms (0.0%)
[Performance] InitializeOnLoad UXMLEditorFactories                                                                           :        2 samples, Peak.   340 ms (1.1x), Avg.   297 ms, Total. 594.9 ms (0.3%)
[Performance] InitializeOnLoad PurchasingService                                                                             :        2 samples, Peak.  71.4 ms (1.5x), Avg.  47.9 ms, Total. 95.78 ms (0.0%)
[Performance] InitializeOnLoad CloudBuildPoller                                                                              :        2 samples, Peak.   295 us (1.1x), Avg.   276 us, Total. 552.0 us (0.0%)
[Performance] InitializeOnLoad EditorGameServicesAnalytics                                                                   :        2 samples, Peak.  17.5 ms (1.4x), Avg.  12.6 ms, Total. 25.20 ms (0.0%)
[Performance] InitializeOnLoad AnalyticsService                                                                              :        2 samples, Peak.   883 us (1.2x), Avg.   757 us, Total. 1.513 ms (0.0%)
[Performance] InitializeOnLoad BuildService                                                                                  :        2 samples, Peak.  1.11 ms (1.1x), Avg.  1.05 ms, Total. 2.101 ms (0.0%)
[Performance] InitializeOnLoad AdsService                                                                                    :        2 samples, Peak.  1.76 ms (1.3x), Avg.  1.34 ms, Total. 2.684 ms (0.0%)
[Performance] InitializeOnLoad UDPService                                                                                    :        2 samples, Peak.   450 us (1.1x), Avg.   402 us, Total. 804.6 us (0.0%)
[Performance] InitializeOnLoad CrashService                                                                                  :        2 samples, Peak.   759 us (1.4x), Avg.   542 us, Total. 1.085 ms (0.0%)
[Performance] InitializeOnLoad ServicesRepository                                                                            :        2 samples, Peak.  6.30 us (1.7x), Avg.  3.60 us, Total. 7.200 us (0.0%)
[Performance] InitializeOnLoad SearchWindow                                                                                  :        2 samples, Peak.   486 us (1.1x), Avg.   434 us, Total. 868.4 us (0.0%)
[Performance] InitializeOnLoad CustomIndexers                                                                                :        2 samples, Peak.  85.8 ms (1.1x), Avg.  79.6 ms, Total. 159.2 ms (0.1%)
[Performance] InitializeOnLoad SearchMonitor                                                                                 :        2 samples, Peak.  2.66 ms (1.1x), Avg.  2.47 ms, Total. 4.933 ms (0.0%)
[Performance] InitializeOnLoad ParameterControllerEditor                                                                     :        2 samples, Peak.   158 us (1.6x), Avg.  97.4 us, Total. 194.7 us (0.0%)
[Performance] InitializeOnLoad LayerSettingsWindow                                                                           :        2 samples, Peak.  46.7 us (1.6x), Avg.  29.6 us, Total. 59.20 us (0.0%)
[Performance] InitializeOnLoad PackageManagerHookGUIDConverter.RegisterPackagesEventHandler                                  :        2 samples, Peak.  2.29 ms (1.7x), Avg.  1.34 ms, Total. 2.682 ms (0.0%)
[Performance] InitializeOnLoad EditorDragAndDrop.RegisterEditorClient                                                        :        2 samples, Peak.  5.88 ms (1.8x), Avg.  3.19 ms, Total. 6.377 ms (0.0%)
[Performance] InitializeOnLoad EditorEventCallbacks.InitializeFontAssetResourceChangeCallBacks                               :        2 samples, Peak.  7.61 ms (1.2x), Avg.  6.24 ms, Total. 12.49 ms (0.0%)
[Performance] InitializeOnLoad SceneTemplateService.Init                                                                     :        2 samples, Peak.  43.2 ms (1.6x), Avg.  27.1 ms, Total. 54.14 ms (0.0%)
[Performance] InitializeOnLoad DiagnosticSwitchesConsoleMessage.Init                                                         :        2 samples, Peak.  22.8 ms (1.8x), Avg.  12.9 ms, Total. 25.85 ms (0.0%)
[Performance] InitializeOnLoad PackageManagerWindow.EditorInitializedInSafeMode                                              :        2 samples, Peak.   171 ms (2.0x), Avg.  85.8 ms, Total. 171.6 ms (0.1%)
[Performance] InitializeOnLoad ToolShortcutContext.Init                                                                      :        2 samples, Peak.   680 us (1.2x), Avg.   545 us, Total. 1.090 ms (0.0%)
[Performance] InitializeOnLoad MemoryProfilerCompilationGuard.InjectCompileGuard                                             :        2 samples, Peak.   671 us (1.0x), Avg.   646 us, Total. 1.292 ms (0.0%)
[Performance] InitializeOnLoad AssetPostprocessingInternal.RefreshCustomDependencies                                         :        2 samples, Peak.  11.8 ms (1.5x), Avg.  7.70 ms, Total. 15.40 ms (0.0%)
[Performance] InitializeOnLoad SysrootManager.Initialize                                                                     :        2 samples, Peak.  2.33 ms (1.2x), Avg.  1.95 ms, Total. 3.901 ms (0.0%)
[Performance] InitializeOnLoad ScopedRegistryAddedPopup.SubscribeToRegistriesAdded                                           :        2 samples, Peak.  22.4 ms (2.0x), Avg.  11.4 ms, Total. 22.73 ms (0.0%)
[Performance] InitializeOnLoad SceneVisibilityManager.Initialize                                                             :        2 samples, Peak.  24.5 ms (1.9x), Avg.  13.2 ms, Total. 26.36 ms (0.0%)
[Performance] InitializeOnLoad EditorWindow.Initialize                                                                       :        2 samples, Peak.  1.10 ms (1.4x), Avg.   810 us, Total. 1.619 ms (0.0%)
[Performance] AssemblyReloadEvents.afterAssemblyReload: UnityEditor.SceneTemplate.SceneTemplateService.AfterAssemblyReload   :        2 samples, Peak.  10.5 ms (1.9x), Avg.  5.66 ms, Total. 11.31 ms (0.0%)
[Performance] ProcessService.EditorAfterLoadAllAssemblies                                                                    :        2 samples, Peak.  1.21 ms (1.3x), Avg.   926 us, Total. 1.851 ms (0.0%)
[Performance] Application.ReadLicenseInfo                                                                                    :        1 samples, Peak.  63.3 ms (1.0x), Avg.  63.3 ms, Total. 63.28 ms (0.0%)
[Performance] Application.InitialRefresh                                                                                     :        1 samples, Peak.   138 s (1.0x), Avg.   138 s, Total. 138.1 s (62.7%)
[Performance] ShaderImporter.SourceAssetModified                                                                             :        4 samples, Peak.  8.39 ms (1.8x), Avg.  4.66 ms, Total. 18.65 ms (0.0%)
[Performance] UpgradeShaderAsset                                                                                             :       15 samples, Peak.  2.15 ms (1.7x), Avg.  1.24 ms, Total. 18.58 ms (0.0%)
[Performance] ShaderIncludeImporter.SourceAssetModified                                                                      :        4 samples, Peak.  2.20 us (1.3x), Avg.  1.73 us, Total. 6.900 us (0.0%)
[Performance] Compiling Scripts                                                                                              :        1 samples, Peak.   133 s (1.0x), Avg.   133 s, Total. 133.2 s (60.5%)
[Performance] AssemblyReloadEvents.beforeAssemblyReload: UnityEditor.SceneTemplate.SceneTemplateService.BeforeAssemblyReload :        1 samples, Peak.  1.25 ms (1.0x), Avg.  1.25 ms, Total. 1.249 ms (0.0%)
[Performance] PresetManagerPostProcessor.OnPreprocessAsset                                                                   :       23 samples, Peak.  4.14 ms (16.0x), Avg.   258 us, Total. 5.941 ms (0.0%)
[Performance] CancelSplashScreenOnAssetChange.OnPreprocessAsset                                                              :       23 samples, Peak.   593 us (19.3x), Avg.  30.7 us, Total. 707.2 us (0.0%)
[Performance] DidReloadScriptsAdvancedDropdownWindow.OnScriptReload                                                          :        1 samples, Peak.   655 us (1.0x), Avg.   655 us, Total. 654.5 us (0.0%)
[Performance] ShaderImporter.Import                                                                                          :       20 samples, Peak.  1.36 s (10.7x), Avg.   127 ms, Total. 2.536 s (1.2%)
[Performance] EditorApplication.projectChanged: UnityEditor.Audio.MixerEffectDefinitionReloader.OnProjectChanged             :       24 samples, Peak.  2.10 ms (1.8x), Avg.  1.16 ms, Total. 27.78 ms (0.0%)
[Performance] AssetDatabase.ImportAssets                                                                                     :       18 samples, Peak.  65.6 ms (18.0x), Avg.  3.65 ms, Total. 65.67 ms (0.0%)
[Performance] VersionControl.Task.Wait                                                                                       :        1 samples, Peak.  36.7 us (1.0x), Avg.  36.7 us, Total. 36.70 us (0.0%)
[Performance] BuilderAssetPostprocessor.OnPostprocessAllAssets                                                               :       28 samples, Peak.  18.1 ms (13.1x), Avg.  1.37 ms, Total. 38.47 ms (0.0%)
[Performance] ArtifactBrowserPostProcessor.OnPostprocessAllAssets                                                            :       28 samples, Peak.  1.19 ms (12.8x), Avg.  92.3 us, Total. 2.584 ms (0.0%)
[Performance] AssetEvents.OnPostprocessAllAssets                                                                             :       56 samples, Peak.   695 us (19.1x), Avg.  36.4 us, Total. 2.040 ms (0.0%)
[Performance] AudioMixerPostprocessor.OnPostprocessAllAssets                                                                 :       28 samples, Peak.   682 us (11.3x), Avg.  60.5 us, Total. 1.695 ms (0.0%)
[Performance] StyleCatalogPostProcessor.OnPostprocessAllAssets                                                               :       28 samples, Peak.  56.5 ms (14.0x), Avg.  4.05 ms, Total. 113.4 ms (0.1%)
[Performance] BuildCatalog                                                                                                   :        1 samples, Peak.  54.0 ms (1.0x), Avg.  54.0 ms, Total. 53.97 ms (0.0%)
[Performance] ModelImporterPostProcessor.OnPostprocessAllAssets                                                              :       28 samples, Peak.  3.43 ms (11.8x), Avg.   290 us, Total. 8.120 ms (0.0%)
[Performance] RetainedModeAssetPostprocessor.OnPostprocessAllAssets                                                          :       28 samples, Peak.  8.47 ms (13.6x), Avg.   624 us, Total. 17.47 ms (0.0%)
[Performance] AssetChangedListener.OnPostprocessAllAssets                                                                    :       28 samples, Peak.  6.47 ms (12.3x), Avg.   528 us, Total. 14.79 ms (0.0%)
[Performance] SpeedTreePostProcessor.OnPostprocessAllAssets                                                                  :       28 samples, Peak.  2.35 ms (12.1x), Avg.   194 us, Total. 5.426 ms (0.0%)
[Performance] TextAssetPostProcessor.OnPostprocessAllAssets                                                                  :       28 samples, Peak.  82.9 ms (13.7x), Avg.  6.06 ms, Total. 169.6 ms (0.1%)
[Performance] SyncVS.PostprocessSyncProject                                                                                  :       14 samples, Peak.  3.69 ms (12.3x), Avg.   300 us, Total. 4.196 ms (0.0%)
[Performance] Application.ImportPackagesAndSetTemplateWhenCreatingProject                                                    :        1 samples, Peak.  39.2 ms (1.0x), Avg.  39.2 ms, Total. 39.23 ms (0.0%)
[Performance] Application.SyncCurrentColorSpace                                                                              :        1 samples, Peak.  8.49 s (1.0x), Avg.  8.49 s, Total. 8.487 s (3.9%)
[Performance] Application.OnUsbDevicesChanged                                                                                :        1 samples, Peak.  13.8 ms (1.0x), Avg.  13.8 ms, Total. 13.82 ms (0.0%)
[Performance] Application.AssetInstanceCacheUpdate                                                                           :        1 samples, Peak.   500 ns (1.0x), Avg.   500 ns, Total. 500.0 ns (0.0%)
[Performance] Application.UnityExtensions.Initialize                                                                         :        1 samples, Peak.   891 us (1.0x), Avg.   891 us, Total. 891.4 us (0.0%)
[Performance] CodeEditorProjectSync.SyncEditorProject                                                                        :        1 samples, Peak.   301 us (1.0x), Avg.   301 us, Total. 300.7 us (0.0%)
[Performance] Application.ExecuteStartups                                                                                    :        1 samples, Peak.   140 ms (1.0x), Avg.   140 ms, Total. 140.3 ms (0.1%)
[Performance] Menu.RegisterMenuInterface                                                                                     :       26 samples, Peak.  1.80 us (4.8x), Avg.   377 ns, Total. 9.800 us (0.0%)
[Performance] Gizmo.RebuildRenderers                                                                                         :        2 samples, Peak.   139 ms (1.5x), Avg.  93.0 ms, Total. 186.1 ms (0.1%)
[Performance] Gizmo.AddGizmoRenderers                                                                                        :       38 samples, Peak.  7.39 ms (27.7x), Avg.   267 us, Total. 10.14 ms (0.0%)
[Performance] Application.editorInitializingProject                                                                          :        1 samples, Peak.   651 ms (1.0x), Avg.   651 ms, Total. 650.7 ms (0.3%)
[Performance] Application.InitializeMenu                                                                                     :        1 samples, Peak.   423 ms (1.0x), Avg.   423 ms, Total. 422.8 ms (0.2%)
[Performance] Menu.RebuildAll                                                                                                :        1 samples, Peak.   423 ms (1.0x), Avg.   423 ms, Total. 422.8 ms (0.2%)
[Performance] Menu.BuildRegisteredMenuInterfaces                                                                             :        1 samples, Peak.   417 ms (1.0x), Avg.   417 ms, Total. 417.2 ms (0.2%)
[Performance] Menu.FilterMenuItem                                                                                            :      381 samples, Peak.  29.1 ms (375.2x), Avg.  77.5 us, Total. 29.54 ms (0.0%)
[Performance] UpdateAllMenus                                                                                                 :        1 samples, Peak.  1.35 ms (1.0x), Avg.  1.35 ms, Total. 1.351 ms (0.0%)
[Performance] Menu.RebuildOSMainMenu                                                                                         :        3 samples, Peak.  7.55 ms (1.3x), Avg.  5.88 ms, Total. 17.65 ms (0.0%)
[Performance] EditorSceneManager.sceneClosing: UnityEditor.SceneVisibilityManager.EditorSceneManagerOnSceneClosing           :        1 samples, Peak.   743 us (1.0x), Avg.   743 us, Total. 743.3 us (0.0%)
[Performance] GUIView.RepaintAll.PlayerLoopController                                                                        :        1 samples, Peak.  6.40 us (1.0x), Avg.  6.40 us, Total. 6.400 us (0.0%)
[Performance] EditorSceneManager.newSceneCreated: UnityEditor.SceneTemplate.SceneTemplateService.OnNewSceneCreated           :        1 samples, Peak.   618 us (1.0x), Avg.   618 us, Total. 618.2 us (0.0%)
[Performance] EditorSceneManager.newSceneCreated: UnityEditor.SceneVisibilityManager.EditorSceneManagerOnNewSceneCreated     :        1 samples, Peak.   422 us (1.0x), Avg.   422 us, Total. 422.2 us (0.0%)
[Performance] EditorSceneManager.newSceneCreated: UnityEditor.SceneManagement.StageNavigationManager.OnNewSceneCreated       :        1 samples, Peak.   153 us (1.0x), Avg.   153 us, Total. 153.3 us (0.0%)
[Performance] Application.InvokeFinishedLoadingProject                                                                       :        1 samples, Peak.  1.54 ms (1.0x), Avg.  1.54 ms, Total. 1.535 ms (0.0%)
[Performance] ProcessService.OnProjectLoaded                                                                                 :        1 samples, Peak.  77.8 us (1.0x), Avg.  77.8 us, Total. 77.80 us (0.0%)
[Performance] AssetDatabase.Refresh                                                                                          :        4 samples, Peak.   903 ms (3.9x), Avg.   232 ms, Total. 927.4 ms (0.4%)
[Performance] AssetDatabase.ImportAsset                                                                                      :       11 samples, Peak.  6.59 s (4.6x), Avg.  1.42 s, Total. 15.65 s (7.1%)
[Performance] BuilderAssetModificationProcessor.OnWillSaveAssets                                                             :        4 samples, Peak.  1.06 ms (3.9x), Avg.   275 us, Total. 1.100 ms (0.0%)
[Performance] TerrainModificationProcessor.OnWillSaveAssets                                                                  :        4 samples, Peak.  48.1 ms (4.0x), Avg.  12.0 ms, Total. 48.15 ms (0.0%)
[Performance] BuildAssetBundles                                                                                              :        1 samples, Peak.  24.0 s (1.0x), Avg.  24.0 s, Total. 23.99 s (10.9%)
[Performance] GenerateAssemblyTypeInfos                                                                                      :        2 samples, Peak.  4.19 ms (1.7x), Avg.  2.46 ms, Total. 4.914 ms (0.0%)
[Performance] EditorApplication.quitting: callback in UnityEditor.TextCore.Text.EditorEventCallbacks                         :        1 samples, Peak.  24.8 ms (1.0x), Avg.  24.8 ms, Total. 24.79 ms (0.0%)
[Performance] Application.Shutdown.PauseProfilerSession                                                                      :        1 samples, Peak.  22.8 ms (1.0x), Avg.  22.8 ms, Total. 22.80 ms (0.0%)
[Performance] Application.Shutdown.PauseAssetImportWorkers                                                                   :        1 samples, Peak.  15.9 ms (1.0x), Avg.  15.9 ms, Total. 15.89 ms (0.0%)
[Performance] Application.Shutdown.SaveAssets                                                                                :        1 samples, Peak.   563 us (1.0x), Avg.   563 us, Total. 562.7 us (0.0%)
[Performance] Application.Shutdown.CleanupRenderPipeline                                                                     :        1 samples, Peak.  5.00 us (1.0x), Avg.  5.00 us, Total. 5.000 us (0.0%)
[Performance] Application.Shutdown.StopPreloadManager                                                                        :        1 samples, Peak.  9.98 ms (1.0x), Avg.  9.98 ms, Total. 9.978 ms (0.0%)
[Performance] Application.Shutdown.DestroyWorld                                                                              :        1 samples, Peak.   740 us (1.0x), Avg.   740 us, Total. 740.2 us (0.0%)
[Performance] Application.Shutdown.CleanupAfterLoad                                                                          :        1 samples, Peak.  5.25 ms (1.0x), Avg.  5.25 ms, Total. 5.247 ms (0.0%)
[Performance] Application.Shutdown.Progress                                                                                  :        1 samples, Peak.  2.30 ms (1.0x), Avg.  2.30 ms, Total. 2.300 ms (0.0%)
[Performance] Application.Shutdown.GICleanupManagers                                                                         :        1 samples, Peak.  99.1 ms (1.0x), Avg.  99.1 ms, Total. 99.05 ms (0.0%)
[Performance] Application.Shutdown.MenuCleanupClass                                                                          :        1 samples, Peak.   220 us (1.0x), Avg.   220 us, Total. 220.1 us (0.0%)
[Performance] Application.Shutdown.ADBSaveStateBeforeShutdown                                                                :        1 samples, Peak.  11.6 us (1.0x), Avg.  11.6 us, Total. 11.60 us (0.0%)
[Performance] Application.Shutdown.RemoteShutdown                                                                            :        1 samples, Peak.  1.50 us (1.0x), Avg.  1.50 us, Total. 1.500 us (0.0%)
[Performance] Application.Shutdown.CleanupVCProvider                                                                         :        1 samples, Peak.  55.5 ms (1.0x), Avg.  55.5 ms, Total. 55.54 ms (0.0%)
[Performance] Application.Shutdown.InputShutdown                                                                             :        1 samples, Peak.   544 us (1.0x), Avg.   544 us, Total. 544.1 us (0.0%)
[Performance] Application.Shutdown.GizmoManagerDestroy                                                                       :        1 samples, Peak.  2.15 ms (1.0x), Avg.  2.15 ms, Total. 2.150 ms (0.0%)
[Performance] Application.Shutdown.ProfilerSession                                                                           :        1 samples, Peak.  2.04 ms (1.0x), Avg.  2.04 ms, Total. 2.038 ms (0.0%)
[Performance] Application.Shutdown.ReleaseGfxWindowOnAllGUIViews                                                             :        1 samples, Peak.   600 ns (1.0x), Avg.   600 ns, Total. 600.0 ns (0.0%)
[Performance] Application.Shutdown.CleanupEngine                                                                             :        1 samples, Peak.  8.92 s (1.0x), Avg.  8.92 s, Total. 8.919 s (4.1%)
[Performance] Application.Shutdown.CleanupAssetDatabase                                                                      :        1 samples, Peak.  33.4 ms (1.0x), Avg.  33.4 ms, Total. 33.38 ms (0.0%)
[Performance] Application.Shutdown.ScriptCompilationCleanUp                                                                  :        1 samples, Peak.   359 ms (1.0x), Avg.   359 ms, Total. 359.4 ms (0.2%)
[Performance] Application.Shutdown.DestroyJobSystem                                                                          :        1 samples, Peak.   212 us (1.0x), Avg.   212 us, Total. 212.4 us (0.0%)
[Performance] Application.Shutdown.CleanupPersistentManager                                                                  :        1 samples, Peak.  1.24 ms (1.0x), Avg.  1.24 ms, Total. 1.236 ms (0.0%)
[Performance] Application.Shutdown.CleanupAsyncReadManager                                                                   :        1 samples, Peak.  17.5 ms (1.0x), Avg.  17.5 ms, Total. 17.47 ms (0.0%)
[Performance] Application.Shutdown.CleanupProgressBar                                                                        :        1 samples, Peak.  1.10 us (1.0x), Avg.  1.10 us, Total. 1.100 us (0.0%)
[Performance] Application.Shutdown.CleanupMono                                                                               :        1 samples, Peak.   180 ms (1.0x), Avg.   180 ms, Total. 179.8 ms (0.1%)
[Performance] Application.Shutdown.CleanupStdConverters                                                                      :        1 samples, Peak.  17.2 us (1.0x), Avg.  17.2 us, Total. 17.20 us (0.0%)
[Performance] Application.Shutdown.UnloadAllPlatformSupportModuleNativeDlls                                                  :        1 samples, Peak.  1.10 us (1.0x), Avg.  1.10 us, Total. 1.100 us (0.0%)
[Performance] Application.Shutdown.UnloadAllPlatformSupportNativeLibraries                                                   :        1 samples, Peak.   200 ns (1.0x), Avg.   200 ns, Total. 200.0 ns (0.0%)
[Performance] Application.Shutdown.CleanupAutoDocumentation                                                                  :        1 samples, Peak.  1.29 ms (1.0x), Avg.  1.29 ms, Total. 1.286 ms (0.0%)
[Performance] Application.Shutdown.ShaderNameManagerDestroy                                                                  :        1 samples, Peak.  97.1 us (1.0x), Avg.  97.1 us, Total. 97.10 us (0.0%)
[Performance] Application.Shutdown.CleanupCacheServer                                                                        :        1 samples, Peak.   400 ns (1.0x), Avg.   400 ns, Total. 400.0 ns (0.0%)
[Performance] Application.Shutdown.Virtualization_Shutdown                                                                   :        1 samples, Peak.   600 ns (1.0x), Avg.   600 ns, Total. 600.0 ns (0.0%)
[Performance] Application.Shutdown.DevConnections                                                                            :        1 samples, Peak.   744 us (1.0x), Avg.   744 us, Total. 744.5 us (0.0%)
Exiting batchmode successfully now!
Exiting without the bug reporter. Application will terminate with return code 0