  Determining projects to restore...
  Restored E:\Dev\WorldSphereMod\WorldSphereMod.csproj (in 282 ms).
  Restored E:\Dev\WorldSphereMod\WorldSphereAPI.csproj (in 688 ms).
  4 of 6 projects are up-to-date for restore.
C:\program files\dotnet\sdk\11.0.100-preview.2.26159.112\Sdks\Microsoft.NET.Sdk\targets\Microsoft.NET.RuntimeIdentifierInference.targets(383,5): message NETSDK1057: You are using a preview version of .NET. See: https://aka.ms/dotnet-support-policy [E:\Dev\WorldSphereMod\tests\WorldSphereMod.Tests.Integration\WorldSphereMod.Tests.Integration.csproj]
C:\program files\dotnet\sdk\11.0.100-preview.2.26159.112\Sdks\Microsoft.NET.Sdk\targets\Microsoft.NET.RuntimeIdentifierInference.targets(383,5): message NETSDK1057: You are using a preview version of .NET. See: https://aka.ms/dotnet-support-policy [E:\Dev\WorldSphereMod\tests\WorldSphereMod.Tests.E2E\WorldSphereMod.Tests.E2E.csproj]
C:\program files\dotnet\sdk\11.0.100-preview.2.26159.112\Sdks\Microsoft.NET.Sdk\targets\Microsoft.NET.RuntimeIdentifierInference.targets(383,5): message NETSDK1057: You are using a preview version of .NET. See: https://aka.ms/dotnet-support-policy [E:\Dev\WorldSphereMod\tests\WorldSphereMod.Tests.Unit\WorldSphereMod.Tests.Unit.csproj]
C:\program files\dotnet\sdk\11.0.100-preview.2.26159.112\Sdks\Microsoft.NET.Sdk\targets\Microsoft.NET.RuntimeIdentifierInference.targets(383,5): message NETSDK1057: You are using a preview version of .NET. See: https://aka.ms/dotnet-support-policy [E:\Dev\WorldSphereMod\WorldSphereAPI.csproj]
  WorldSphereAPI -> E:\Dev\WorldSphereMod\bin\WorldSphereAPI\Release\netstandard2.0\WorldSphereAPI.dll
  WorldSphereMod.Tests.E2E -> E:\Dev\WorldSphereMod\tests\WorldSphereMod.Tests.E2E\bin\Release\net8.0\WorldSphereMod.Tests.E2E.dll
Test run for E:\Dev\WorldSphereMod\tests\WorldSphereMod.Tests.E2E\bin\Release\net8.0\WorldSphereMod.Tests.E2E.dll (.NETCoreApp,Version=v8.0)
A total of 1 test files matched the specified pattern.
E:\Dev\WorldSphereMod\tests\WorldSphereMod.Tests.Unit\DelegateBindingTests.cs(103,75): warning CS8625: Cannot convert null literal to non-nullable reference type. [E:\Dev\WorldSphereMod\tests\WorldSphereMod.Tests.Unit\WorldSphereMod.Tests.Unit.csproj]
  WorldSphereMod.Tests.Unit -> E:\Dev\WorldSphereMod\tests\WorldSphereMod.Tests.Unit\bin\Release\net8.0\WorldSphereMod.Tests.Unit.dll
Test run for E:\Dev\WorldSphereMod\tests\WorldSphereMod.Tests.Unit\bin\Release\net8.0\WorldSphereMod.Tests.Unit.dll (.NETCoreApp,Version=v8.0)
  WorldSphereMod.Tests.Integration -> E:\Dev\WorldSphereMod\tests\WorldSphereMod.Tests.Integration\bin\Release\net8.0\WorldSphereMod.Tests.Integration.dll
Test run for E:\Dev\WorldSphereMod\tests\WorldSphereMod.Tests.Integration\bin\Release\net8.0\WorldSphereMod.Tests.Integration.dll (.NETCoreApp,Version=v8.0)
A total of 1 test files matched the specified pattern.
A total of 1 test files matched the specified pattern.
[xUnit.net 00:00:03.48]     WorldSphereTesterCoverageTests.LodSelector_hysteresis_requires_three_frames_before_tier_change [FAIL]
[xUnit.net 00:00:03.54]     LodPhase10InvariantsTests.LodSelector_exposes_two_tier_voxel_or_cull_ladder_with_hysteresis [FAIL]
[xUnit.net 00:00:03.54]     Phase3bSurfaceOverlayInvariantsTests.FoliageTileRender_routes_road_and_life_overlays_through_shared_mesh_pipeline [FAIL]
  Failed LodPhase10InvariantsTests.LodSelector_exposes_two_tier_voxel_or_cull_ladder_with_hysteresis [1 s]
  Error Message:
   Expected selectBody "
            return Select(worldPos, instanceId, 0f, _hystMargin, _hystFrames);
        " to contain "LodTier.Voxel".
  Stack Trace:
     at FluentAssertions.Primitives.StringAssertions`1.Contain(String expected, String because, Object[] becauseArgs)
   at LodPhase10InvariantsTests.LodSelector_exposes_two_tier_voxel_or_cull_ladder_with_hysteresis() in E:\Dev\WorldSphereMod\tests\WorldSphereMod.Tests.E2E\LodPhase10InvariantsTests.cs:line 81
   at System.RuntimeMethodHandle.InvokeMethod(Object target, Void** arguments, Signature sig, Boolean isConstructor)
   at System.Reflection.MethodBaseInvoker.InvokeWithNoArgs(Object obj, BindingFlags invokeAttr)
  Failed Phase3bSurfaceOverlayInvariantsTests.FoliageTileRender_routes_road_and_life_overlays_through_shared_mesh_pipeline [191 ms]
  Error Message:
   Expected prefixBody "
            try
            {
                // VOXEL-OR-INVISIBLE (task #195 follow-up): once in 3D the deprecated
                // vanilla 2D Tilemap billboard foliage must NEVER render. The voxel
                // foliage path is the SOLE renderer — we deliberately do NOT consult
                // CrossedQuadFoliage here. Re-enabling that runtime check (the old
                // `|| !CrossedQuadFoliage return true` escape) let a stale persisted
                // flag=false or an in-game toggle resurrect the deprecated crossed-quad/
                // billboard 2D path; that fallback is removed. The [Phase] attribute
                // still gates *patch installation* (default-on + version migration keep
                // it installed), but the runtime path no longer falls back to vanilla 2D.
                if (!Core.IsWorld3D) return true;
                if (pTile == null || pTile.Type == null) return true;

                TileTypeBase t = pTile.Type;
                // Foliage filter: surface overlays we claim. Walls/animated_wall
                // are deferred to Step 3's transpile; liquid/ocean/lava are handled
                // by the water mesh path.
                bool isFoliage = (t.grass || t.life || t.road) && !t.wall && !t.animated_wall
                                    && !t.liquid && !t.ocean && !t.lava;
                if (!isFoliage) return true;

                // VOXEL-OR-INVISIBLE for both branches (voxel mesh + cull/placeholder):
                // force the vanilla tilemap sprite off before any other processing.
                SuppressVanillaTileSprite(__instance, pTile, t);

                // Resolve the variation sprite the vanilla path would have flushed.
                // WorldTilemap.getVariation returns a UnityEngine.Tilemaps.Tile whose
                // .sprite is the atlas-resolved frame. Assembly-CSharp-Publicized
                // exposes the private member directly.
                Sprite? sprite = null;
                try
                {
                    Tile variation = __instance.getVariation(pTile);
                    if (variation != null) sprite = variation.sprite;
                }
                catch
                {
                    sprite = null;
                }
                // Fallback: TileSprites.main if the variation lookup didn't yield
                // a usable sprite (e.g. force_edge_variation with a sparse atlas).
                if (sprite == null)
                {
                    var ts = t.sprites;
                    if (ts != null)
                    {
                        try { sprite = ts.main?.sprite; } catch { /* fall through */ }
                    }
                }
                if (sprite == null) return false;

                if (t.life && !FoliageDensity.ShouldRender(pTile.pos.x, pTile.pos.y, sprite.name, Core.savedSettings.FoliageDensity))
                {
                    return false;
                }

                if (!FoliageMaterial.EnsureMaterial()) return false;
                Material? mat = FoliageMaterial.Get();
                if (mat == null) return false;

                // VOXEL-OR-INVISIBLE POLICY (user, 2026-05-30): foliage must be a REAL
                // voxel volume or NOTHING — NEVER a crossed-quad X / 2.5D slab. Grass
                // now routes through the rounded balloon voxelizer so it reads as a tuft,
                // while trees/bushes (.life) route through the OrganicBlob volume mesh.
                // Road remains a flat ground decal (it is genuinely a ground surface,
                // not an upright object).
                //
                // If the voxel mesh isn't ready this frame (async build pending) the tile
                // renders nothing — we return false to suppress the vanilla 2D Tilemap
                // flush so the native billboard never shows through, and the foliage simply
                // pops in once the voxel mesh is built.
                Mesh? mesh;
                if (t.road)
                {
                    mesh = VoxelMeshCache.Get(sprite, ShapeHint.Flat, true, VoxelEntityType.Unknown);
                }
                else if (t.grass)
                {
                    mesh = VoxelMeshCache.Get(sprite, ShapeHint.Mirror, true, VoxelEntityType.Unknown);
                }
                else
                {
                    mesh = VoxelMeshCache.Get(sprite, ShapeHint.OrganicBlob, true, VoxelEntityType.Unknown);
                }
                if (mesh == null || mesh.vertexCount == 0)
                {
                    // Suppress the vanilla 2D overlay (return false) so no billboard shows;
                    // the voxel foliage pops in next frame once the async build completes.
                    return false;
                }

                Vector2 pos2 = new Vector2(pTile.pos.x, pTile.pos.y);
                Vector3 pos3 = Tools.To3DTileHeight(pos2);
                Quaternion rot = Tools.GetRotation(pTile.pos);
                // WHY: foliage meshes are built at raw sprite-pixel size; without the
                // shared VoxelScaleMultiplier (8x) they render sub-pixel against the
                // 8x-scaled 3D world and are effectively invisible (same fix as the
                // actor/building/drop voxel paths in VoxelRender).
                float foliageScale = Mathf.Max(1f, Core.savedSettings.VoxelScaleMultiplier * Core.savedSettings.FoliageVoxelScaleFactor);
                Matrix4x4 trs = Matrix4x4.TRS(pos3, rot, Vector3.one * foliageScale);

                if (!t.road && t.life)
                {
                    WorldSphereMod.Fx.Environmental.EnqueueLeaf(pos3);
                    if (Core.savedSettings.DayNightCycle)
                    {
                        WorldSphereMod.Fx.Environmental.EnqueueFirefly(pos3);
                    }
                }

                // Per-instance tint sampled from the sprite's opaque pixels —
                // routed via Submit's color arg, which the batcher feeds into
                // _Color on the MaterialPropertyBlock. OpaqueVertexColor /
                // FoliageWind both multiply vertex.color × _Color, so the
                // mesh's sway-encoded vertex colors come through as the actual
                // foliage hue instead of emissive white.
                Color tint = SpriteAverageColorCache.Sample(sprite);
                MeshInstanceBatcher.Submit(mesh, mat, trs, tint);

                // Update the diff memo. The cached sprite reference lets a future
                // pass skip re-resolving the variation when the tile is still in
                // the same TileType; vanilla's own diff key
                // (last_rendered_tile_type) still drives whether renderTile gets
                // called in the first place.
                _lastSprite[pTile] = sprite;

                // Skip the upstream Tilemap.SetTiles flush — we drew the overlay.
                return false;
            }
            catch (System.Exception ex)
            {
                Debug.LogError("[WSM3D] FoliageTileRender.Prefix: " + ex);
                return true;
            }
        " to contain "VoxelMeshCache.Get(sprite, ShapeHint.Flat)" because road overlays must stay flat decals via the shared voxel mesh cache.
  Stack Trace:
     at FluentAssertions.Primitives.StringAssertions`1.Contain(String expected, String because, Object[] becauseArgs)
   at Phase3bSurfaceOverlayInvariantsTests.FoliageTileRender_routes_road_and_life_overlays_through_shared_mesh_pipeline() in E:\Dev\WorldSphereMod\tests\WorldSphereMod.Tests.E2E\Phase3bSurfaceOverlayInvariantsTests.cs:line 160
   at System.RuntimeMethodHandle.InvokeMethod(Object target, Void** arguments, Signature sig, Boolean isConstructor)
   at System.Reflection.MethodBaseInvoker.InvokeWithNoArgs(Object obj, BindingFlags invokeAttr)
  Failed WorldSphereTesterCoverageTests.LodSelector_hysteresis_requires_three_frames_before_tier_change [682 ms]
  Error Message:
   Expected source "using System.Collections.Generic;
using UnityEngine;
using WorldSphereMod.NewCamera;

namespace WorldSphereMod.LOD
{
    // VOXEL-OR-INVISIBLE (user, 2026-05-30): the render ladder has exactly TWO tiers —
    // Voxel (near: emit a real voxel mesh) and Cull (far: draw NOTHING).
    // The architecture is intentionally two-tier only; there is no intermediate billboard
    // fallback tier. Hysteresis keeps near/far flips from oscillating every frame.
    public enum LodTier { Voxel, Cull }

    public static class LodSelector
    {
        const float FAR_RING_MULTIPLIER = 4f;
        // When the GPU can't run the voxel path at all (no compute/indirect), everything
        // is culled rather than rendering sprites or billboards — voxel-or-invisible
        // holds even on the compatibility path.
        public static bool FallbackOnlyMode;
        // Apparent-size threshold: entity voxelizes when its angular size (height/dist/tanHalfFov)
        // exceeds this fraction. Lower = larger voxel-render radius.
        // 0.08 → voxelMaxDist≈43 for buildings (entityH=4, lodScale=0.5) — too small, buildings
        // at dist=110 (normal zoom) all cull. 0.02 → voxelMaxDist≈173 — covers observed distances
        // with margin; truly far buildings (>173 units) still cull. (#208 lod-cull fix)
        public static float VoxelThreshold = 0.01f;

        struct LodHysteresis
        {
            public LodTier current;
            public LodTier pending;
            public int pendingFrames;
        }

        static readonly Dictionary<int, LodHysteresis> _hyst = new Dictionary<int, LodHysteresis>();

        // WHY: a tier change requires crossing the boundary by this fraction (deadband)
        // AND persisting this many frames. Without a distance deadband, actors sitting
        // near the hard threshold flipped Voxel<->Cull every frame as the camera panned,
        // producing the left-to-right LOD WAVE the user observed.
        const float _hystMargin = 0.25f;   // 25% squared-distance deadband around the boundary
        const int _hystFrames = 3;          // proposed tier must persist N frames before promotion

        // Building path uses a wider deadband and no multi-frame wait to avoid
        // synchronized full-frame Cull/voxel flips.
        const float _buildingHystMargin = 0.45f;
        const int _buildingHystFrames = 1;

        // Cached squared-distance LOD threshold; recomputed only when any of the inputs
        // (camera FOV, LODScale, VoxelThreshold, VoxelScaleMultiplier) change. Saves an
        // Mathf.Tan, a divide and a mul per actor per frame; per-actor cost collapses to a
        // single squared-distance compare.
        static float _cachedFov = float.NaN;
        static float _cachedLodScale = float.NaN;
        static float _cachedVoxelThreshold = float.NaN;
        static float _cachedVoxelScale = float.NaN;
        static float _voxelMaxDistSqr;
        static bool _loggedLodPolicy;
        // Base vanilla actor sprite half-height in world units. Actual rendered
        // height = _baseEntityHeight * VoxelScaleMultiplier. Read VoxelScaleMultiplier
        // at runtime so the LOD math tracks the live setting (otherwise stale JSON or
        // a user-changed multiplier silently culls every actor — see
        // project_wsm3d_lod_threshold_bug).
        const float _baseEntityHeight = 0.5f;

        public static LodTier Select(Vector3 worldPos, int instanceId)
        {
            return Select(worldPos, instanceId, 0f, _hystMargin, _hystFrames);
        }

        /// <summary>
        /// Select the LOD tier for an entity at <paramref name="worldPos"/>.
        /// <paramref name="entityHeightOverride"/> lets callers supply the actual rendered
        /// world-space height when it differs from the actor default
        /// (_baseEntityHeight * VoxelScaleMultiplier * ActorVoxelScaleFactor). Buildings
        /// do not use ActorVoxelScaleFactor — pass their real mesh height so the distance
        /// threshold is consistent with what the user sees on screen. (#208 lodCull fix)
        /// </summary>
        public static LodTier Select(Vector3 worldPos, int instanceId, float entityHeightOverride)
        {
            return Select(worldPos, instanceId, entityHeightOverride, _hystMargin, _hystFrames);
        }

        /// <summary>
        /// Building-specific LOD selection with a wider deadband and no multi-frame
        /// promotion delay to keep procedurally-rendered buildings from flapping
        /// all at once at the far threshold.
        /// </summary>
        public static LodTier SelectForBuilding(Vector3 worldPos, int instanceId, float entityHeightOverride)
        {
            return Select(worldPos, instanceId, entityHeightOverride, _buildingHystMargin, _buildingHystFrames);
        }

        static LodTier Select(
            Vector3 worldPos,
            int instanceId,
            float entityHeightOverride,
            float hysteresisMargin,
            int hysteresisFrames)
        {
            if (FallbackOnlyMode) return LodTier.Cull;

            Camera cam = CameraManager.MainCamera;
            if (cam == null) return LodTier.Voxel;
            FrustumCuller.UpdatePlanes();
            if (!FrustumCuller.IsVisible(worldPos, 2f))
                return LodTier.Cull;

            float fov = cam.fieldOfView;
            float lodScale = Core.savedSettings.LODScale;
            // Compute the squared-distance threshold. Use entityHeightOverride when provided
            // (e.g. buildings) so the threshold matches the actual rendered size, not the
            // actor-specific ActorVoxelScaleFactor. Use the shared cache only for the default
            // actor path to avoid inter-entity cache collisions.
            float voxelMaxDistSqr;
            if (entityHeightOverride > 0f)
            {
                // Per-call computation — no shared cache since entity heights vary.
                float tanHalfFov = Mathf.Max(0.0001f, Mathf.Tan(fov * 0.5f * Mathf.Deg2Rad));
                float d = entityHeightOverride * lodScale / (VoxelThreshold * tanHalfFov);
                float voxelMaxDist = d * FAR_RING_MULTIPLIER;
                voxelMaxDistSqr = voxelMaxDist * voxelMaxDist;
            }
            else
            {
                float voxelScale = Mathf.Max(0.0001f, Core.savedSettings.VoxelScaleMultiplier * Core.savedSettings.ActorVoxelScaleFactor);
                if (fov != _cachedFov || lodScale != _cachedLodScale
                    || VoxelThreshold != _cachedVoxelThreshold
                    || voxelScale != _cachedVoxelScale)
                {
                    float entityHeight = _baseEntityHeight * voxelScale;
                    float tanHalfFov = Mathf.Max(0.0001f, Mathf.Tan(fov * 0.5f * Mathf.Deg2Rad));
                    float voxelMaxDist = entityHeight * lodScale / (VoxelThreshold * tanHalfFov);
                    voxelMaxDist *= FAR_RING_MULTIPLIER;
                    _voxelMaxDistSqr = voxelMaxDist * voxelMaxDist;
                    _cachedFov = fov;
                    _cachedLodScale = lodScale;
                    _cachedVoxelThreshold = VoxelThreshold;
                    _cachedVoxelScale = voxelScale;
                }
                voxelMaxDistSqr = _voxelMaxDistSqr;
            }

            Vector3 camPos = cam.transform.position;
            float dx = worldPos.x - camPos.x;
            float dy = worldPos.y - camPos.y;
            float dz = worldPos.z - camPos.z;
            float distSqr = dx * dx + dy * dy + dz * dz;

            if (!_loggedLodPolicy)
            {
                _loggedLodPolicy = true;
                float voxelMaxDist = Mathf.Sqrt(voxelMaxDistSqr);
                Debug.Log($"[WSM3D][LOD-POLICY] farRingMult={FAR_RING_MULTIPLIER:F1} voxelMaxDist={voxelMaxDist:F3}");
            }

            // Raw tier from the bare threshold (no hysteresis).
            LodTier rawTier = distSqr < voxelMaxDistSqr ? LodTier.Voxel : LodTier.Cull;

            if (!_hyst.TryGetValue(instanceId, out LodHysteresis h))
            {
                h = new LodHysteresis { current = rawTier, pending = rawTier, pendingFrames = 0 };
                _hyst[instanceId] = h;
                return h.current;
            }

            // WHY: apply a deadband around the CURRENT tier's boundary. Only propose a
            // change once distance crosses the boundary by the configured margin. An object that
            // stays inside the band keeps its tier no matter how the camera pans — this
            // kills the wave.
            LodTier proposed = ProposeWithDeadband(distSqr, h.current, voxelMaxDistSqr, hysteresisMargin);

            if (h.current == proposed)
            {
                h.pending = proposed;
                h.pendingFrames = 0;
                _hyst[instanceId] = h;
                return h.current;
            }

            if (h.pending == proposed)
            {
                h.pendingFrames++;
                if (h.pendingFrames >= hysteresisFrames)
                {
                    h.current = proposed;
                    h.pendingFrames = 0;
                }
            }
            else { h.pending = proposed; h.pendingFrames = 1; }

            _hyst[instanceId] = h;
            return h.current;
        }

        // Hysteresis deadband around the single Voxel<->Cull boundary. Entering Voxel
        // (near) requires distance to drop well below the boundary; leaving Voxel for Cull
        // (far) requires it to rise well above. A small per-frame distance jitter therefore
        // never flips the tier.
        static LodTier ProposeWithDeadband(float distSqr, LodTier current, float voxelMaxDistSqr, float hysteresisMargin)
        {
            float voxelEnter = voxelMaxDistSqr * (1f - hysteresisMargin); // closer than this to ENTER Voxel
            float voxelExit  = voxelMaxDistSqr * (1f + hysteresisMargin); // farther than this to LEAVE Voxel

            switch (current)
            {
                case LodTier.Voxel:
                    return distSqr > voxelExit ? LodTier.Cull : LodTier.Voxel;
                default: // Cull
                    return distSqr < voxelEnter ? LodTier.Voxel : LodTier.Cull;
            }
        }

        public static void ResetHysteresis()
        {
            _hyst.Clear();
        }

        public static void Remove(int instanceId) { _hyst.Remove(instanceId); }
    }
}
" to contain "if (h.pendingFrames >= _hystFrames)".
  Stack Trace:
     at FluentAssertions.Primitives.StringAssertions`1.Contain(String expected, String because, Object[] becauseArgs)
   at WorldSphereTesterCoverageTests.LodSelector_hysteresis_requires_three_frames_before_tier_change() in E:\Dev\WorldSphereMod\tests\WorldSphereMod.Tests.E2E\WorldSphereTesterCoverageTests.cs:line 89
   at System.RuntimeMethodHandle.InvokeMethod(Object target, Void** arguments, Signature sig, Boolean isConstructor)
   at System.Reflection.MethodBaseInvoker.InvokeWithNoArgs(Object obj, BindingFlags invokeAttr)
[xUnit.net 00:00:03.54]     VoxelRenderInvariantsTests.VoxelRender_reset_clears_material_state_and_diagnostics [FAIL]
[xUnit.net 00:00:03.89]     VoxelMeshCacheInvariantsTests.VoxelMeshCache_exposes_cache_lifecycle_and_build_entrypoints [FAIL]
[xUnit.net 00:00:03.90]     BuildingStyleProcgenInvariantsTests.BuildingProcRender_patch_gates_on_ProceduralBuildings_not_style_toggle [FAIL]
[xUnit.net 00:00:03.90]     SourceContentInvariantsTests.VoxelRender_cs_EnsureMaterial_excludes_default_sprites_and_hidden_colored [FAIL]
  Failed VoxelRenderInvariantsTests.VoxelRender_reset_clears_material_state_and_diagnostics [832 ms]
  Error Message:
   Expected source "using System;
using System.Collections.Generic;
using System.Diagnostics;
using System.Threading;
using HarmonyLib;
using UnityEngine;
using WorldSphereMod.NewCamera;
using WorldSphereMod.Textures;
using Debug = UnityEngine.Debug;

namespace WorldSphereMod.Voxel
{
    /// <summary>
    /// Phase 1 wiring. Sits on top of <see cref="VoxelMeshCache"/> + <see cref="MeshInstanceBatcher"/>
    /// and provides the two integration points the rest of the mod needs:
    ///   • <see cref="EnsureMaterial"/> — lazy material resolution (no shader asset shipped yet).
    ///   • <see cref="Submit"/> / <see cref="Flush"/> — the per-frame submission API.
    ///
    /// The actual per-actor / per-building submission happens in this file's Harmony
    /// patches as a Postfix on the existing render-data calculation passes. They run
    /// AFTER the upstream Prefix has populated <c>render_data</c>, then walk it,
    /// emit voxel meshes, and finally suppress the upstream sprite render by clearing
    /// <c>has_normal_render</c> for the actors we drew in 3D.
    ///
    /// Gated behind <see cref="SavedSettings.VoxelEntities"/>. Default off during
    /// alpha — flip in the in-game settings tab once a tester confirms it renders.
    /// </summary>
    public static class VoxelRender
    {
        const float BuildingMaxScale = 3.0f;
        internal static Material? _material;
        static bool _materialAttempted;
        static bool _materialProbeLogged;
        static bool _materialDebugLogged;
        static bool _firstActorPosLogged;
        static int _actorVoxelColorSampleCount;
        static bool _actorVoxelDiagnosticLogged;
        static bool _actorSkeletalDiagnosticLogged;
        static bool _actorSpriteDrawDiagLogged;
        static int _actorDrawDiagThrottle;
        static bool _normalRenderDiagLogged;
        static readonly List<Vector3> _actorVoxelSubmitTranslations = new(5);
        static readonly Dictionary<ActorSpriteCardMeshKey, Mesh> _actorSpriteCardMeshes = new();
        static readonly Dictionary<Texture2D, Material> _actorSpriteCardMaterials = new();
        static readonly Dictionary<ActorSpriteCardBatchKey, List<Matrix4x4>> _actorSpriteCardBatches = new(); // BACK (emit fills)
        // FRONT buffer: the per-frame flush redraws this every frame. Replaced wholesale at emit-end.
        static readonly Dictionary<ActorSpriteCardBatchKey, List<Matrix4x4>> _actorSpriteCardFront = new();
        // CUMULATIVE actor draw counter — NOTHING else resets this (unlike MeshInstanceBatcher.
        // FrameDrawCalls which the batcher zeroes mid-frame, corrupting the bridge reading). Lets us
        // measure whether the actor flush actually draws every frame: sample twice, delta should
        // grow by ~1/frame steadily if drawing stably, or stay flat/jump if flickering.
        public static long ActorDrawCallsCumulative;
        public static int ActorFrontCount;
        static readonly object _actorSpriteCardBatchLock = new();
        static readonly Matrix4x4[] _actorSpriteCardMatrices = new Matrix4x4[1023];
        const int MaxSpriteCardInstancedBatch = 1023;
        static readonly int _actorSpriteCardMainTexId = Shader.PropertyToID("_MainTex");
        static readonly int _actorSpriteCardColorId = Shader.PropertyToID("_Color");
        static readonly int _actorSpriteCardBaseColorId = Shader.PropertyToID("_BaseColor");

        /// <summary>
        /// Destroy the cached material and clear the resolve-attempted latch. Call when
        /// the world reloads — static fields outlive Unity's scene teardown and the
        /// underlying Material may have been invalidated.
        /// Wired from WorldUnloadPatch.OnFinish (Core.Sphere.Finish Prefix).
        /// </summary>
        public static void Reset()
        {
            // Drain the batcher BEFORE destroying the material — pending
            // submissions hold references to meshes/materials that become
            // destroyed-Unity-null after this method runs, causing NRE in
            // DrawFallbackPath when Flush iterates stale bucket keys.
            MeshInstanceBatcher.Reset();
            if (_material != null) UnityEngine.Object.Destroy(_material);
            _material = null;
            _materialAttempted = false;
            _materialProbeLogged = false;
            SanityTestCube.Reset();
            _materialDebugLogged = false;
            _firstActorPosLogged = false;
            _actorVoxelDiagnosticLogged = false;
            _actorVoxelColorSampleCount = 0;
            _actorSkeletalDiagnosticLogged = false;
            _actorSpriteDrawDiagLogged = false;
            _actorVoxelSubmitTranslations.Clear();
            ClearActorSpriteCardState();
            _flushDiagLogged = false;
            _submitDiagLogged = false;
            ActorVoxelEmit.ResetDiag();
            BuildingVoxelEmit.ResetDiag();
            // Clear render-error telemetry + queued markers on world reload — stale counts
            // from a prior world would otherwise pollute /diag/errors.
            RenderErrorRegistry.Reset();
            RenderErrorMarkers.Reset();
        }

        static void ClearActorSpriteCardState()
        {
            lock (_actorSpriteCardBatchLock)
            {
                foreach (var kv in _actorSpriteCardMeshes)
                {
                    if (kv.Value != null) UnityEngine.Object.Destroy(kv.Value);
                }
                _actorSpriteCardMeshes.Clear();

                foreach (var kv in _actorSpriteCardMaterials)
                {
                    if (kv.Value != null) UnityEngine.Object.Destroy(kv.Value);
                }
                _actorSpriteCardMaterials.Clear();

                foreach (var batch in _actorSpriteCardBatches.Values)
                {
                    batch.Clear();
                }
                _actorSpriteCardBatches.Clear();
            }
        }

        /// <summary>
        /// Resolve a material capable of rendering the voxel mesh's per-vertex colors.
        /// Walks a fallback chain of Unity built-in shaders so we don't need to ship a
        /// new shader asset in Phase 1 (Phase 5 introduces VoxelLit.shader and a real
        /// lit + shadow-casting material via the AssetBundle).
        /// </summary>
        public static bool EnsureMaterial()
        {
            if (_materialAttempted || _material != null)
            {
                if (_material != null && _material.shader != null &&
                    _material.shader.name == "Standard" &&
                    Core.Sphere.LoadedShaders.ContainsKey("OpaqueVertexColor"))
                {
                    Material? upgrade = TryCompileInlineVoxelShader();
                    if (upgrade != null)
                    {
                        UnityEngine.Object.Destroy(_material);
                        _material = upgrade;
                        McPackLoader.ApplyToMaterial(_material);
                        Debug.Log("[WSM3D] Voxel material upgraded from Standard to OpaqueVertexColor (late bundle load).");
                    }
                }
                if (MeshInstanceBatcher.UseFallbackPath && _material != null && _material.enableInstancing)
                {
                    _material.enableInstancing = false;
                }
                return _material != null;
            }
            _materialAttempted = true;

            // 60f1 ships a STRIPPED shader set: Particles/*, URP/*, Unlit/* all
            // return null at runtime, so reaching for them produced null → magenta
            // voxels. ResolveShader maps to "Standard" only — never Unlit/URP.
            string[] candidates =
            {
                "Standard",
            };
            var shaderLookup = new Dictionary<string, Shader>();
            foreach (var name in candidates)
            {
                Shader s = WorldSphereMod.Core.Sphere.ResolveShader("");
                shaderLookup[name] = s;
                if (!_materialProbeLogged)
                {
                    Debug.Log($"[WSM3D][MATERIAL] Shader probe: '{name}' {(s != null ? "FOUND" : "MISSING")}");
                }
            }
            _materialProbeLogged = true;
            // First try a custom inline opaque-vertex-color shader. Built-in
            // candidates that DON'T consume vertex colors (Standard) leave voxel
            // meshes gray/black; ones that DO are typically transparent
            // (Sprites/Default) — the open-box-see-through bug. This inline
            // shader is opaque AND consumes vertex colors as the only albedo.
            Material? inlineMat = TryCompileInlineVoxelShader();
            if (inlineMat != null)
            {
                _material = inlineMat;
                McPackLoader.ApplyToMaterial(_material);
                Debug.Log("[WSM3D] Voxel material resolved via inline 'WSM3D/OpaqueVertexColor'.");
                return true;
            }

            foreach (var name in candidates)
            {
                Shader? s = shaderLookup.TryGetValue(name, out Shader? resolved) ? resolved : null;
                if (s == null) continue;
                Material m = new Material(s) { name = "WSM3D.Voxel.Placeholder" };
                m.enableInstancing = true;
                // Enable INSTANCING_ON keyword so Standard shader's instanced
                // variant actually compiles. Without this keyword, Unity skips
                // the instanced code path even when enableInstancing=true.
                m.EnableKeyword("INSTANCING_ON");
                if (MeshInstanceBatcher.UseFallbackPath)
                {
                    m.enableInstancing = false;
                }
                // Force opaque alpha-cutout on transparent shaders (Sprites/Default
                // especially) so voxel cubes render with vertex colors but stop
                // showing all inner faces. ZWrite ON + One/Zero blend + AlphaTest
                // keyword + Cutoff = solid voxel pixels visible, transparent
                // pixels punched out, no see-through.
                try
                {
                    m.SetInt("_SrcBlend", (int)UnityEngine.Rendering.BlendMode.One);
                    m.SetInt("_DstBlend", (int)UnityEngine.Rendering.BlendMode.Zero);
                    m.SetInt("_ZWrite", 1);
                    m.DisableKeyword("_ALPHABLEND_ON");
                    m.DisableKeyword("_ALPHAPREMULTIPLY_ON");
                    // CRITICAL: Standard shader's alpha-test branch samples
                    // tex2D(_MainTex, uv).a × _Color.a. _MainTex is NOT set on
                    // this material → tex2D returns alpha=0 → every fragment
                    // fails the Cutoff=0.5 test → 100% invisible.
                    // Now that renderQueue is Geometry+1 (opaque pass) we don't
                    // need AlphaTest — disable the keyword so fragments aren't
                    // discarded for lacking a _MainTex they don't need.
                    m.DisableKeyword("_ALPHATEST_ON");
                    m.SetFloat("_Cutoff", 0.0f);
                    // Opaque-Geometry + 1 (queue 2001) instead of AlphaTest (2450)
                    // so voxel meshes render in the OPAQUE pass right after terrain
                    // (queue 2000). At AlphaTest queue we were rendering AFTER all
                    // transparent passes — terrain wasn't covering us but the depth
                    // buffer post-pass interactions made meshes invisible at this
                    // camera altitude. Geometry+1 = same opaque pass, just sorted
                    // after terrain so we don't z-fight ties with biome cubes.
                    m.renderQueue = (int)UnityEngine.Rendering.RenderQueue.Geometry + 1;
                }
                catch { /* shader doesn't have these props — fine */ }
                // Belt+suspenders: always set _MainTex to a 1x1 white texture and
                // _Color to white so ANY shader that samples _MainTex.a in its
                // alpha-test / opaque path gets alpha=1 (passes any cutoff). Without
                // this, Standard (and possibly URP Lit) shaders default _MainTex to
                // null → tex2D returns alpha=0 → entire mesh discarded.
                try
                {
                    m.SetTexture("_MainTex", UnityEngine.Texture2D.whiteTexture);
                    m.SetColor("_Color", UnityEngine.Color.white);
                    m.SetTexture("_BaseMap", UnityEngine.Texture2D.whiteTexture);
                    m.SetColor("_BaseColor", UnityEngine.Color.white);
                    // FORCE EMISSION = white. Standard shader is LIT — without
                    // ambient/directional light hitting these meshes, they render
                    // BLACK regardless of _Color. Emission bypasses lighting:
                    // pixels emit the _EmissionColor value directly into the
                    // framebuffer. Combined with the _MainTex=white above,
                    // every voxel renders as pure white = visible against any
                    // background.
                    // RE-ENABLE EMISSION at 0.5 brightness. User screenshot at
                    // alpha.8 close-zoom showed actors rendering BLACK (Standard
                    // shader unlit because WorldBox scene has no directional/ambient
                    // light reaching the voxel layer). Without emission they're
                    // invisible-against-grass-tile-dark. With emission=white they
                    // override per-actor color. 0.5 grey emission is the compromise:
                    // self-emit enough light to see against grass, but leave headroom
                    // for per-instance _Color tints via MaterialPropertyBlock to
                    // actually shift the visible color.
                    m.EnableKeyword("_EMISSION");
                    // BLACK-VOXEL FIX: Standard shader is LIT; without enough scene light,
                    // every voxel pixel computes to ~0 → black. Available shaders here are
                    // only 'Standard' and 'Sprites/Default'; Particles/* and URP/* all returned
                    // MISSING from Shader.Find. Bump emission to 1.5 (super-bright) so it
                    // dominates the unlit contribution + actually makes voxels visible.
                    // Without per-vertex emission texture we can't tint emission per-pixel,
                    // but this at least lifts everything off black floor.
                    float emissionMultiplier = Core.savedSettings != null ? Core.savedSettings.ImpostorEmissionMultiplier : 1.5f;
                    m.SetColor("_EmissionColor", new UnityEngine.Color(emissionMultiplier, emissionMultiplier, emissionMultiplier, 1f));
                    m.globalIlluminationFlags = UnityEngine.MaterialGlobalIlluminationFlags.RealtimeEmissive;
                }
                catch { }
                ConfigureVoxelMaterial(m, name);
                ConfigureVertexColorShaderMode(m, name);
                McPackLoader.ApplyToMaterial(m);
                LogVoxelMaterialPassDetails(m, name);
                _material = m;
                Debug.Log($"[WSM3D] Voxel material resolved via '{name}'.");
                return true;
            }
            Debug.LogWarning("[WSM3D] No usable shader found; voxel renderer disabled.");
            return false;
        }


        // Attempt to construct an inline opaque vertex-color shader at runtime.
        // Returns null if Unity refuses to compile it (older Unity versions).
        static Material? TryCompileInlineVoxelShader()
        {
            try
            {
                // First check the bundle-loaded shaders cache (Shader.Find
                // doesn't see AssetBundle shaders unless they're Always-Included).
                Shader? existing = null;
                if (WorldSphereMod.Core.Sphere.LoadedShaders.TryGetValue("OpaqueVertexColor", out var bundled) && bundled != null)
                {
                    existing = bundled;
                    Debug.Log("[WSM3D] Voxel shader resolved via Core.Sphere.LoadedShaders cache.");
                }
                if (existing == null) existing = Shader.Find("WSM3D/OpaqueVertexColor");
                if (existing != null)
                {
                    Material inlineMaterial = new Material(existing) { name = "WSM3D.Voxel.OpaqueVertexColor", enableInstancing = true };
                    // Geometry+1 (queue 2001) so voxel meshes render just AFTER
                    // terrain (queue 2000). Without this, voxels at Geometry share
                    // the same render queue as terrain and z-fight — losing to
                    // terrain fragments at the same depth, producing invisible output.
                    inlineMaterial.renderQueue = (int)UnityEngine.Rendering.RenderQueue.Geometry + 1;
                    // Belt+suspenders: set _MainTex to white and _EmissionColor to
                    // the same boost the Standard fallback uses. The shader defaults
                    // _MainTex to "white" {} but some Unity runtimes leave it null
                    // until explicitly set; _EmissionColor defaults to black in the
                    // Properties block which is too dim in unlit WorldBox scenes.
                    inlineMaterial.SetTexture("_MainTex", UnityEngine.Texture2D.whiteTexture);
                    inlineMaterial.SetColor("_Color", UnityEngine.Color.white);
                    inlineMaterial.SetColor("_EmissionColor", new UnityEngine.Color(0.15f, 0.15f, 0.15f, 1f));
                    if (MeshInstanceBatcher.UseFallbackPath)
                    {
                        inlineMaterial.enableInstancing = false;
                    }
                    ConfigureVoxelMaterial(inlineMaterial, "WSM3D/OpaqueVertexColor");
                    ConfigureVertexColorShaderMode(inlineMaterial, "WSM3D/OpaqueVertexColor");
                    McPackLoader.ApplyToMaterial(inlineMaterial);
                    return inlineMaterial;
                }
                // Unity 2022 doesn't have a public runtime ShaderLab compile API.
                // The .shader source lives at WorldSphereMod/AssetBundles/Shaders/
                // OpaqueVertexColor.shader. Bake step: open Unity 2022.3 project,
                // import that .shader, build AssetBundle 'worldsphere' platform-aware.
                // Until baked, falls through to Standard + emission boost (visible).
                return null;
            }
            catch { return null; }
        }

        static readonly int _baseColorId = Shader.PropertyToID("_BaseColor");
        static readonly int _smoothnessId = Shader.PropertyToID("_Smoothness");
        static readonly int _metallicId = Shader.PropertyToID("_Metallic");
        static readonly int _cubemapId = Shader.PropertyToID("_Cubemap");
        static readonly int _cullId = Shader.PropertyToID("_Cull");

        /// <summary>
        /// Configure whichever URP path we selected for the current run:
        ///  - URP Simple Lit: supports per-vertex color tint path better than full Lit.
        ///  - URP Lit: keep this as fallback for stronger BRDF, but also set tint/roughness
        ///    and probe inputs where supported.
        ///  - URP Unlit/Particles: keep a pure unlit pipeline and only set base tint so
        ///    per-instance color multiplies as expected.
        /// </summary>
        static void ConfigureVoxelMaterial(Material material, string shaderName)
        {
            material.SetInt(_cullId, 0);

            bool isLit = shaderName == "Universal Render Pipeline/Lit" || shaderName == "Universal Render Pipeline/Simple Lit";
            bool isUnlit = shaderName == "Universal Render Pipeline/Unlit" ||
                           shaderName == "Universal Render Pipeline/Particles/Unlit";

            if (isLit)
            {
                material.SetColor(_baseColorId, Color.white);
                material.SetFloat(_smoothnessId, 0.2f);
                material.SetFloat(_metallicId, 0.0f);

                // Cubemap probe hookup is best-effort: set only when the active
                // scene skybox provides a true Cubemap texture directly.
                if (RenderSettings.skybox != null && RenderSettings.skybox.mainTexture is Cubemap skyCubemap)
                {
                    material.SetTexture(_cubemapId, skyCubemap);
                    Debug.Log("[WSM3D] Voxel material configured with skybox cubemap reflection probe.");
                }
                else
                {
                    Debug.Log("[WSM3D] Voxel material resolved without cubemap probe; using fallback ambient diffuse.");
                }
                return;
            }

            if (isUnlit)
            {
                // Unlit variants do not use metallic/smoothness in this phase; keep
                // base color at white so <see cref=\"_InstanceColor\"/> remains the
                // effective tint multiplier.
                material.SetColor(_baseColorId, Color.white);
                return;
            }

            // Keep non-URP fallbacks clean and deterministic: don't assume URP-lit property names.
            material.color = Color.white;
        }

        static void ConfigureVertexColorShaderMode(Material material, string shaderName)
        {
            if (material == null || material.shader == null) return;

            if (shaderName == "Particles/Standard Surface" ||
                shaderName == "Particles/Standard Unlit")
            {
                material.EnableKeyword("_VERTEX_COLOR_ON");
                return;
            }

            material.DisableKeyword("_VERTEX_COLOR_ON");
        }

        static void LogVoxelMaterialPassDetails(Material material, string shaderName)
        {
            if (_materialDebugLogged) return;
            _materialDebugLogged = true;

            if (material == null)
            {
                Debug.LogWarning("[WSM3D] Voxel material diagnostics skipped: material is null.");
                return;
            }

            string shaderNameSafe = material.shader != null ? material.shader.name : "<null shader>";
            string keywords = material.shaderKeywords != null && material.shaderKeywords.Length > 0
                ? string.Join(", ", material.shaderKeywords)
                : "<none>";

            string renderType = material.GetTag("RenderType", true, "<none>");
            string queueTag = material.GetTag("Queue", false, "<none>");
            Debug.Log($"[WSM3D][MATERIAL] VOXEL sourceCandidate='{shaderName}' resolvedShader='{shaderNameSafe}' passCount={material.passCount} renderQueue={material.renderQueue} renderType={renderType} queueOverride={queueTag}");
            Debug.Log($"[WSM3D][MATERIAL] VOXEL shaderKeywords=[{keywords}]");
            if (renderType == "<none>" || string.IsNullOrEmpty(renderType))
            {
                material.SetOverrideTag("RenderType", "Opaque");
                Debug.LogWarning($"[WSM3D][MATERIAL] VOXEL sourceCandidate='{shaderName}' missing RenderType; forced override to 'Opaque'. renderQueue={material.renderQueue} renderType={material.GetTag("RenderType", true, "<none>")}");
            }

            for (int pass = 0; pass < material.passCount; pass++)
            {
                string passName = material.GetPassName(pass);
                Debug.Log($"[WSM3D][MATERIAL] VOXEL pass[{pass}] name='{passName}'");
            }
        }

        internal static int _submitDiagCount;
        static bool _submitDiagLogged;

        /// <summary>Per-frame submission. Matrix should already include scale.</summary>
        public static bool Submit(Mesh mesh, Matrix4x4 trs, Color tint)
        {
            // Removed: if (InstancingBroken) return false. Once instancing throws,
            // MeshInstanceBatcher.Flush has a working Graphics.DrawMesh fallback path.
            // Pre-empting Submit here used to permanently disable voxel rendering after
            // the first instancing exception. Now we always submit; Flush picks the right path.
            if (_material == null && !EnsureMaterial()) return false;
            _submitDiagCount++;
            // TEMPORARY DIAGNOSTIC: log first non-sanity-cube submit
            if (!_submitDiagLogged && Core.savedSettings.ProfilerDump && mesh != null && mesh.name != "WSM3D.SanityTestCube")
            {
                _submitDiagLogged = true;
                Debug.Log($"[WSM3D][DIAG-SUBMIT] First non-sanity Submit: mesh={mesh.name} verts={mesh.vertexCount} matName={_material?.name} trs.pos={trs.GetColumn(3)} tint={tint} totalSubmits={_submitDiagCount}");
            }
            MeshInstanceBatcher.Submit(mesh, _material!, trs, tint);
            return true;
        }

        public static Material? GetResolvedMaterial()
        {
            return EnsureMaterial() ? _material : null;
        }

        static bool _flushDiagLogged;

        /// <summary>Issue all batched draw calls. Call once per frame after submissions.</summary>
        public static void Flush()
        {
            // TEMPORARY DIAGNOSTIC: one-shot log to track Flush calls
            if (!_flushDiagLogged && Core.savedSettings.ProfilerDump)
            {
                _flushDiagLogged = true;
                Debug.Log($"[WSM3D][DIAG-FLUSH] VoxelRender.Flush CALLED materialNull={_material == null} hasPending={MeshInstanceBatcher.HasPendingSubmissions} bucketCount={MeshInstanceBatcher.FrameBucketCount} instances={MeshInstanceBatcher.FrameInstances} drawCalls={MeshInstanceBatcher.FrameDrawCalls}");
            }
            if (_material == null) return;
            Camera flushCamera = ResolveFlushCamera();
            LogActorVoxelSubmitDiagnostics(flushCamera);

            if (!Core.savedSettings.ProfilerDump)
            {
                MeshInstanceBatcher.Flush();
                VoxelMeshCache.Tick();
                Bridge.BridgeServer.RefreshTelemetryCache();
                return;
            }

            var totalSw = Stopwatch.StartNew();
            var batchSw = Stopwatch.StartNew();
            MeshInstanceBatcher.Flush();
            batchSw.Stop();
            Debug.Log($"[WSM3D][PERF] VoxelRender.Flush.MeshInstanceBatcher={batchSw.Elapsed.TotalMilliseconds:F3}ms");

            var cacheSw = Stopwatch.StartNew();
            VoxelMeshCache.Tick();
            cacheSw.Stop();
            Debug.Log($"[WSM3D][PERF] VoxelRender.Flush.VoxelMeshCache.Tick={cacheSw.Elapsed.TotalMilliseconds:F3}ms");

            totalSw.Stop();
            Debug.Log($"[WSM3D][PERF] VoxelRender.Flush total={totalSw.Elapsed.TotalMilliseconds:F3}ms");
            Bridge.BridgeServer.RefreshTelemetryCache();
        }

        static void LogActorVoxelSubmitDiagnostics(Camera? camera)
        {
            if (_actorVoxelSubmitTranslations.Count == 0 || !Core.savedSettings.ProfilerDump) return;

            Debug.Log($"[WSM3D][DIAG] Actor-voxel TRS.GetColumn(3) first {_actorVoxelSubmitTranslations.Count} submissions:");
            for (int i = 0; i < _actorVoxelSubmitTranslations.Count; i++)
            {
                Debug.Log($"[WSM3D][DIAG]  sample[{i}] trsPos={_actorVoxelSubmitTranslations[i]}");
            }

            LogCameraFrustumBounds(camera);
            _actorVoxelSubmitTranslations.Clear();
        }

        static void LogCameraFrustumBounds(Camera? cam)
        {
            if (cam == null || !Core.savedSettings.ProfilerDump) return;

            Vector3 nearBL = cam.ViewportToWorldPoint(new Vector3(0f, 0f, cam.nearClipPlane));
            Vector3 nearBR = cam.ViewportToWorldPoint(new Vector3(1f, 0f, cam.nearClipPlane));
            Vector3 nearTL = cam.ViewportToWorldPoint(new Vector3(0f, 1f, cam.nearClipPlane));
            Vector3 nearTR = cam.ViewportToWorldPoint(new Vector3(1f, 1f, cam.nearClipPlane));
            Vector3 farBL = cam.ViewportToWorldPoint(new Vector3(0f, 0f, cam.farClipPlane));
            Vector3 farBR = cam.ViewportToWorldPoint(new Vector3(1f, 0f, cam.farClipPlane));
            Vector3 farTL = cam.ViewportToWorldPoint(new Vector3(0f, 1f, cam.farClipPlane));
            Vector3 farTR = cam.ViewportToWorldPoint(new Vector3(1f, 1f, cam.farClipPlane));

            Vector3 min = Vector3.Min(Vector3.Min(nearBL, nearBR), Vector3.Min(nearTL, nearTR));
            min = Vector3.Min(min, Vector3.Min(farBL, farBR));
            min = Vector3.Min(min, Vector3.Min(farTL, farTR));
            Vector3 max = Vector3.Max(Vector3.Max(nearBL, nearBR), Vector3.Max(nearTL, nearTR));
            max = Vector3.Max(max, Vector3.Max(farBL, farBR));
            max = Vector3.Max(max, Vector3.Max(farTL, farTR));

            Debug.Log($"[WSM3D][DIAG] Camera frustum {cam.name}: pos={cam.transform.position} near={cam.nearClipPlane:F2} far={cam.farClipPlane:F2} fov={cam.fieldOfView:F2} aspect={cam.aspect:F4} ortho={cam.orthographic} orthoSize={cam.orthographicSize:F3} boundsMin={min} boundsMax={max}");
        }

        static Camera? ResolveFlushCamera()
        {
            if (CameraManager.MainCamera != null && CameraManager.MainCamera.enabled) return CameraManager.MainCamera;
            return Camera.main;
        }

        readonly struct ActorSpriteCardMeshKey : IEquatable<ActorSpriteCardMeshKey>
        {
            public readonly int TextureId;
            public readonly int X;
            public readonly int Y;
            public readonly int Width;
            public readonly int Height;
            public readonly int ScaleKey;

            public ActorSpriteCardMeshKey(Texture2D tex, Sprite sprite, float scaleMultiplier)
            {
                TextureId = tex != null ? tex.GetInstanceID() : 0;
                Rect r = sprite != null ? sprite.rect : default;
                X = Mathf.RoundToInt(r.x);
                Y = Mathf.RoundToInt(r.y);
                Width = Mathf.Max(1, Mathf.RoundToInt(r.width));
                Height = Mathf.Max(1, Mathf.RoundToInt(r.height));
                ScaleKey = Mathf.Max(1, Mathf.RoundToInt(scaleMultiplier * 10000f));
            }

            public bool Equals(ActorSpriteCardMeshKey other)
            {
                return TextureId == other.TextureId &&
                       X == other.X &&
                       Y == other.Y &&
                       Width == other.Width &&
                       Height == other.Height &&
                       ScaleKey == other.ScaleKey;
            }

            public override bool Equals(object? obj) => obj is ActorSpriteCardMeshKey other && Equals(other);

            public override int GetHashCode()
            {
                unchecked
                {
                    int hash = 17;
                    hash = hash * 31 + TextureId;
                    hash = hash * 31 + X;
                    hash = hash * 31 + Y;
                    hash = hash * 31 + Width;
                    hash = hash * 31 + Height;
                    hash = hash * 31 + ScaleKey;
                    return hash;
                }
            }
        }

        readonly struct ActorSpriteCardBatchKey : IEquatable<ActorSpriteCardBatchKey>
        {
            public readonly Mesh Mesh;
            public readonly Material Material;

            public ActorSpriteCardBatchKey(Mesh mesh, Material material)
            {
                Mesh = mesh;
                Material = material;
            }

            public bool Equals(ActorSpriteCardBatchKey other)
            {
                return Mesh == other.Mesh && Material == other.Material;
            }

            public override bool Equals(object? obj) => obj is ActorSpriteCardBatchKey other && Equals(other);

            public override int GetHashCode()
            {
                unchecked
                {
                    int hash = 17;
                    hash = hash * 31 + (Mesh != null ? Mesh.GetInstanceID() : 0);
                    hash = hash * 31 + (Material != null ? Material.GetInstanceID() : 0);
                    return hash;
                }
            }
        }

        static Mesh? GetActorSpriteCardMesh(Sprite? sprite, float scaleMultiplier)
        {
            if (sprite == null || sprite.texture == null)
            {
                return null;
            }

            ActorSpriteCardMeshKey key = new(sprite.texture, sprite, scaleMultiplier);
            if (_actorSpriteCardMeshes.TryGetValue(key, out Mesh cachedMesh))
            {
                return cachedMesh;
            }

            Rect rect = sprite.rect;
            // Size the card in WORLD units like the vanilla sprite render: pixels / pixelsPerUnit.
            // Raw rect.width(px) * scaleMultiplier produced ~45-tile-wide giants (px not divided by PPU).
            float ppu = Mathf.Max(1f, sprite.pixelsPerUnit);
            float scale = scaleMultiplier;
            float width = (rect.width / ppu) * scale;
            float height = (rect.height / ppu) * scale;
            float halfWidth = width * 0.5f;
            float halfHeight = height * 0.5f;

            Texture2D tex = sprite.texture;
            float texWidth = Mathf.Max(1f, tex.width);
            float texHeight = Mathf.Max(1f, tex.height);
            Vector2 uvMin = new Vector2(rect.x / texWidth, rect.y / texHeight);
            Vector2 uvMax = new Vector2((rect.x + rect.width) / texWidth, (rect.y + rect.height) / texHeight);

            Mesh mesh = new Mesh
            {
                name = $"WSM3D.ActorCard_{tex.name}_{rect.x}_{rect.y}_{rect.width}_{rect.height}"
            };
            mesh.vertices = new[]
            {
                new Vector3(-halfWidth, -halfHeight, 0f),
                new Vector3(halfWidth, -halfHeight, 0f),
                new Vector3(-halfWidth, halfHeight, 0f),
                new Vector3(halfWidth, halfHeight, 0f),
            };
            mesh.uv = new[]
            {
                new Vector2(uvMin.x, uvMin.y),
                new Vector2(uvMax.x, uvMin.y),
                new Vector2(uvMin.x, uvMax.y),
                new Vector2(uvMax.x, uvMax.y),
            };
            mesh.triangles = new[] { 0, 1, 2, 1, 3, 2 };
            mesh.normals = new[]
            {
                Vector3.forward,
                Vector3.forward,
                Vector3.forward,
                Vector3.forward
            };
            mesh.RecalculateBounds();

            _actorSpriteCardMeshes[key] = mesh;
            return mesh;
        }

        static Material? GetActorSpriteCardMaterial(Texture2D? texture)
        {
            if (texture == null)
            {
                return null;
            }

            if (_actorSpriteCardMaterials.TryGetValue(texture, out Material existing))
            {
                return existing;
            }

            // FOUNDATION FIX (research-backed): the OrganicBlob actor mesh is a real 3D volume,
            // but Sprites/Default is UNLIT — so the volume read flat/dark (no ambient+directional
            // shading on the 164-vert mesh). Prefer a LIT shader so the 3D shape actually shows.
            // Chain: WSM3D/OpaqueVertexColor (lit + vertex-color, if the bundle loaded) ->
            // Mobile/Diffuse (lit, guaranteed built-in) -> Standard -> Sprites/Default (last resort).
            // Caller ensures the mesh has normals so lit shaders can shade it.
            Shader? shader = Shader.Find("WSM3D/OpaqueVertexColor");
            if (shader == null) shader = Shader.Find("Mobile/Diffuse");
            if (shader == null) shader = Shader.Find("Standard");
            if (shader == null) shader = Shader.Find("Sprites/Default");
            if (shader == null)
            {
                return null;
            }

            Material material = new Material(shader)
            {
                name = $"WSM3D.ActorSpriteCard.{texture.name}",
                enableInstancing = true
            };
            material.EnableKeyword("INSTANCING_ON");
            material.SetTexture(_actorSpriteCardMainTexId, texture);
            material.SetColor(_actorSpriteCardColorId, Color.white);
            material.SetColor(_actorSpriteCardBaseColorId, Color.white);
            _actorSpriteCardMaterials[texture] = material;
            return material;
        }

        static bool TryQueueActorSpriteCardRender(Material? material, Mesh mesh, Matrix4x4 trs)
        {
            if (material == null || mesh == null || mesh.vertexCount == 0)
            {
                return false;
            }

            ActorSpriteCardBatchKey key = new(mesh, material);
            lock (_actorSpriteCardBatchLock)
            {
                if (!_actorSpriteCardBatches.TryGetValue(key, out var list))
                {
                    list = new List<Matrix4x4>(16);
                    _actorSpriteCardBatches[key] = list;
                }

                list.Add(trs);
                string meshName = mesh != null ? mesh.name : "<null-mesh>";
                string materialName = material != null ? material.name : "<null-material>";
                // (CARD-QUEUE diag removed — fired per-actor-per-frame = 522K Debug.Log calls,
                //  flooded the WorldBox console overlay and tanked FPS. Chain confirmed working.)
            }
            return true;
        }

        static Quaternion GetActorCardRotation(Vector3 position)
        {
            Camera? cam = CameraManager.MainCamera;
            Vector3 toCamera = cam != null
                ? (cam.transform.position - position)
                : Vector3.back;
            if (toCamera.sqrMagnitude < 0.0001f)
            {
                toCamera = Vector3.back;
            }

            // Slightly tilt toward the camera for the intended "card" look.
            Quaternion facing = Quaternion.LookRotation(toCamera, Vector3.up);
            return facing * Quaternion.Euler(-12f, 0f, 0f);
        }

        internal static void FlushQueuedActorSpriteCards()
        {
            // (CARD-FLUSH-ENTER diag removed — per-frame log spam.)

            List<KeyValuePair<ActorSpriteCardBatchKey, List<Matrix4x4>>> batches;
            lock (_actorSpriteCardBatchLock)
            {
                // Draw the FRONT buffer (populated at emit-end). Never cleared here — redraws
                // every frame so actors persist across the intermittent-emit gap (no flicker).
                ActorFrontCount = _actorSpriteCardFront.Count;
                if (_actorSpriteCardFront.Count == 0) return;
                batches = new List<KeyValuePair<ActorSpriteCardBatchKey, List<Matrix4x4>>>(_actorSpriteCardFront);
            }

            int flushedBatches = 0;
            int totalMatrices = 0;
            string diagMaterialName = "<none>";
            string diagMeshName = "<none>";
            int diagMeshVerts = 0;

            foreach (KeyValuePair<ActorSpriteCardBatchKey, List<Matrix4x4>> pair in batches)
            {
                Mesh mesh = pair.Key.Mesh;
                Material material = pair.Key.Material;
                if (mesh == null || material == null)
                {
                    pair.Value.Clear();
                    continue;
                }

                List<Matrix4x4> matrices = pair.Value;
                int total = matrices.Count;
                int start = 0;
                while (start < total)
                {
                    int count = Mathf.Min(MaxSpriteCardInstancedBatch, total - start);
                    matrices.CopyTo(start, _actorSpriteCardMatrices, 0, count);
                    diagMaterialName = material != null ? material.name : "<null>";
                    diagMeshName = mesh != null ? mesh.name : "<null>";
                    diagMeshVerts = mesh != null ? mesh.vertexCount : 0;
                    try
                    {
                        Graphics.DrawMeshInstanced(mesh, 0, material, _actorSpriteCardMatrices, count);
                        MeshInstanceBatcher.FrameDrawCalls++;
                        ActorDrawCallsCumulative++;
                        flushedBatches++;
                        totalMatrices += count;
                    }
                    catch (System.Exception ex)
                    {
                        Debug.LogError($"[WSM3D] Actor sprite-card DrawMeshInstanced failed: {ex.GetType().Name}: {ex.Message}");
                        for (int i = start; i < start + count; i++)
                        {
                            try
                            {
                                Graphics.DrawMesh(mesh, _actorSpriteCardMatrices[i - start], material, 0, null);
                                MeshInstanceBatcher.FrameDrawCalls++;
                                totalMatrices++;
                            }
                            catch (System.Exception fallbackEx)
                            {
                                Debug.LogError($"[WSM3D] Actor sprite-card DrawMesh fallback failed: {fallbackEx.GetType().Name}: {fallbackEx.Message}");
                            }
                        }
                    }

                    // ACTOR-DRAW-DIAG removed — confirmed actors use voxel-organicblob meshVerts=164
                    // (real 3D volume, not the flat card). Per-frame Debug.Log floods the console
                    // overlay; gate any future re-add behind ProfilerDump + a mesh-name-change check.
                    _ = _actorDrawDiagThrottle; _ = diagMaterialName; _ = diagMeshName; _ = diagMeshVerts;
                    start += count;
                }

                matrices.Clear();
            }
        }

        // ---------------------------------------------------------------------
        // Harmony hooks. Registered automatically via Patcher.PatchAll on the
        // existing Core.Patch() pass because [HarmonyPatch] is declared here.

        [Phase(nameof(SavedSettings.VoxelEntities))]
        [HarmonyPatch(typeof(ActorManager), nameof(ActorManager.precalculateRenderDataParallel))]
        public static class ActorVoxelEmit
        {
            static bool _actorLodDiagLogged;
            public static bool EmitVoxelsCalled;
            public static int LastVisibleUnitsCount;
            public static int LastFrustumCullerPassCount;
            public static int LastBatcherSubmitCount;
            static bool _emitDiagLogged;
            static int _emitDiagFrameCounter;
            static bool _emitDiagSawNonZero;
            static bool _billboardDiagLogged;
            static bool _voxelDiagLogged;
            static bool _matDiagLogged;

            public static void ResetDiag()
            {
                _emitDiagLogged = false;
                _emitDiagFrameCounter = 0;
                _emitDiagSawNonZero = false;
                _billboardDiagLogged = false;
                _voxelDiagLogged = false;
                _matDiagLogged = false;
            }

            [HarmonyPostfix]
            [HarmonyPriority(Priority.First)]
            public static void EmitVoxels(ActorManager __instance)
            {
                // REGRESSION GUARD: must stay Priority.First. Vanilla sprite-render
                // Postfixes on precalculateRenderDataParallel race ours; if we run
                // Last, has_normal_render[i] is cleared too late and both the voxel
                // mesh AND the vanilla 2D billboard render — actors appear as 2D
                // billboards instead of 3D voxels. Symptom: user reports
                // "voxel actors back to billboards".
                EmitVoxelsCalled = true;
                Tools.ClearTileHeightSmoothCache();
                // FLICKER FIX (double-buffer): emit fills the BACK buffer (_actorSpriteCardBatches),
                // cleared here at start. At emit END we atomically copy it to the FRONT buffer
                // (_actorSpriteCardFront) which the per-frame flush redraws EVERY frame. Because
                // emit runs intermittently (precalculateRenderDataParallel postfix) but the flush
                // + DrawMeshInstanced run every frame, the front buffer must never go empty between
                // emits — so we only REPLACE front when a fresh emit completes, never clear it mid-gap.
                lock (_actorSpriteCardBatchLock)
                {
                    foreach (var b in _actorSpriteCardBatches.Values) b.Clear();
                }
                // TEMPORARY DIAGNOSTIC: one-shot log to verify the Harmony postfix fires
                if (!_emitDiagLogged && Core.savedSettings.ProfilerDump)
                {
                    _emitDiagLogged = true;
                    bool matOk = EnsureMaterial();
                    int visCount = __instance.visible_units != null ? __instance.visible_units.count : -1;
                    int frustumPass = 0;
                    int frustumFail = 0;
                    int nullActor = 0;
                    int perpSkipped = 0;
                    int meshNull = 0;
                    int meshOk = 0;
                    if (visCount > 0 && __instance.render_data != null)
                    {
                        var diagArr = __instance.visible_units.array;
                        var diagRd = __instance.render_data;
                        for (int di = 0; di < visCount; di++)
                        {
                            Actor da = diagArr[di];
                            if (da == null || da.asset == null) { nullActor++; continue; }
                            if (Constants.PerpActors.ContainsKey(da.asset.id)) { perpSkipped++; continue; }
                            Vector3 dCullPos = diagRd.positions[di];
                            if (dCullPos.z < Constants.ZDisplacement * 0.5f)
                                dCullPos = dCullPos.To3DTileHeight(false);
                            if (!WorldSphereMod.LOD.FrustumCuller.IsVisible(dCullPos, 2f))
                            { frustumFail++; continue; }
                            frustumPass++;
                            Sprite dSp = ResolveActorSprite(diagRd, di, da);
                            if (dSp == null) { meshNull++; continue; }
                            Mesh dm = VoxelMeshCache.Get(dSp, ShapeHint.OrganicBlob, true, VoxelEntityType.Actor);
                            if (dm == null || dm.vertexCount == 0) meshNull++; else meshOk++;
                        }
                    }
                    Debug.Log($"[WSM3D][DIAG-EMIT] ActorVoxelEmit.EmitVoxels CALLED isWorld3D={Core.IsWorld3D} VoxelEntities={Core.savedSettings.VoxelEntities} materialOk={matOk} visible_units.count={visCount} nullActor={nullActor} perpSkipped={perpSkipped} frustumPass={frustumPass} frustumFail={frustumFail} meshOk={meshOk} meshNull={meshNull} cacheSize={VoxelMeshCache.Count} frame={_emitDiagFrameCounter}");
                    if (visCount > 0) _emitDiagSawNonZero = true;
                }
                if (!Core.IsWorld3D || !Core.savedSettings.VoxelEntities) return;
                // MaterialNull: no usable shader/material resolved → every actor this frame is
                // invisible. Record once at the actor manager position so the operator sees WHY.
                if (!EnsureMaterial())
                {
                    if (!_billboardDiagLogged)
                    {
                        _billboardDiagLogged = true;
                        Debug.Log($"[WSM3D][BILLBOARD-DIAG] type=Actor processed={__instance.visible_units.count} skipped={__instance.visible_units.count} reason=(nullMaterial=1,lodCull=0,scaleZero=0) visibleUnitsCount={__instance.visible_units.count} frustumCullerPassCount=0 batcherSubmitCount=0");
                    }
                    RenderErrorRegistry.Record(RenderErrorType.MaterialNull, "ActorManager",
                        "EnsureMaterial() returned no usable voxel material", Vector3.zero);
                    return;
                }
                if (!_matDiagLogged)
                {
                    _matDiagLogged = true;
                    Material? matDiag = GetResolvedMaterial();
                    string matName = matDiag?.name ?? "<null>";
                    string shaderName = matDiag?.shader != null ? matDiag.shader.name : "<null shader>";
                    Debug.Log($"[WSM3D][MAT-DIAG] material={matName} shader={shaderName}");
                }

                var rd = __instance.render_data;
                var arr = __instance.visible_units.array;
                int n = __instance.visible_units.count;
                LastVisibleUnitsCount = n;
                LastFrustumCullerPassCount = 0;
                LastBatcherSubmitCount = 0;
                // DIAG-SUBMIT path counters — find where the 8 meshOk actors are being dropped
                int dsNullActor = 0, dsPerpSkipped = 0, dsFrustumFail = 0;
                int dsTierCull = 0, dsTierVoxel = 0;
                int dsSkeletalAttempt = 0, dsSkeletalSubmitOk = 0, dsSkeletalSubmitFail = 0;
                int dsCullMeshNull = 0;
                int dsSpriteNull = 0, dsVoxelMeshNull = 0, dsVoxelSubmitAttempt = 0, dsVoxelSubmitOk = 0, dsVoxelSubmitFail = 0;
                int diagActors = 0;
                int diagAlreadySuppressed = 0;
                int diagSubmitAttempt = 0;
                int diagSkipNull = 0;
                int diagHasNormalRenderSetFalse = 0;
                for (int i = 0; i < n; i++)
                {
                    Actor a = arr[i];
                    if (a == null || a.asset == null)
                    {
                        dsNullActor++;
                        continue;
                    }

                    diagActors++;
                    bool suppressAlready = !rd.has_normal_render[i];
                    if (suppressAlready) diagAlreadySuppressed++;
                    rd.has_normal_render[i] = false;
                    if (!rd.has_normal_render[i]) diagHasNormalRenderSetFalse++;

                    // VOXEL-OR-INVISIBLE (user, 2026-05-30): the legacy PerpActors opt-out
                    // used to `continue` here, which LEFT has_normal_render[i] true and so
                    // re-exposed the vanilla 2D billboard for perp-marked assets (palms,
                    // ferns, bats, ground decals). That violated voxel-or-invisible — those
                    // entities reappeared as flat sprites (BUG A). Perp assets now fall
                    // through to the SAME voxel-or-cull path as every other actor: they
                    // either render a real voxel mesh or nothing. We only bump the
                    // diagnostic counter; we do NOT skip the emit.
                    bool isPerp = Constants.PerpActors.ContainsKey(a.asset.id);
                    if (isPerp) dsPerpSkipped++;
                    // GATE REMOVED (codex plate-78 diff): upstream may set has_normal_render=false
                    // for actors that should still get voxelized (e.g. all actors after the first
                    // created settlement per user observation). Buildings have no such gate;
                    // matching that here. If we DO need to skip, fix it post-voxelize.
                    // if (!rd.has_normal_render[i]) continue;

                    Vector3 cullPos = rd.positions[i];
                    if (cullPos.z < Constants.ZDisplacement * 0.5f)
                    {
                        cullPos = cullPos.To3DTileHeight(false);
                    }
                    float radius = 2f * Mathf.Max(1f, Core.savedSettings.VoxelScaleMultiplier * 0.5f);
                    if (!WorldSphereMod.LOD.FrustumCuller.IsVisible(cullPos, radius))
                    {
                        dsFrustumFail++;
                        continue;
                    }
                    LastFrustumCullerPassCount++;
                    // Use fixed baseline height for LOD — rd.scales[i].y is the tiny vanilla
                    // sprite render scale (~0.05), not the voxel mesh height. Fixed baseline
                    // of 0.5 * VoxelScaleMultiplier * ActorVoxelScaleFactor matches LodSelector default.
                    float actorEntityHeight = 0.5f * Core.savedSettings.VoxelScaleMultiplier * Core.savedSettings.ActorVoxelScaleFactor;
                    WorldSphereMod.LOD.LodTier tier = WorldSphereMod.LOD.LodSelector.Select(cullPos, a.GetHashCode(), actorEntityHeight);
                    if (!_actorLodDiagLogged) {
                        float dist = (cullPos - CameraManager.MainCamera.transform.position).magnitude;
                        Debug.Log($"[WSM3D][ACTOR-LOD-DIAG] entityH={actorEntityHeight:F2} dist={dist:F1} thr={WorldSphereMod.LOD.LodSelector.VoxelThreshold:F3} tier={tier}");
                        _actorLodDiagLogged = true;
                    }
                    // Two-tier ladder: Voxel (near, emit mesh) or Cull (far, draw nothing).
                    if (tier == WorldSphereMod.LOD.LodTier.Cull) dsTierCull++;
                    else dsTierVoxel++;

                    if (Core.savedSettings.SkeletalAnimation && tier != WorldSphereMod.LOD.LodTier.Cull)
                    {
                        WorldSphereMod.Rig.RigType rigType = ResolveRigType(a.asset.id);
                        if (rigType != WorldSphereMod.Rig.RigType.None)
                        {
                            dsSkeletalAttempt++;
                            // VOXEL-OR-INVISIBLE: suppress the vanilla 2D sprite for skinned
                            // actors up-front too. If the skinned submit fails, the actor is
                            // invisible this frame rather than reverting to a 2D billboard.
                            rd.has_normal_render[i] = false;
                            Vector3 skPos = rd.positions[i];
                            Vector3 skPosBeforeLift = skPos;
                            Vector3 skRot = rd.rotations[i];
                            Vector3 skScl = rd.scales[i];
                            if (rd.flip_x_states[i]) skScl.x = -skScl.x;
                            skScl.z = skScl.x;
                            // Match the static actor path scale (line ~737): raw
                            // rd.scales[i] is sprite-native (~1) and would render a
                            // tiny actor against the 8x voxel world. RigDriver now
                            // routes through the static voxel mesh (skinned path is
                            // disabled, see RigDriver.kSkinnedRigProductionReady), so
                            // apply the same VoxelScaleMultiplier * ActorVoxelScaleFactor
                            // the normal static actor submit uses.
                            skScl *= Core.savedSettings.VoxelScaleMultiplier * Core.savedSettings.ActorVoxelScaleFactor;
                            if (skPos.z < Constants.ZDisplacement * 0.5f)
                            {
                                skPos = skPos.To3DTileHeight(false);
                            }
                            // Match the static actor path Y-lift so the mesh BOTTOM
                            // sits on the terrain instead of embedded in the tile
                            // cube. skScl is already fully scaled above, so estimate
                            // half-height directly from it (no extra VoxelScaleMultiplier
                            // — that would double-lift now that skScl carries the
                            // multiplier). ~0.5 world units of mesh height pre-scale.
                            float skHalfHeight = Mathf.Abs(skScl.y) * 0.5f;
                            skPos.y += skHalfHeight;
                            LogActorSubmitDiagnostic("skeletal", ref _actorSkeletalDiagnosticLogged, a, ResolveActorSprite(rd, i, a), skPosBeforeLift, skPos, rd.colors[i]);
                            if (WorldSphereMod.Rig.RigDriver.SubmitSkinnedActor(
                                    a, skPos, Quaternion.Euler(0f, skRot.y, 0f), skScl, rd.colors[i], rigType))
                            {
                                dsSkeletalSubmitOk++;
                                rd.has_normal_render[i] = false;
                            }
                            else
                            {
                                dsSkeletalSubmitFail++;
                            }
                            continue;
                        }
                    }

                    // Resolve the actor's actual current sprite. main_sprites[i] is null for
                    // any actor whose colored-sprite resolution was deferred to the
                    // (post-postfix) precalculateRenderDataNormal pass; fall back to the live
                    // animation-frame sprite via Actor.calculateMainSprite() in that case.
                    Sprite sp = ResolveActorSprite(rd, i, a);
                    if (sp == null)
                    {
                        dsSpriteNull++;
                        // SpriteNull: neither render_data nor calculateMainSprite() yielded a sprite.
                        RecordActorError(RenderErrorType.SpriteNull, a,
                            "main_sprites[i] null and calculateMainSprite() returned null", rd.positions[i]);
                        continue;
                    }

                    // VOXEL-OR-INVISIBLE POLICY (user, 2026-05-30): objects are REAL voxel
                    // volumes or NOTHING — never a 2D/2.5D billboard. So suppress the vanilla
                    // 2D sprite for EVERY eligible actor up-front (not just on successful
                    // submit). If the voxel mesh isn't ready / material invalid / far LOD,
                    // we skip the submit and the actor simply renders nothing this frame.
                    rd.has_normal_render[i] = false;

                    if (tier == WorldSphereMod.LOD.LodTier.Cull)
                    {
                        // FAR TIER = CULL, NOT BILLBOARD. The user explicitly prefers seeing
                        // NOTHING over a flat fallback tier. Keep the LOD distance logic (so near
                        // objects still voxelize) but the far tier draws nothing. Sprite is
                        // already suppressed above, so the object is invisible at distance.
                        rd.scales[i] = Vector3.zero;
                        dsTierCull++;
                        dsCullMeshNull++;
                        continue;
                    }

                    float actorScale = Core.savedSettings.VoxelScaleMultiplier * Core.savedSettings.ActorVoxelScaleFactor;
                    // REAL 3D VOLUME (not flat card): route through the OrganicBlob voxelizer that
                    // extrudes the sprite into an actual rounded 3D volume (per-pixel, kMinDepthScale
                    // 0.60 = real depth). The earlier "sprite-card" flat 4-vert quad (GetActorSpriteCardMesh)
                    // made every entity a same-width slab (trees thin, grass odd) — that was a regression
                    // of this proven path (d186ad45). Mesh is unit-sized; scl applies actorScale below.
                    Mesh m = VoxelMeshCache.Get(sp, ShapeHint.OrganicBlob, true, VoxelEntityType.Actor);
                    // Sprite-card mesh not ready yet (cache miss) is not expected in
                    // current implementation, but handle defensively as a skipped submit.
                    if (m == null || m.vertexCount == 0)
                    {
                        dsVoxelMeshNull++;
                        diagSkipNull++;
                        Vector3 errPos = rd.positions[i];
                        if (errPos.z < Constants.ZDisplacement * 0.5f) errPos = errPos.To3DTileHeight(false);
                        RecordActorError(RenderErrorType.VoxelNotReady,
                            a, sp != null ? "sprite-card mesh null/empty (cache build pending) sprite=" + sp.name : "sprite-card mesh null/empty", errPos);
                        continue;
                    }
                    Material? cardMaterial = GetActorSpriteCardMaterial(sp.texture);
                    if (cardMaterial == null)
                    {
                        dsVoxelSubmitFail++;
                        Vector3 errPos = rd.positions[i];
                        if (errPos.z < Constants.ZDisplacement * 0.5f) errPos = errPos.To3DTileHeight(false);
                        RecordActorError(RenderErrorType.MaterialNull, a, "actor sprite card material null (could not resolve Sprites/Default or Standard)", errPos);
                        continue;
                    }
                    dsVoxelSubmitAttempt++;
                    diagSubmitAttempt++;

                    Vector3 pos = rd.positions[i];
                    Vector3 posBeforeLift = pos;
                    if (pos.z < Constants.ZDisplacement * 0.5f)
                    {
                        pos = pos.To3DTileHeight(false);
                    }
                    LogActorSubmitDiagnostic("voxel", ref _actorVoxelDiagnosticLogged, a, sp, posBeforeLift, pos, rd.colors[i]);
                    SanityTestCube.CaptureFirstActorPos(pos);
                    Vector3 rot = rd.rotations[i];
                    // Real 3D volume: upright (Y-up), no camera-facing billboard. Uniform actorScale.
                    Quaternion faceRot = Quaternion.identity;
                    Vector3 scl = new Vector3(actorScale, actorScale, actorScale);
                    if (rd.flip_x_states[i]) scl.x = -scl.x;
                    float halfHeight = m.bounds.size.y * 0.5f * actorScale;
                    pos.y += halfHeight;
                    LogFirstActorPos(posBeforeLift, pos, scl);
                    Matrix4x4 trs = Matrix4x4.TRS(pos, faceRot, scl);
                    RecordActorVoxelTrs(trs);
                    // Hide the sprite quad for this actor — we drew the 3D mesh instead.
                    if (TryQueueActorSpriteCardRender(cardMaterial, m, trs))
                    {
                        LastBatcherSubmitCount++;
                        dsVoxelSubmitOk++;
                        rd.has_normal_render[i] = false;
                        TraceActorColorSample("voxel", i, rd.colors[i], a, sp, posBeforeLift, pos, rot, scl);
                    }
                    else
                    {
                        dsVoxelSubmitFail++;
                        // ShaderFailed: Submit rejected the mesh (material null / instancing
                        // variant missing / InternalError). Distinct from "not ready".
                        RecordActorError(RenderErrorType.ShaderFailed,
                            a, "Submit() returned false (material/shader unusable)", pos);
                    }
                }
                // DOUBLE-BUFFER SWAP: emit complete — atomically replace the FRONT (draw) buffer
                // with this emit's BACK contents. The per-frame flush redraws FRONT every frame, so
                // actors stay drawn across the gap until the next emit. Never leaves front empty.
                lock (_actorSpriteCardBatchLock)
                {
                    _actorSpriteCardFront.Clear();
                    foreach (var kv in _actorSpriteCardBatches)
                    {
                        if (kv.Value.Count == 0) continue;
                        _actorSpriteCardFront[kv.Key] = new List<Matrix4x4>(kv.Value);
                    }
                }
                if (!_billboardDiagLogged)
                {
                    _billboardDiagLogged = true;
                    int skipped = dsNullActor + dsPerpSkipped + dsFrustumFail + dsSpriteNull + dsVoxelMeshNull + dsVoxelSubmitFail + dsSkeletalSubmitFail + dsTierCull;
                    Debug.Log($"[WSM3D][BILLBOARD-DIAG] type=Actor processed={n} skipped={skipped} reason=(nullMaterial=0,lodCull={dsTierCull},scaleZero=0,nullActor={dsNullActor},perp={dsPerpSkipped},frustumFail={dsFrustumFail},spriteNull={dsSpriteNull},meshNull={dsVoxelMeshNull},submitFail={dsVoxelSubmitFail + dsSkeletalSubmitFail}) visibleUnitsCount={LastVisibleUnitsCount} frustumCullerPassCount={LastFrustumCullerPassCount} batcherSubmitCount={LastBatcherSubmitCount}");
                }

                if (!_voxelDiagLogged)
                {
                    _voxelDiagLogged = true;
                    Debug.Log($"[WSM3D][VOXEL-DIAG] actors={diagActors} already_suppressed={diagAlreadySuppressed} submit_attempted={diagSubmitAttempt} skip_null={diagSkipNull}");
                }
                if (!_normalRenderDiagLogged)
                {
                    _normalRenderDiagLogged = true;
                    Debug.Log($"[WSM3D][NORMAL-RENDER-DIAG] actors_processed={diagActors} already_false={diagAlreadySuppressed} now_false={diagHasNormalRenderSetFalse}");
                }
                // DIAG-SUBMIT one-shot path report — answers "where did the meshOk actors go?"
                if (Core.savedSettings.ProfilerDump && (!_emitDiagSawNonZero || _emitDiagFrameCounter < 3))
                {
                    _emitDiagFrameCounter++;
                        Debug.Log($"[WSM3D][DIAG-SUBMIT] EmitVoxels paths n={n} nullActor={dsNullActor} perpSkip={dsPerpSkipped} frustumFail={dsFrustumFail} frustumPass={LastFrustumCullerPassCount} | tier(Cull={dsTierCull} Voxel={dsTierVoxel}) | skel(attempt={dsSkeletalAttempt} ok={dsSkeletalSubmitOk} fail={dsSkeletalSubmitFail}) | spriteNull={dsSpriteNull} | cull(meshNull={dsCullMeshNull}) | voxel(meshNull={dsVoxelMeshNull} attempt={dsVoxelSubmitAttempt} ok={dsVoxelSubmitOk} fail={dsVoxelSubmitFail}) | LastBatcherSubmitCount={LastBatcherSubmitCount} SkeletalAnimation={Core.savedSettings.SkeletalAnimation}");
                }
            }

            static WorldSphereMod.Rig.RigType ResolveRigType(string assetId)
            {
                return Constants.ResolveActorRig(assetId);
            }

            // Funnel actor render failures into the registry with a stable object name.
            static void RecordActorError(RenderErrorType type, Actor a, string reason, Vector3 worldPos)
            {
                string name = a != null && a.asset != null ? a.asset.id : "<actor>";
                RenderErrorRegistry.Record(type, name, reason, worldPos);
            }

            // ROOT-CAUSE FIX (2026-05-30): ActorManager.precalculateRenderDataParallel only
            // writes render_data.main_sprites[i] for the subset of actors whose colored sprite
            // can be resolved on the worker thread (canParallelSetColoredSprite()==true). For
            // everyone else it stores null and defers the real sprite to
            // precalculateRenderDataNormal(), which runs AFTER this Harmony postfix on the
            // parallel pass. So at our read point main_sprites[i] is null for live, fully-
            // visible actors (the headless /diag/errors showed 29/29 SpriteNull "human" at
            // valid positions — those are the deferred ones). It is NOT a missing sprite: the
            // authoritative current animation-frame sprite is actor.calculateMainSprite(), the
            // exact call WorldBox itself uses in both render passes. We resolve from that when
            // the array slot is empty so VoxelMeshCache.Get(sprite) gets a real sprite and the
            // voxel mesh actually builds. Only genuinely-null cases (e.g. asset has no sprite)
            // fall through to the SpriteNull telemetry + voxel-or-invisible policy.
            static Sprite ResolveActorSprite(ActorRenderData rd, int i, Actor a)
            {
                Sprite sp = rd.main_sprites[i];
                if (sp != null) return sp;
                if (a == null) return null;
                try
                {
                    return a.calculateMainSprite();
                }
                catch
                {
                    // Defensive: animation container not ready / asset edge case — treat as null
                    // so the caller records SpriteNull rather than throwing inside the postfix.
                    return null;
                }
            }

            static void LogActorSubmitDiagnostic(string path, ref bool logged, Actor actor, Sprite? sprite, Vector3 beforeLift, Vector3 afterLift, Color tint)
            {
                if (Core.savedSettings == null || !Core.savedSettings.ProfilerDump) return;
                if (logged) return;
                logged = true;
                string assetId = actor != null && actor.asset != null ? actor.asset.id : "<null>";
                string spriteName = sprite != null ? sprite.name : "<null>";
                Debug.Log($"[WSM3D] Actor {path} submit sample asset={assetId} sprite={spriteName} posBeforeLift={beforeLift} posAfterLift={afterLift} color={tint} alpha={tint.a}");
            }

            static void TraceActorColorSample(
                string path,
                int index,
                Color tint,
                Actor actor,
                Sprite? sprite,
                Vector3 rawPos,
                Vector3 liftedPos,
                Vector3 rotation,
                Vector3 scale)
            {
                if (Core.savedSettings == null || !Core.savedSettings.ProfilerDump) return;
                if (_actorVoxelColorSampleCount >= 3) return;
                if (path != "voxel") return;

                _actorVoxelColorSampleCount++;
                string actorId = actor != null && actor.asset != null ? actor.asset.id : "<null>";
                string spriteName = sprite != null ? sprite.name : "<null>";
                Debug.Log($"[WSM3D][DIAG] Actor voxel color sample {_actorVoxelColorSampleCount}/3 asset={actorId} sprite={spriteName} index={index} rawPos={rawPos} liftedPos={liftedPos} rotY={rotation.y:F3} scale={scale} color={tint}");
            }

            static void LogFirstActorPos(Vector3 rawPos, Vector3 liftedPos, Vector3 scl)
            {
                if (Core.savedSettings == null || !Core.savedSettings.ProfilerDump) return;
                if (_firstActorPosLogged) return;
                _firstActorPosLogged = true;
                Debug.Log($"[WSM3D] First-actor pos: raw={rawPos}, lifted={liftedPos}, scl={scl}");
            }

            static void RecordActorVoxelTrs(Matrix4x4 trs)
            {
                if (_actorVoxelSubmitTranslations.Count >= 5) return;
                Vector4 pos = trs.GetColumn(3);
                _actorVoxelSubmitTranslations.Add(new Vector3(pos.x, pos.y, pos.z));
            }
        }

        // Phase 1 fallback for buildings. Phase 2's procgen building meshes override
        // this when SavedSettings.ProceduralBuildings flips on; until then, when the
        // player turns Voxel Entities on, voxelizing the building sprite is the best
        // we can do for 3D buildings without procgen.
        [Phase(nameof(SavedSettings.VoxelEntities))]
        [HarmonyPatch(typeof(BuildingManager), nameof(BuildingManager.precalculateRenderDataParallel))]
        public static class BuildingVoxelEmit
        {
            static bool _buildingVoxelEmitSubmitLogged;
            static bool _buildingEmitDiagLogged;
            static bool _buildingBillboardDiagLogged;
            // Per-frame budget cycling: tracks where we left off in the visible
            // buildings array so we process the next slice each frame.
            static int _budgetOffset;
            // IDLE FAST-PATH (#208 fps): skip the per-frame emit when the visible-buildings
            // identity hash is unchanged AND no building moved across the last two frames.
            // Most idle frames have a static camera + no-spawn world; previous behavior ran
            // the full budget cycle every frame (e.g. 200/200 of 1891 visible buildings) which
            // is the dominant frame cost on wip/208-height-fix when the camera is still.
            // The hash is a cheap 64-bit rolling xor of the first/middle/last building IDs +
            // the visible-count — robust to budget cycling (only flips when a building is
            // added/removed/visibly moved) and never false-skips on a moving camera (camera
            // doesn't affect visible_buildings_count or the array contents, only positions).
            static ulong _lastVisibleBuildingsHash;
            static int _lastVisibleBuildingsCount;
            static int _skippedStaticFrames;
            public static int SkippedStaticFrames => _skippedStaticFrames;

            static ulong ComputeVisibleBuildingsHash(Building[] arr, int n)
            {
                if (arr == null || n <= 0) return 0;
                // FNV-1a-ish 64-bit: cheap, robust to permutation, and only walks 3 sample
                // positions + the count. Sampling the head/middle/tail means a new building
                // appearing anywhere in the array still changes the hash next frame.
                ulong h = 1469598103934665603UL;
                ulong id0 = GetBuildingAssetHash(arr[0]);
                h = (h ^ id0) * 1099511628211UL;
                if (n > 1)
                {
                    int mid = n >> 1;
                    Building bMid = arr[mid];
                    Building bLast = arr[n - 1];
                    ulong idMid = GetBuildingAssetHash(bMid);
                    ulong idLast = GetBuildingAssetHash(bLast);
                    h = (h ^ idMid) * 1099511628211UL;
                    h = (h ^ idLast) * 1099511628211UL;
                }
                h = (h ^ (ulong)n) * 1099511628211UL;
                return h;
            }

            static ulong GetBuildingAssetHash(Building building)
            {
                if (building == null || building.asset == null || string.IsNullOrEmpty(building.asset.id))
                {
                    return 0UL;
                }
                return (ulong)building.asset.id.GetHashCode();
            }

            public static void ResetDiag()
            {
                _buildingVoxelEmitSubmitLogged = false;
                _buildingEmitDiagLogged = false;
                _buildingBillboardDiagLogged = false;
                _budgetOffset = 0;
                _lastVisibleBuildingsHash = 0;
                _lastVisibleBuildingsCount = -1;
                _skippedStaticFrames = 0;
            }

            [HarmonyPostfix]
            [HarmonyPriority(Priority.First)]
            public static void EmitVoxels(BuildingManager __instance)
            {
                if (!_buildingEmitDiagLogged && Core.savedSettings.ProfilerDump)
                {
                    _buildingEmitDiagLogged = true;
                    int bldgCount = __instance._visible_buildings_count;
                    bool procBld = Core.savedSettings.ProceduralBuildings;
                    Debug.Log($"[WSM3D][DIAG-EMIT] BuildingVoxelEmit.EmitVoxels CALLED isWorld3D={Core.IsWorld3D} VoxelEntities={Core.savedSettings.VoxelEntities} ProceduralBuildings={procBld} visible_buildings_count={bldgCount}");
                }
                if (!Core.IsWorld3D || !Core.savedSettings.VoxelEntities) return;
                if (Core.savedSettings.ProceduralBuildings) return;
                if (!EnsureMaterial())
                {
                    if (!_buildingBillboardDiagLogged)
                    {
                        _buildingBillboardDiagLogged = true;
                        int visible = __instance._visible_buildings_count;
                        Debug.Log($"[WSM3D][BILLBOARD-DIAG] type=Building processed={visible} skipped={visible} reason=(materialNull=1,lodCull=0,scaleZero=0) visibleUnitsCount={visible} frustumCullerPassCount=0 batcherSubmitCount=0");
                    }
                    RenderErrorRegistry.Record(RenderErrorType.MaterialNull, "BuildingManager",
                        "EnsureMaterial() returned no usable voxel material", Vector3.zero);
                    return;
                }

                var rd = __instance.render_data;
                var arr = __instance._array_visible_buildings;
                int n = __instance._visible_buildings_count;

                // IDLE FAST-PATH (#208 fps): when the visible-building set is unchanged
                // (no spawn / despawn / building moved into frustum or out), skip the
                // budget-cycled re-emit entirely. The bucket fleet rendered last frame is
                // still alive in the batcher and re-drawn by VoxelRender.Flush each frame
                // via the same instance matrices — no visual loss, big CPU save in idle.
                // Re-emit fires when the count differs OR the sampled hash changes, so
                // moving buildings or new spawns still re-emit on the next frame.
                if (arr != null && n > 0 && n == _lastVisibleBuildingsCount)
                {
                    ulong h = ComputeVisibleBuildingsHash(arr, n);
                    if (h == _lastVisibleBuildingsHash)
                    {
                        _skippedStaticFrames++;
                        return;
                    }
                }

                // Compute the new hash unconditionally so the next frame's check is correct
                // (covers the first frame and any frame where count or hash changed).
                if (arr != null && n > 0)
                {
                    _lastVisibleBuildingsHash = ComputeVisibleBuildingsHash(arr, n);
                }
                _lastVisibleBuildingsCount = n;
                int processed = 0;
                int skippedNull = 0;
                int skippedPerp = 0;
                int skippedFrustum = 0;
                int skippedLod = 0;
                int skippedSpriteNull = 0;
                int skippedScaleZero = 0;
                int skippedMeshNull = 0;
                int submitCount = 0;
                int frustumPass = 0;

                // Per-frame budget: only process a slice of visible buildings each
                // frame, cycling through the full set. 0 = unlimited.
                int budget = Core.savedSettings.BuildingRenderBudget;
                int start = 0;
                int end = n;
                if (budget > 0 && n > budget)
                {
                    if (_budgetOffset >= n) _budgetOffset = 0;
                    start = _budgetOffset;
                    end = Mathf.Min(start + budget, n);
                    _budgetOffset = end >= n ? 0 : end;
                }

                for (int i = start; i < end; i++)
                {
                    Building b = arr[i];
                    if (b == null || b.asset == null)
                    {
                        skippedNull++;
                        continue;
                    }

                    processed++;
                    if (Constants.PerpBuildings.ContainsKey(b.asset.id))
                    {
                        skippedPerp++;
                        continue;
                    }

                    Vector3 inScale = rd.scales[i];
                    if (inScale.sqrMagnitude <= 0.000001f)
                    {
                        skippedScaleZero++;
                    }

                    // Derive the 3D cull position from the building's tile coords rather
                    // than rd.positions[i] — the parallel calculatebuildindata3D pass may
                    // not have completed when this Postfix runs (Parallel.For race), leaving
                    // rd.positions stale from the prior frame. Tile coords are always valid.
                    // (#208 frustumFail=200 root cause: stale/wrong positions in rd.positions)
                    Vector3 cullPos;
                    if (b.current_position != null)
                    {
                        Vector2 tp = b.current_position;
                        cullPos = Tools.To3D(new Vector3(tp.x, tp.y, 0), Tools.GetTileHeightSmooth(new Vector3(tp.x, tp.y, 0)));
                    }
                    else
                    {
                        cullPos = rd.positions[i];
                        if (cullPos.z < Constants.ZDisplacement * 0.5f)
                            cullPos = cullPos.To3DTileHeight(false);
                    }
                    // One-shot DIAG: log the actual cullPos for the first building so the
                    // lifted coordinate is visible in Player.log. (#208)
                    if (!_buildingBillboardDiagLogged && i == start)
                        Debug.Log($"[WSM3D][FRUSTUM-DIAG] building[0] tile={b.current_position} cullPos={cullPos} rdPos={rd.positions[i]}");
                    float radius = 3f * Mathf.Max(1f, Core.savedSettings.VoxelScaleMultiplier * 0.5f);
                    if (!WorldSphereMod.LOD.FrustumCuller.IsVisible(cullPos, radius))
                    {
                        skippedFrustum++;
                        continue;
                    }
                    frustumPass++;
                    // Buildings use BuildingSize * VoxelScaleMultiplier for their actual
                    // world height — not ActorVoxelScaleFactor (actor-only). Pass it as
                    // entityHeightOverride so the LOD distance threshold is consistent with
                    // the rendered building scale. (#208 lodCull=76 fix)
                    float bldEntityH = Core.savedSettings.BuildingSize * Core.savedSettings.VoxelScaleMultiplier * Core.savedSettings.BuildingVoxelScaleFactor;
                    WorldSphereMod.LOD.LodTier tier = WorldSphereMod.LOD.LodSelector.Select(cullPos, b.GetHashCode(), bldEntityH);
                    // One-shot LOD DIAG: log the LOD decision inputs for the first building.
                    if (!_buildingBillboardDiagLogged && frustumPass == 1)
                    {
                        float distSqr = (cullPos - CameraManager.MainCamera.transform.position).sqrMagnitude;
                        Debug.Log($"[WSM3D][LOD-DIAG] building[0] cullPos={cullPos} dist={Mathf.Sqrt(distSqr):F1} entityH={bldEntityH:F2} lodScale={Core.savedSettings.LODScale} tier={tier}");
                    }

                    Sprite sp = rd.main_sprites[i];
                    if (sp == null)
                    {
                        RenderErrorRegistry.Record(RenderErrorType.SpriteNull,
                            b.asset != null ? b.asset.id : "<building>", "main_sprites[i] is null", cullPos);
                        skippedSpriteNull++;
                        continue;
                    }

                    // VOXEL-OR-INVISIBLE POLICY: suppress the vanilla 2D building sprite
                    // for every eligible building up-front (zero its render scale). If the
                    // voxel mesh isn't ready / far LOD, nothing draws — never a billboard.
                    // BuildingRenderData has no has_normal_render; scales[i]=0 hides the
                    // sprite quad without nulling main_sprites (downstream chokes on null).
                    // Snapshot the original sprite scale FIRST — the voxel mesh below needs it.
                    Vector3 origScale = rd.scales[i];
                    rd.scales[i] = Vector3.zero;

                    if (tier == WorldSphereMod.LOD.LodTier.Cull)
                    {
                        // FAR TIER = CULL. Sprite already suppressed → building invisible at
                        // distance rather than the flat fallback tier.
                        skippedLod++;
                        continue;
                    }

                    // Near tier: emit the full voxel mesh via the shared VoxelMeshCache.
                    Mesh m = VoxelMeshCache.Get(sp);
                    // Not ready / empty → invisible until built. Sprite already suppressed.
                    if (m == null || m.vertexCount == 0)
                    {
                        RenderErrorRegistry.Record(RenderErrorType.VoxelNotReady,
                            b.asset != null ? b.asset.id : "<building>",
                            "voxel mesh null/empty (async build pending) sprite=" + sp.name, cullPos);
                        skippedMeshNull++;
                        continue;
                    }

                    Vector3 pos = rd.positions[i];
                    if (pos.z < Constants.ZDisplacement * 0.5f)
                    {
                        pos = pos.To3DTileHeight(false);
                    }
                    Vector3 rot = rd.rotations[i];
                    Vector3 scl = origScale;
                    if (rd.flip_x_states[i]) scl.x = -scl.x;
                    scl.z = scl.x;
                    // Lift mesh center up by half world-space height (same fix as
                    // ActorVoxelEmit): without it, mesh center sits at To3DTileHeight,
                    // which embeds half the mesh inside the terrain/foundation voxel.
                    scl *= Core.savedSettings.VoxelScaleMultiplier * Core.savedSettings.BuildingVoxelScaleFactor;
                    // Clamp building voxel sprite height to prevent excessive vertical scale
                    // (e.g. 5-10 px * 16 = 80-160 uu).
                    scl.x = Mathf.Sign(scl.x) * Mathf.Min(Mathf.Abs(scl.x), BuildingMaxScale);
                    scl.y = Mathf.Min(scl.y, BuildingMaxScale);
                    scl.z = Mathf.Min(scl.z, BuildingMaxScale);
                    float bldHalfHeight = m.bounds.size.y * 0.5f * scl.y;
                    pos.y += bldHalfHeight;
                    Matrix4x4 trs = Matrix4x4.TRS(pos, Quaternion.Euler(0f, rot.y, 0f), scl);
                    if (!_buildingVoxelEmitSubmitLogged && Core.savedSettings != null && Core.savedSettings.ProfilerDump)
                    {
                        _buildingVoxelEmitSubmitLogged = true;
                        Debug.Log($"[WSM3D] BuildingVoxelEmit first submit mesh.bounds.size={m.bounds.size}, scaledBoundsSize={Vector3.Scale(m.bounds.size, scl)}");
                    }
                    // BuildingRenderData has no has_normal_render. Suppressing via scales[i]=0
                    // hides the sprite quad without nulling main_sprites (downstream
                    // calculateColoredSprite() chokes on null). Shadow sprite still draws as a
                    // ground decal under the 3D mesh — fine until Phase 5 ships real shadows.
                    if (Submit(m, trs, rd.colors[i]))
                    {
                        rd.scales[i] = Vector3.zero;
                        submitCount++;
                    }
                }
                if (!_buildingBillboardDiagLogged)
                {
                    _buildingBillboardDiagLogged = true;
                    int skipped = skippedNull + skippedPerp + skippedFrustum + skippedLod + skippedSpriteNull + skippedScaleZero + skippedMeshNull;
                    Debug.Log($"[WSM3D][BILLBOARD-DIAG] type=Building processed={processed} skipped={skipped} reason=(materialNull=0,lodCull={skippedLod},scaleZero={skippedScaleZero},spriteNull={skippedSpriteNull},meshNull={skippedMeshNull},frustumFail={skippedFrustum},null={skippedNull},perp={skippedPerp}) visibleUnitsCount={n} frustumCullerPassCount={frustumPass} batcherSubmitCount={submitCount}");
                }
            }
        }

        // Phase 1b: dropped items. No render_data[] — read Drop transform + SpriteRenderer.
        [Phase(nameof(SavedSettings.VoxelEntities))]
        [HarmonyPatch(typeof(Drop), nameof(Drop.updatePosition))]
        public static class DropVoxelEmit
        {
            [HarmonyPostfix]
            public static void EmitVoxel(Drop __instance)
            {
                if (!Core.IsWorld3D)
                {
                    return;
                }

                SpriteRenderer? sr = __instance._sprite_renderer;
                if (!Core.savedSettings.VoxelEntities)
                {
                    if (sr != null)
                    {
                        sr.enabled = true;
                    }

                    return;
                }

                if (!__instance.active || sr == null)
                {
                    return;
                }

                if (!EnsureMaterial())
                {
                    return;
                }

                Sprite? sp = sr.sprite;
                if (sp == null)
                {
                    return;
                }

                // Drop.transform.position is the 2D-engine position with z~0. The
                // FrustumCuller uses the 3D camera and expects 3D-lifted coordinates;
                // without the To3DTileHeight(false) lift, drops fall outside the
                // frustum and get culled — same class of bug as the documented
                // 2D-position vs 3D-frustum issue in ActorVoxelEmit/BuildingVoxelEmit.
                Vector3 cullPos = __instance.transform.position;
                if (cullPos.z < Constants.ZDisplacement * 0.5f)
                {
                    cullPos = cullPos.To3DTileHeight(false);
                }
                if (!WorldSphereMod.LOD.FrustumCuller.IsVisible(cullPos, 1.5f * Mathf.Max(1f, Core.savedSettings.VoxelScaleMultiplier * 0.5f)))
                {
                    // Off-screen: the vanilla frustum cull already hides the sprite. Leave
                    // sr.enabled as-is (vanilla manages off-screen); do not force a billboard.
                    sr.enabled = true;
                    return;
                }

                WorldSphereMod.LOD.LodTier tier = WorldSphereMod.LOD.LodSelector.Select(cullPos, __instance.GetHashCode());
                Color tint = sr.color;

                // VOXEL-OR-INVISIBLE POLICY: in 3D the drop is a real voxel volume or nothing.
                // Suppress the vanilla 2D SpriteRenderer up-front; only re-show nothing.
                sr.enabled = false;

                if (tier == WorldSphereMod.LOD.LodTier.Cull)
                {
                    // FAR TIER = CULL. Sprite suppressed → drop invisible at distance, never
                    // a flat fallback tier.
                    return;
                }

                Mesh? mesh = VoxelMeshCache.Get(sp, -1, true);
                // Not ready / empty → invisible until built. Sprite stays suppressed.
                if (mesh == null || mesh.vertexCount == 0)
                {
                    return;
                }

                Vector3 pos = cullPos;
                // WHY: drops share the actor scale factor so they aren't 8x oversized.
                float scale = Mathf.Max(__instance._scale, 0.01f) * Core.savedSettings.VoxelScaleMultiplier * Core.savedSettings.ActorVoxelScaleFactor;
                Vector3 scl = new Vector3(scale, scale, scale);
                scl.z = scl.x;
                float halfHeight = mesh.bounds.size.y * 0.5f * scl.y;
                pos.y += halfHeight;
                float yaw = __instance.transform.eulerAngles.y;
                Matrix4x4 trs = Matrix4x4.TRS(pos, Quaternion.Euler(0f, yaw, 0f), scl);
                // Submit the real voxel mesh. Whether or not it submits, the sprite stays
                // suppressed (set above) — voxel-or-nothing, never a billboard fallback.
                Submit(mesh, trs, tint);
            }
        }

        // Phase 1b: projectiles. Postfix on drawProjectiles after vanilla + SetProjectile transpiler.
        [Phase(nameof(SavedSettings.VoxelEntities))]
        [HarmonyPatch(typeof(QuantumSpriteLibrary), nameof(QuantumSpriteLibrary.drawProjectiles))]
        public static class ProjectileVoxelEmit
        {
            [HarmonyPostfix]
            public static void EmitVoxels(QuantumSpriteAsset pAsset)
            {
                if (!Core.IsWorld3D)
                {
                    return;
                }

                if (!Core.savedSettings.VoxelEntities)
                {
                    RestoreProjectileSprites(pAsset);
                    return;
                }

                if (!EnsureMaterial())
                {
                    return;
                }

                if (World.world == null || World.world.projectiles == null)
                {
                    return;
                }

                List<Projectile> list = World.world.projectiles.list;
                if (list == null)
                {
                    return;
                }

                for (int i = 0; i < list.Count; i++)
                {
                    Projectile projectile = list[i];
                    if (projectile == null || !projectile._alive || projectile.asset == null)
                    {
                        continue;
                    }

                    Sprite? sprite = ResolveProjectileSprite(projectile);
                    if (sprite == null)
                    {
                        continue;
                    }

                    Vector3 pos = BuildProjectileWorldPosition(projectile);
                    if (!WorldSphereMod.LOD.FrustumCuller.IsVisible(pos, 1.5f))
                    {
                        continue;
                    }

                    WorldSphereMod.LOD.LodTier tier = WorldSphereMod.LOD.LodSelector.Select(pos, projectile.GetHashCode());
                    Color tint = new Color(1f, 1f, 1f, projectile.getAlpha());
                    bool perp = Constants.PerpProjectiles.ContainsKey(projectile.asset.id);

                    // VOXEL-OR-INVISIBLE POLICY: suppress the vanilla 2D projectile sprite
                    // up-front. Far LOD / not-ready mesh → invisible, never a billboard.
                    SuppressProjectileSprite(pAsset, pos);

                    if (tier == WorldSphereMod.LOD.LodTier.Cull)
                    {
                        // FAR TIER = CULL. Sprite suppressed → projectile invisible at distance.
                        continue;
                    }

                    Mesh? mesh = VoxelMeshCache.Get(sprite, -1, true);
                    if (mesh == null || mesh.vertexCount == 0)
                    {
                        continue;
                    }

                    float scale = Mathf.Max(projectile.getCurrentScale(), 0.01f) * Core.savedSettings.VoxelScaleMultiplier;
                    Vector3 scl = new Vector3(scale, scale, scale);
                    scl.z = scl.x;
                    float halfHeight = mesh.bounds.size.y * 0.5f * scl.y;
                    pos.y += halfHeight;
                    Quaternion rot = perp
                        ? projectile.rotation
                        : Quaternion.Euler(0f, projectile.rotation.eulerAngles.y, 0f);
                    Matrix4x4 trs = Matrix4x4.TRS(pos, rot, scl);
                    if (Submit(mesh, trs, tint))
                    {
                        SuppressProjectileSprite(pAsset, pos);
                    }
                }
            }

            static Sprite? ResolveProjectileSprite(Projectile projectile)
            {
                ProjectileAsset asset = projectile.asset;
                if (asset.frames == null || asset.frames.Length == 0)
                {
                    return null;
                }

                if (asset.animated)
                {
                    return AnimationHelper.getSpriteFromList(
                        projectile.GetHashCode(),
                        asset.frames,
                        asset.animation_speed);
                }

                return asset.frames[0];
            }

            static Vector3 BuildProjectileWorldPosition(Projectile projectile)
            {
                Vector2 flat = projectile.getTransformedPositionWithHeight();
                Vector3 pos = new Vector3(flat.x, flat.y, projectile.getCurrentHeight());
                return pos.To3DTileHeight(true);
            }

            static void SuppressProjectileSprite(QuantumSpriteAsset pAsset, Vector3 worldPos)
            {
                if (pAsset?.group_system?._sprites == null)
                {
                    return;
                }

                GroupSpriteObject[] sprites = pAsset.group_system._sprites;
                for (int i = 0; i < sprites.Length; i++)
                {
                    GroupSpriteObject? obj = sprites[i];
                    if (obj == null || obj.sprite_renderer == null || !obj.sprite_renderer.enabled)
                    {
                        continue;
                    }

                    if (Vector3.SqrMagnitude(obj.m_transform.position - worldPos) > 0.25f)
                    {
                        continue;
                    }

                    obj.sprite_renderer.enabled = false;
                    return;
                }
            }

            static void RestoreProjectileSprites(QuantumSpriteAsset pAsset)
            {
                if (pAsset?.group_system?._sprites == null)
                {
                    return;
                }

                GroupSpriteObject[] sprites = pAsset.group_system._sprites;
                for (int i = 0; i < sprites.Length; i++)
                {
                    GroupSpriteObject? obj = sprites[i];
                    if (obj?.sprite_renderer != null)
                    {
                        obj.sprite_renderer.enabled = true;
                    }
                }
            }
        }
    }

    /// <summary>
    /// MonoBehaviour driver that calls <see cref="VoxelRender.Flush"/> once per frame
    /// in <c>LateUpdate</c>, after every render-data calculation has run. Attached to
    /// the mod's root GameObject in <c>Core.Init</c>.
    /// </summary>
    public sealed class VoxelFrameDriver : MonoBehaviour
    {
        static bool _lastSkeletalState = false;
        const float kCameraLookupInterval = 0.05f;
        const int kPerfSampleWindowFrames = 60;
        static float _nextCameraLookup = 0f;
        static int _perfFrameCounter;
        static float _perfDeltaTimeSum;

        void OnEnable()
        {
            // Survive scene transitions — re-parent to a dedicated root GameObject
            // owned by WSM3D + apply DontDestroyOnLoad. If we just call DDoL on
            // the current parent, Unity silently no-ops for non-root nodes.
            try
            {
                if (transform.parent != null) transform.SetParent(null, worldPositionStays: false);
                UnityEngine.Object.DontDestroyOnLoad(gameObject);
            }
            catch { }
            MeshInstanceBatcher.SetMainThread();
            // Force per-instance fallback only when explicitly requested. The
            // Standard material path now keeps INSTANCING_ON in sync before DrawMeshInstanced.
            MeshInstanceBatcher.SetFallbackPath(Core.savedSettings != null && Core.savedSettings.ForceFallbackDrawPath);
            WorldSphereMod.Lighting.SunDriver.BindMainCamera(CameraManager.MainCamera);
        }

        static float _telemetryLastTime;
        static int _instancingTelemetryFrame;

        static bool _tickDiagLogged;
        static bool _tickPerfBreakdownLogged;
        static bool _ensurePatchesDone;   // guards the one-shot EnsurePhasePatches call (#208)

        /// <summary>Per-frame voxel/FX driver; invoked from MapBox.renderStuff Harmony hook so it survives scene transitions.</summary>
        public static void TickPerFrame()
        {
            // TEMPORARY DIAGNOSTIC: one-shot log to verify TickPerFrame fires and check Harmony state
            if (!_tickDiagLogged && Core.savedSettings != null && Core.savedSettings.ProfilerDump)
            {
                _tickDiagLogged = true;
                bool hasPatcher = Core.Patcher != null;
                string patchedMethods = "N/A";
                if (hasPatcher)
                {
                    try
                    {
                        var patches = Core.Patcher.GetPatchedMethods();
                        int count = 0;
                        bool foundActorPrecalc = false;
                        bool foundBuildingPrecalc = false;
                        foreach (var m in patches)
                        {
                            count++;
                            if (m.Name == "precalculateRenderDataParallel")
                            {
                                if (m.DeclaringType?.Name == "ActorManager") foundActorPrecalc = true;
                                if (m.DeclaringType?.Name == "BuildingManager") foundBuildingPrecalc = true;
                            }
                        }
                        patchedMethods = $"total={count} ActorManager.precalcRDP={foundActorPrecalc} BuildingManager.precalcRDP={foundBuildingPrecalc}";
                    }
                    catch (System.Exception ex) { patchedMethods = $"ERROR: {ex.Message}"; }
                }
                Debug.Log($"[WSM3D][DIAG-TICK] VoxelFrameDriver.TickPerFrame FIRST CALL hasPatcher={hasPatcher} harmonyPatches=[{patchedMethods}] VoxelEntities={Core.savedSettings?.VoxelEntities} isWorld3D={Core.IsWorld3D} cacheSize={VoxelMeshCache.Count} pendingBuilds={VoxelMeshCache.PendingBuilds} queuedBuildsTotal={VoxelMeshCache.TotalBuilds}");
            }

            if (!_tickPerfBreakdownLogged && Core.savedSettings.ProfilerDump)
            {
                _tickPerfBreakdownLogged = true;
                var sw = Stopwatch.StartNew();
                double tPrepareWorld = 0.0;
                double tBeginFrame = 0.0;
                double tFrustumUpdate = 0.0;
                double tRigTick = 0.0;
                double tRigDrain = 0.0;
                double tRigUpdate = 0.0;
                double tRigClear = 0.0;
                double tPumpQueuedBuilds = 0.0;
                double tDrainCompletedBuilds = 0.0;
                double tSanityDraw = 0.0;
                double tProcGenDrain = 0.0;
                double tSunBind = 0.0;
                double tSunUpdate = 0.0;
                double tDecalTick = 0.0;
                double tEnvironmentalTick = 0.0;
                double tPostFxApply = 0.0;
                double tPostFxRefresh = 0.0;
                double tTotal;

                double Measure(System.Action action)
                {
                    long start = Stopwatch.GetTimestamp();
                    action();
                    return (Stopwatch.GetTimestamp() - start) * 1000.0 / Stopwatch.Frequency;
                }

                if (!Core.Sphere.WorldPrepared)
                {
                    tPrepareWorld = Measure(() =>
                    {
                        try { Core.Sphere.PrepareWorld(); }
                        catch (System.Exception ex) { Debug.LogError($"[WSM3D] Deferred Sphere.PrepareWorld FAILED: {ex.GetType().Name}: {ex.Message}\n{ex.StackTrace}"); }
                    });
                }

                float deltaTimePerf = Time.deltaTime;
                tBeginFrame = Measure(() =>
                {
                    _perfFrameCounter++;
                    _perfDeltaTimeSum += deltaTimePerf;
                    if (_perfFrameCounter >= kPerfSampleWindowFrames)
                    {
                        float avgFrameTime = _perfDeltaTimeSum / kPerfSampleWindowFrames;
                        float avgFps = avgFrameTime > 0f ? 1f / avgFrameTime : 0f;
                        Debug.Log($"[WSM3D][Perf] frameDeltaMs={deltaTimePerf * 1000f:F2} avg60FrameDeltaMs={avgFrameTime * 1000f:F2} avg60Fps={avgFps:F1}");
                        _perfFrameCounter = 0;
                        _perfDeltaTimeSum = 0f;
                    }
                });

                _instancingTelemetryFrame++;
                if (_instancingTelemetryFrame >= 60)
                {
                    _instancingTelemetryFrame = 0;
                    Debug.Log($"[WSM3D][Telemetry] InstancingEfficiency={MeshInstanceBatcher.InstancingEfficiency:F4} FrameBucketCount={MeshInstanceBatcher.FrameBucketCount} FrameInstances={MeshInstanceBatcher.FrameInstances}");
                }

                float nowPerf = Time.realtimeSinceStartup;
                if (nowPerf - _telemetryLastTime > 10f)
                {
                    _telemetryLastTime = nowPerf;
                    Debug.Log($"[WSM3D][Telemetry] frameMs={Time.unscaledDeltaTime * 1000:F2} drawCalls={MeshInstanceBatcher.FrameDrawCalls} instances={MeshInstanceBatcher.FrameInstances} cacheSize={VoxelMeshCache.Count} cacheHits={VoxelMeshCache.HitCount} cacheMisses={VoxelMeshCache.MissCount} submits={VoxelRender._submitDiagCount} gcMB={(System.GC.GetTotalMemory(false) / 1048576f):F1}");
                    VoxelRender._submitDiagCount = 0;
                }

                tFrustumUpdate = Measure(() =>
                {
                    if (Core.savedSettings.VoxelEntities || Core.savedSettings.ProceduralBuildings || Core.savedSettings.CrossedQuadFoliage)
                    {
                        WorldSphereMod.LOD.FrustumCuller.UpdatePlanes();
                    }
                });
                tRigTick = Measure(WorldSphereMod.Rig.RigCache.Tick);
                tRigDrain = Measure(WorldSphereMod.Rig.RigCache.DrainPendingDestroy);
                if (Core.savedSettings.SkeletalAnimation)
                {
                    tRigUpdate = Measure(WorldSphereMod.Rig.RigDriver.Update);
                }
                else if (_lastSkeletalState)
                {
                    tRigClear = Measure(() =>
                    {
                        WorldSphereMod.Rig.RigDriver.Clear();
                        _lastSkeletalState = false;
                    });
                }

                tPumpQueuedBuilds = Measure(() => WorldSphereMod.Voxel.VoxelMeshCache.PumpQueuedBuilds(8));
                tDrainCompletedBuilds = Measure(() => WorldSphereMod.Voxel.VoxelMeshCache.DrainCompletedBuilds(8));

                if (Core.savedSettings.DebugSanityCube)
                {
                    tSanityDraw = Measure(SanityTestCube.Draw);
                }

                if (Core.savedSettings.ProceduralBuildings)
                {
                    tProcGenDrain = Measure(WorldSphereMod.ProcGen.ProcGenCache.DrainPendingDestroy);
                }

                if (Time.time >= _nextCameraLookup)
                {
                    tSunBind = Measure(() =>
                    {
                        WorldSphereMod.Lighting.SunDriver.BindMainCamera(CameraManager.MainCamera);
                        _nextCameraLookup = Time.time + kCameraLookupInterval;
                    });
                }

                tSunUpdate = Measure(WorldSphereMod.Lighting.SunDriver.Update);
                tDecalTick = Measure(WorldSphereMod.Fx.DecalPool.Tick);
                tEnvironmentalTick = Measure(WorldSphereMod.Fx.Environmental.Tick);
                tPostFxApply = Measure(() =>
                {
                    bool currentPostFX = Core.savedSettings.PostFX;
                    if (currentPostFX != _lastAppliedPostFX)
                    {
                        _lastAppliedPostFX = currentPostFX;
                        WorldSphereMod.PostFx.WSM3DPostStack.ApplySetting(currentPostFX);
                    }
                });
                tPostFxRefresh = Measure(() =>
                {
                    bool currentSSAO = Core.savedSettings.SSAOEnabled;
                    if (currentSSAO != _lastAppliedSSAOEnabled)
                    {
                        _lastAppliedSSAOEnabled = currentSSAO;
                        WorldSphereMod.PostFx.WSM3DPostStack.RefreshMaterials();
                    }

                    bool currentSSGI = Core.savedSettings.SSGIEnabled;
                    if (currentSSGI != _lastAppliedSSGIEnabled)
                    {
                        _lastAppliedSSGIEnabled = currentSSGI;
                        WorldSphereMod.PostFx.WSM3DPostStack.RefreshMaterials();
                    }
                });

                tTotal = sw.Elapsed.TotalMilliseconds;
                Debug.Log(
                    "[WSM3D][PerfBreakdown] " +
                    $"total={tTotal:F2}ms " +
                    $"PrepareWorld={tPrepareWorld:F2}ms " +
                    $"BeginFrame={tBeginFrame:F2}ms " +
                    $"FrustumUpdate={tFrustumUpdate:F2}ms " +
                    $"RigTick={tRigTick:F2}ms " +
                    $"RigDrain={tRigDrain:F2}ms " +
                    $"RigUpdate={tRigUpdate:F2}ms " +
                    $"RigClear={tRigClear:F2}ms " +
                    $"PumpQueuedBuilds={tPumpQueuedBuilds:F2}ms " +
                    $"DrainCompletedBuilds={tDrainCompletedBuilds:F2}ms " +
                    $"SanityDraw={tSanityDraw:F2}ms " +
                    $"ProcGenDrain={tProcGenDrain:F2}ms " +
                    $"SunBind={tSunBind:F2}ms " +
                    $"SunUpdate={tSunUpdate:F2}ms " +
                    $"DecalTick={tDecalTick:F2}ms " +
                    $"EnvironmentalTick={tEnvironmentalTick:F2}ms " +
                    $"PostFxApply={tPostFxApply:F2}ms " +
                    $"PostFxRefresh={tPostFxRefresh:F2}ms");
                return;
            }

            if (Core.ClearVoxelMeshCacheOnFirstFrame)
            {
                Core.ClearVoxelMeshCacheOnFirstFrame = false;
                try { VoxelMeshCache.Clear(); } catch (System.Exception ex) { Debug.LogWarning("[WSM3D] First-frame VoxelMeshCache.Clear failed: " + ex.Message); }
            }

            // Deferred world-state init: NML sometimes skips PostInit when a
            // save loads before the post-init phase runs. PrepareAssets was
            // already called in Init, but PrepareWorld needs World.world which
            // may not have existed then. Catch it here on the first frame
            // where the world is ready.
            if (!Core.Sphere.WorldPrepared)
            {
                try { Core.Sphere.PrepareWorld(); }
                catch (System.Exception ex) { Debug.LogError($"[WSM3D] Deferred Sphere.PrepareWorld FAILED: {ex.GetType().Name}: {ex.Message}\n{ex.StackTrace}"); }
            }
            // Belt-and-suspenders: re-apply phase patches on the FIRST tick only, in case
            // NML skipped PostInit on a save-load path. _ensurePatchesDone is a dedicated
            // one-shot flag so this never fires on subsequent frames — EnsurePhasePatches
            // calls ApplyPhaseToggle which calls VoxelMeshCache.Clear() as a side-effect,
            // and running that every frame was the cause of voxelCacheSize=0 + frameMs=400.
            // (#208 voxel-cache-clear-every-frame root cause)
            if (!_ensurePatchesDone)
            {
                _ensurePatchesDone = true;
                try { Core.EnsurePhasePatches(); }
                catch (System.Exception ex) { Debug.LogWarning("[WSM3D] TickPerFrame EnsurePhasePatches failed: " + ex.Message); }
            }

            float deltaTime = Time.deltaTime;
            _perfFrameCounter++;
            _perfDeltaTimeSum += deltaTime;
            if (_perfFrameCounter >= kPerfSampleWindowFrames)
            {
                float avgFrameTime = _perfDeltaTimeSum / kPerfSampleWindowFrames;
                float avgFps = avgFrameTime > 0f ? 1f / avgFrameTime : 0f;
                if (Core.savedSettings.ProfilerDump)
                    Debug.Log($"[WSM3D][Perf] frameDeltaMs={deltaTime * 1000f:F2} avg60FrameDeltaMs={avgFrameTime * 1000f:F2} avg60Fps={avgFps:F1}");
                _perfFrameCounter = 0;
                _perfDeltaTimeSum = 0f;
            }

            _instancingTelemetryFrame++;
            if (_instancingTelemetryFrame >= 60)
            {
                _instancingTelemetryFrame = 0;
                if (Core.savedSettings.ProfilerDump)
                    Debug.Log($"[WSM3D][Telemetry] InstancingEfficiency={MeshInstanceBatcher.InstancingEfficiency:F4} FrameBucketCount={MeshInstanceBatcher.FrameBucketCount} FrameInstances={MeshInstanceBatcher.FrameInstances}");
            }

            // Log-based telemetry every 10s — bypasses bridge for steady-state observability
            // even when bridge is in scene-transition known-issue state.
            float now = Time.realtimeSinceStartup;
            if (now - _telemetryLastTime > 10f)
            {
                _telemetryLastTime = now;
                if (Core.savedSettings.ProfilerDump)
                    Debug.Log($"[WSM3D][Telemetry] frameMs={Time.unscaledDeltaTime * 1000:F2} drawCalls={MeshInstanceBatcher.FrameDrawCalls} instances={MeshInstanceBatcher.FrameInstances} cacheSize={VoxelMeshCache.Count} cacheHits={VoxelMeshCache.HitCount} cacheMisses={VoxelMeshCache.MissCount} submits={VoxelRender._submitDiagCount} gcMB={(System.GC.GetTotalMemory(false) / 1048576f):F1}");
                VoxelRender._submitDiagCount = 0;
            }

            WorldSphereMod.Voxel.VoxelMeshCache.BeginFrame();

            bool hasRenderWork = Core.savedSettings.VoxelEntities || Core.savedSettings.ProceduralBuildings || Core.savedSettings.CrossedQuadFoliage;
            if (hasRenderWork)
            {
                WorldSphereMod.LOD.FrustumCuller.UpdatePlanes();
            }

            WorldSphereMod.Rig.RigCache.Tick();
            WorldSphereMod.Rig.RigCache.DrainPendingDestroy();
            if (Core.savedSettings.SkeletalAnimation)
            {
                if (_lastSkeletalState == false)
                {
                    _lastSkeletalState = true;
                }
                WorldSphereMod.Rig.RigDriver.Update();
            }
            else if (_lastSkeletalState)
            {
                // Edge transition true->false. Dispose stale SkinnedMeshRenderer
                // instances ONCE so they don't animate with garbage bone matrices
                // (dragonfly-legs bug). Per-frame Clear would freeze the load.
                WorldSphereMod.Rig.RigDriver.Clear();
                _lastSkeletalState = false;
            }

            // Flush runs in LateUpdate after all emit postfixes for this frame.

            // Frame-time budget: when the previous frame was slow, reduce
            // background work to keep the render loop responsive. Adapt the
            // pump budget based on how much headroom we have.
            float lastFrameMs = Time.unscaledDeltaTime * 1000f;
            bool frameBudgetTight = lastFrameMs > 20f;
            int pumpBudget = frameBudgetTight ? 2 : 8;

            WorldSphereMod.Voxel.VoxelMeshCache.PumpQueuedBuilds(pumpBudget);
            WorldSphereMod.Voxel.VoxelMeshCache.DrainCompletedBuilds(frameBudgetTight ? 4 : 8);
            WorldSphereMod.Voxel.VoxelDiskCache.TickFlush();

            if (Core.savedSettings.DebugSanityCube)
            {
                SanityTestCube.Draw();
            }

            // Visual sink: draw this frame's typed ERROR-prop markers (gated by RenderErrorProps)
            // BEFORE Flush so they batch with the frame's other voxel submissions. Then emit the
            // low-frequency structured [ERRORS] summary (throttled on-change / interval inside).
            WorldSphereMod.Voxel.RenderErrorMarkers.DrawQueued();
            WorldSphereMod.Voxel.RenderErrorRegistry.MaybeEmitSummary();

            if (Core.savedSettings.ProceduralBuildings)
            {
                WorldSphereMod.ProcGen.ProcGenCache.DrainPendingDestroy();
            }

            if (Time.time >= _nextCameraLookup)
            {
                WorldSphereMod.Lighting.SunDriver.BindMainCamera(CameraManager.MainCamera);
                _nextCameraLookup = Time.time + kCameraLookupInterval;
            }

            WorldSphereMod.Lighting.SunDriver.Update();

            // Skip cosmetic FX ticks when frame budget is tight
            if (!frameBudgetTight)
            {
                WorldSphereMod.Fx.DecalPool.Tick();
            }

            WorldSphereMod.Fx.Environmental.Tick();

            // CRITICAL: do NOT call ApplySetting every frame. The post stack may rebuild
            // resources or log on state changes; reconcile only on change (bridge/API
            // edits, load-order races). ApplyPhaseToggle also invokes ApplySetting immediately.
            bool currentPostFX = Core.savedSettings.PostFX;
            if (currentPostFX != _lastAppliedPostFX)
            {
                _lastAppliedPostFX = currentPostFX;
                WorldSphereMod.PostFx.WSM3DPostStack.ApplySetting(currentPostFX);
            }

            bool currentSSAO = Core.savedSettings.SSAOEnabled;
            if (currentSSAO != _lastAppliedSSAOEnabled)
            {
                _lastAppliedSSAOEnabled = currentSSAO;
                WorldSphereMod.PostFx.WSM3DPostStack.RefreshMaterials();
            }

            bool currentSSGI = Core.savedSettings.SSGIEnabled;
            if (currentSSGI != _lastAppliedSSGIEnabled)
            {
                _lastAppliedSSGIEnabled = currentSSGI;
                WorldSphereMod.PostFx.WSM3DPostStack.RefreshMaterials();
            }
        }

        // Pre-emit work runs from MapBox.renderStuff (Harmony); flush must run after emit
        // postfixes, so LateUpdate remains the end-of-frame sink.
        static int _submitFlushDiagFrame;
        void LateUpdate()
        {
            // Re-create bridge every frame so it survives scene transitions
            // even when the Harmony postfix on MapBox.renderStuff doesn't fire.
            Bridge.BridgeServer.EnsureCreated();
            Bridge.BridgeServer.DrainStaticQueue();

            // BUG FIX (drawCalls=0 most frames): previously gated on
            // MeshInstanceBatcher.HasPendingSubmissions, but BridgeServer.cs:160
            // also calls VoxelRender.Flush() which can drain buckets BEFORE
            // this LateUpdate runs. If buckets are drained, HasPendingSubmissions
            // can return false even when a Postfix has submits in flight to the
            // ConcurrentQueue this frame — and we'd skip Flush, producing
            // drawCalls=0 telemetry. Always call Flush so this frame's submits
            // get drawn before the camera renders. The reference to
            // HasPendingSubmissions below is retained (now an observability
            // snapshot) to satisfy source invariants that pin the reference in
            // LateUpdate.
            bool hadPending = MeshInstanceBatcher.HasPendingSubmissions;
            int submitsBeforeFlush = Volatile.Read(ref MeshInstanceBatcher._submitCountThisFrame);
            VoxelRender.Flush();
            VoxelRender.FlushQueuedActorSpriteCards();
            if (Core.savedSettings?.ProceduralBuildings == true)
            {
                Material? procBuildingMaterial = VoxelRender.GetResolvedMaterial();
                WorldSphereMod.ProcGen.BuildingProcRender.ProcMeshEmit.FlushQueuedBuildingDraws(
                    procBuildingMaterial,
                    out _,
                    out _);
            }
            VoxelMeshCache.DrainPendingDestroy();

            // Per-frame Submit/Flush diagnostic. Snapshot live counters and reset.
            int submitCount = Interlocked.Exchange(ref MeshInstanceBatcher._submitCountThisFrame, 0);
            int flushCount = Interlocked.Exchange(ref MeshInstanceBatcher._flushCountThisFrame, 0);
            MeshInstanceBatcher.LastFrameSubmitCount = submitCount;
            MeshInstanceBatcher.LastFrameFlushCount = flushCount;
            _submitFlushDiagFrame++;
            if (_submitFlushDiagFrame % 60 == 0 && Core.savedSettings.ProfilerDump)
            {
                Debug.Log($"[WSM3D][SubmitFlushDiag] frame={_submitFlushDiagFrame} submits={submitCount} flushes={flushCount} submitsBeforeFlush={submitsBeforeFlush} hadPending={hadPending} drawCalls={MeshInstanceBatcher.FrameDrawCalls} instances={MeshInstanceBatcher.FrameInstances} buckets={MeshInstanceBatcher.FrameBucketCount}");
            }

            Bridge.BridgeServer.RefreshTelemetryCache();
        }

        static bool _lastAppliedPostFX = false;
        static bool _lastAppliedSSAOEnabled = false;
        static bool _lastAppliedSSGIEnabled = false;
    }
}
" to contain "if (_material != null) Object.Destroy(_material);".
  Stack Trace:
     at FluentAssertions.Primitives.StringAssertions`1.Contain(String expected, String because, Object[] becauseArgs)
   at VoxelRenderInvariantsTests.VoxelRender_reset_clears_material_state_and_diagnostics() in E:\Dev\WorldSphereMod\tests\WorldSphereMod.Tests.E2E\VoxelRenderInvariantsTests.cs:line 35
   at System.RuntimeMethodHandle.InvokeMethod(Object target, Void** arguments, Signature sig, Boolean isConstructor)
   at System.Reflection.MethodBaseInvoker.InvokeWithNoArgs(Object obj, BindingFlags invokeAttr)
  Failed VoxelMeshCacheInvariantsTests.VoxelMeshCache_exposes_cache_lifecycle_and_build_entrypoints [526 ms]
  Error Message:
   Expected source "using System;
using System.Collections.Concurrent;
using System.Collections.Generic;
using System.Threading;
using UnityEngine;
using WorldSphereMod;
using WorldSphereMod.Rig;
using Object = UnityEngine.Object;
using Debug = UnityEngine.Debug;

namespace WorldSphereMod.Voxel
{
    public enum VoxelEntityType
    {
        Unknown,
        Actor,
        Building,
        Foliage,
        Procedural,
        Effect,
        Vehicle,
        Other,
    }

    /// <summary>
    /// LRU cache of voxelized meshes keyed by <see cref="Sprite.GetInstanceID"/>. Survives
    /// world rebuilds (entries live in the static dictionary), but evicts on capacity.
    ///
    /// The cache is the only allocation site for voxel meshes — every render pass that
    /// previously assigned a <see cref="Sprite"/> to a quad should call <see cref="Get"/>
    /// instead and feed the result to <see cref="MeshInstanceBatcher"/>.
    /// </summary>
    public static class VoxelMeshCache
    {
        public const int SampleLimit = 100;
        public const int MAX_ENTRIES = 1024;
        public static int Capacity => MAX_ENTRIES;

        public sealed class MeshBoundsSnapshot
        {
            public Vector3 min;
            public Vector3 max;
        }

        public sealed class MeshInvariantsSnapshot
        {
            public int distinctTriVerts;
            public bool maxTriIndexLessThanVerts;
            public int maxTriIndex;
        }

        public sealed class MeshSnapshot
        {
            public int spriteId;
            public string spriteName;
            public string meshName;
            public int vertexCount;
            public int triangleCount;
            public MeshBoundsSnapshot bounds;
            public List<Vector3> vertices = new List<Vector3>();
            public List<int> triangles = new List<int>();
            public List<Color32> colors = new List<Color32>();
            public MeshInvariantsSnapshot invariants;
            // WHY: full CPU-side arrays captured BEFORE Mesh.UploadMeshData(true) freed the
            // readable copy; disk-cache save reads these instead of the non-readable mesh.
            public Vector3[] diskVertices;
            public int[] diskTriangles;
            public Color32[] diskColors;
            public Vector3[] diskNormals;
        }

        struct Entry
        {
            public Mesh Mesh;
            public MeshSnapshot Snapshot;
            public ulong LastFrame;
        }

        struct BuildRequest
        {
            public Sprite Sprite;
            public int Key;
            public int Depth;
            public ShapeHint ShapeHint;
        }

        struct BuildCompletion
        {
            public int Key;
            public Sprite Sprite;
            public Mesh Mesh;
            public MeshSnapshot Snapshot;
            public string InflationStyle;
            public bool BuildFailed;
        }

        static readonly object _lock = new object();
        static readonly Dictionary<int, Entry> _cache = new Dictionary<int, Entry>(1024);
        static readonly Dictionary<string, int> _nameToSpriteId = new Dictionary<string, int>();
        static readonly HashSet<int> _diagnosedSprites = new HashSet<int>();
        static readonly HashSet<int> _diagnosedShapeHints = new HashSet<int>();
        static readonly HashSet<string> _invalidVoxelStyles = new HashSet<string>(System.StringComparer.OrdinalIgnoreCase);
        static readonly ConcurrentQueue<BuildCompletion> _completedBuilds = new ConcurrentQueue<BuildCompletion>();
        static readonly ConcurrentQueue<BuildRequest> _queuedBuilds = new ConcurrentQueue<BuildRequest>();
        static readonly HashSet<int> _pendingBuilds = new HashSet<int>();
        // Evict() can't Destroy a mesh that may still be queued in the batcher for this frame;
        // queue it here and let VoxelFrameDriver drain after MeshInstanceBatcher.Flush().
        static readonly Queue<Mesh> _pendingDestroy = new Queue<Mesh>();
        static ulong _frame;
        static Mesh _placeholderMesh;
        // Per-sprite placeholder cache so each sprite shows its OWN dominant color
        // during the (possibly multi-second) async build wait, instead of every
        // actor on the map rendering as the same shared tan-gray cube.
        // Keyed by sprite InstanceID; small bounded LRU.
        static readonly Dictionary<int, Mesh> _spritePlaceholders = new Dictionary<int, Mesh>(256);
        const int kMaxSpritePlaceholders = 512;
        static long _hits;
        static long _misses;
        static long _totalBuilds;
        static int _completedBuildsThisFrame;
        static bool _pumpDiagLogged;

        /// <summary>Cumulative cache-hit count since process start (or last Clear).</summary>
        public static long HitCount => System.Threading.Interlocked.Read(ref _hits);
        /// <summary>Cumulative cache-miss count since process start (or last Clear).</summary>
        public static long MissCount => System.Threading.Interlocked.Read(ref _misses);
        /// <summary>Number of builds currently queued for background processing.</summary>
        public static int PendingBuilds
        {
            get { lock (_lock) return _pendingBuilds.Count; }
        }

        /// <summary>Number of completions that were applied in the last frame.</summary>
        public static int CompletedBuildsThisFrame => Volatile.Read(ref _completedBuildsThisFrame);
        /// <summary>Total background build requests enqueued since process start (or last Clear).</summary>
        public static long TotalBuilds => Interlocked.Read(ref _totalBuilds);

        /// <summary>Total number of meshes currently held.</summary>
        public static int Count
        {
            get { lock (_lock) return _cache.Count; }
        }

        public static bool TryDescribe(string spriteName, out MeshSnapshot snapshot)
        {
            snapshot = null;
            if (string.IsNullOrEmpty(spriteName)) return false;
            int key;
            lock (_lock)
            {
                if (_nameToSpriteId.TryGetValue(spriteName, out key))
                {
                    if (_cache.TryGetValue(key, out Entry e) && e.Snapshot != null)
                    {
                        snapshot = e.Snapshot;
                        return true;
                    }
                }
                // Fallback: scan all entries for matching snapshot.spriteName
                // Necessary when the cache entry was inserted with a different
                // Sprite instance ID than the one Bridge resolves now.
                foreach (var kvp in _cache)
                {
                    if (kvp.Value.Snapshot != null &&
                        string.Equals(kvp.Value.Snapshot.spriteName, spriteName, System.StringComparison.Ordinal))
                    {
                        // Back-fill name index for next time
                        _nameToSpriteId[spriteName] = kvp.Value.Snapshot != null ? kvp.Value.Snapshot.spriteId : key;
                        snapshot = kvp.Value.Snapshot;
                        return true;
                    }
                }
            }
            return false;
        }

        // Back-fill name index when caller resolves a Sprite outside the cache path.
        public static void RegisterSpriteName(Sprite sprite)
        {
            if (sprite == null || string.IsNullOrEmpty(sprite.name)) return;
            int key = sprite.GetInstanceID();
            lock (_lock)
            {
                if (_cache.ContainsKey(key)) _nameToSpriteId[sprite.name] = key;
            }
        }

        public static bool TryDescribe(Sprite sprite, out MeshSnapshot snapshot)
        {
            snapshot = null;
            if (sprite == null) return false;

            int key = sprite.GetInstanceID();
            lock (_lock)
            {
                foreach (var kvp in _cache)
                {
                    if (kvp.Value.Snapshot != null && kvp.Value.Snapshot.spriteId == key)
                    {
                        snapshot = kvp.Value.Snapshot;
                        return true;
                    }
                }
            }
            return false;
        }

        static int ResolveCacheKey(int spriteId, ShapeHint shapeHint, VoxelEntityType entityType)
        {
            if (entityType == VoxelEntityType.Actor && shapeHint == ShapeHint.OrganicBlob)
            {
                return spriteId == int.MinValue ? int.MinValue : -spriteId - 1;
            }
            return spriteId;
        }

        public static List<MeshSnapshot> DescribeAll()
        {
            var snapshots = new List<MeshSnapshot>();
            lock (_lock)
            {
                foreach (Entry entry in _cache.Values)
                {
                    if (entry.Snapshot != null)
                    {
                        snapshots.Add(entry.Snapshot);
                    }
                }
            }

            snapshots.Sort((a, b) =>
            {
                int nameCompare = string.CompareOrdinal(a != null ? a.spriteName : null, b != null ? b.spriteName : null);
                if (nameCompare != 0) return nameCompare;
                int idA = a != null ? a.spriteId : 0;
                int idB = b != null ? b.spriteId : 0;
                return idA.CompareTo(idB);
            });
            return snapshots;
        }

        internal static MeshSnapshot CreateSnapshot(Sprite sprite, Mesh mesh, IList<Vector3> vertices, IList<Color32> colors, IList<int> triangles)
        {
            var snapshot = new MeshSnapshot
            {
                spriteId = sprite != null ? sprite.GetInstanceID() : 0,
                spriteName = sprite != null ? sprite.name : null,
                meshName = mesh != null ? mesh.name : null,
                vertexCount = vertices != null ? vertices.Count : 0,
                triangleCount = triangles != null ? triangles.Count / 3 : 0,
                bounds = new MeshBoundsSnapshot
                {
                    min = mesh != null ? mesh.bounds.min : Vector3.zero,
                    max = mesh != null ? mesh.bounds.max : Vector3.zero,
                },
                invariants = new MeshInvariantsSnapshot
                {
                    distinctTriVerts = 0,
                    maxTriIndexLessThanVerts = true,
                    maxTriIndex = -1,
                },
            };

            int vertexSampleCount = vertices != null ? Math.Min(SampleLimit, vertices.Count) : 0;
            for (int i = 0; i < vertexSampleCount; i++)
            {
                snapshot.vertices.Add(vertices[i]);
            }

            int triangleSampleCount = triangles != null ? Math.Min(SampleLimit, triangles.Count) : 0;
            var distinctTriangleVerts = new HashSet<int>();
            int maxTriIndex = -1;
            for (int i = 0; i < triangleSampleCount; i++)
            {
                int index = triangles[i];
                snapshot.triangles.Add(index);
                distinctTriangleVerts.Add(index);
                if (index > maxTriIndex) maxTriIndex = index;
            }

            int colorSampleCount = colors != null ? Math.Min(SampleLimit, colors.Count) : 0;
            for (int i = 0; i < colorSampleCount; i++)
            {
                snapshot.colors.Add(colors[i]);
            }

            snapshot.invariants.distinctTriVerts = distinctTriangleVerts.Count;
            snapshot.invariants.maxTriIndex = maxTriIndex;
            snapshot.invariants.maxTriIndexLessThanVerts = maxTriIndex < snapshot.vertexCount;
            return snapshot;
        }

        /// <summary>Return the cached voxel mesh for <paramref name="sprite"/>, building one if missing.</summary>
        public static Mesh Get(Sprite sprite, int depth = -1, bool forceSyncBuild = false, VoxelEntityType entityType = VoxelEntityType.Unknown)
        {
            return Get(sprite, entityType == VoxelEntityType.Actor ? ShapeHint.OrganicBlob : ShapeHint.Auto, forceSyncBuild, entityType, depth);
        }

        public static Mesh Get(Sprite sprite, ShapeHint shapeHint, bool forceSyncBuild = false, VoxelEntityType entityType = VoxelEntityType.Unknown)
        {
            return Get(sprite, shapeHint, forceSyncBuild, entityType, -1);
        }

        static Mesh Get(Sprite sprite, ShapeHint shapeHint, bool forceSyncBuild, VoxelEntityType entityType, int depth)
        {
            if (sprite == null) return null;

            if (shapeHint == ShapeHint.Auto && entityType == VoxelEntityType.Actor)
            {
                shapeHint = ShapeHint.OrganicBlob;
            }

            int spriteId = sprite.GetInstanceID();
            int key = ResolveCacheKey(spriteId, shapeHint, entityType);
            lock (_lock)
            {
                if (_cache.TryGetValue(key, out var e))
                {
                    if (e.Mesh == null || e.Mesh.vertexCount == 0)
                    {
                        Mesh replacement = GetPlaceholderVoxelMesh(sprite);
                        if (replacement == null)
                        {
                            _cache.Remove(key);
                            return null;
                        }

                        e.Mesh = replacement;
                        e.LastFrame = _frame;
                        _cache[key] = e;
                        if (sprite != null && !string.IsNullOrEmpty(sprite.name)) _nameToSpriteId[sprite.name] = spriteId;
                        return replacement;
                    }
                    e.LastFrame = _frame;
                    _cache[key] = e;
                    if (sprite != null && !string.IsNullOrEmpty(sprite.name)) _nameToSpriteId[sprite.name] = spriteId;
                    System.Threading.Interlocked.Increment(ref _hits);
                    return e.Mesh;
                }
            }

            System.Threading.Interlocked.Increment(ref _misses);

            if (VoxelDiskCache.TryGetFromDisk(sprite, out Mesh diskMesh))
            {
                var diskSnapshot = CreateSnapshot(sprite, diskMesh, diskMesh.vertices, diskMesh.colors32, diskMesh.triangles);
                lock (_lock)
                {
                    _cache[key] = new Entry { Mesh = diskMesh, Snapshot = diskSnapshot, LastFrame = _frame };
                    if (!string.IsNullOrEmpty(sprite.name)) _nameToSpriteId[sprite.name] = spriteId;
                    if (_cache.Count > Capacity) Evict();
                }
                return diskMesh;
            }

            EnqueueBuild(sprite, shapeHint == ShapeHint.Auto ? depth : -1, key, shapeHint);
            return GetPlaceholderVoxelMesh(sprite);
        }

        static Mesh BuildVoxelMeshSync(Sprite sprite, int key, int depth)
        {
            BuildCompletion completion = BuildVoxelMeshAsync(new BuildRequest { Sprite = sprite, Key = key, Depth = depth, ShapeHint = ShapeHint.Auto });
            if (completion.BuildFailed || completion.Mesh == null || completion.Mesh.vertexCount == 0)
            {
                return null;
            }

            Mesh mesh = completion.Mesh;
            if (mesh != null && Core.savedSettings != null && Core.savedSettings.VoxelMeshSmoothing)
            {
                Mesh smoothed = MeshSmoother.Smooth(mesh, Core.savedSettings.SmoothingIterations);
                if (smoothed != null && !ReferenceEquals(smoothed, mesh))
                {
                    Object.DestroyImmediate(mesh);
                    mesh = smoothed;
                }
            }

            // PERF: do NOT recreate the snapshot from mesh.vertices/.colors32/.triangles.
            // The mesh had UploadMeshData(true) called, so those reads emit LogWarning
            // floods that destroy frame time. If BuildVoxelMeshAsync did not provide a
            // snapshot via its out-param path, leave it null (Bridge-only diagnostic).
            MeshSnapshot snapshot = completion.Snapshot;

            completion.Mesh = mesh;
            completion.Snapshot = snapshot;

            LogVoxelizedSprite(completion.Sprite, mesh, completion.InflationStyle);
            lock (_lock)
            {
                if (_pendingBuilds.Remove(key))
                {
                    // no-op, keep existing cache placeholder lifetime behavior
                }

                if (_cache.TryGetValue(key, out var existing))
                {
                    if (existing.Mesh != null && !IsAnyPlaceholderMesh(existing.Mesh))
                    {
                        _pendingDestroy.Enqueue(existing.Mesh);
                    }
                }

                _cache[key] = new Entry { Mesh = mesh, Snapshot = snapshot, LastFrame = _frame };
                if (sprite != null && !string.IsNullOrEmpty(sprite.name))
                {
                    _nameToSpriteId[sprite.name] = sprite.GetInstanceID();
                }
                if (_cache.Count > Capacity) Evict();
            }

            return mesh;
        }

        static void EnqueueBuild(Sprite sprite, int depth, int key, ShapeHint shapeHint = ShapeHint.Auto)
        {
            lock (_lock)
            {
                if (_cache.ContainsKey(key) || _pendingBuilds.Contains(key))
                {
                    return;
                }

                _cache[key] = new Entry { Mesh = GetPlaceholderVoxelMesh(sprite), Snapshot = null, LastFrame = _frame };
                if (sprite != null && !string.IsNullOrEmpty(sprite.name)) _nameToSpriteId[sprite.name] = sprite.GetInstanceID();
                _pendingBuilds.Add(key);
                Interlocked.Increment(ref _totalBuilds);
                if (_cache.Count > Capacity) Evict();
            }

            var request = new BuildRequest { Sprite = sprite, Key = key, Depth = depth, ShapeHint = shapeHint };
            _queuedBuilds.Enqueue(request);
        }

        /// <summary>Max milliseconds PumpQueuedBuilds may spend per frame before yielding.</summary>
        const float kPumpTimeBudgetMs = 4.0f;

        public static void PumpQueuedBuilds(int maxBuildsPerFrame = 1)
        {
            int processed = 0;
            long startTicks = System.Diagnostics.Stopwatch.GetTimestamp();
            double ticksPerMs = System.Diagnostics.Stopwatch.Frequency / 1000.0;

            while (processed < maxBuildsPerFrame && _queuedBuilds.TryDequeue(out BuildRequest request))
            {
                bool shouldBuild = true;
                lock (_lock)
                {
                    shouldBuild = _pendingBuilds.Contains(request.Key);
                }

                if (!shouldBuild)
                {
                    continue;
                }

                try
                {
                    var completion = BuildVoxelMeshAsync(request);
                    _completedBuilds.Enqueue(completion);
                }
                catch
                {
                    _completedBuilds.Enqueue(new BuildCompletion
                    {
                        Key = request.Key,
                        Sprite = request.Sprite,
                        Mesh = null,
                        Snapshot = null,
                        InflationStyle = null,
                        BuildFailed = true
                    });
                }

                processed++;

                // Time-budget guard: stop pumping if we've exceeded the budget,
                // remaining builds will be processed in subsequent frames.
                double elapsedMs = (System.Diagnostics.Stopwatch.GetTimestamp() - startTicks) / ticksPerMs;
                if (elapsedMs >= kPumpTimeBudgetMs)
                {
                    break;
                }
            }

            if (!_pumpDiagLogged && processed > 0)
            {
                _pumpDiagLogged = true;
                int queued;
                lock (_lock) { queued = _pendingBuilds.Count; }
                double totalMs = (System.Diagnostics.Stopwatch.GetTimestamp() - startTicks) / ticksPerMs;
                Debug.Log($"[WSM3D] VoxelMeshCache: {queued} pending builds, {processed} completed this frame ({totalMs:F1}ms)");
            }
        }

        static BuildCompletion BuildVoxelMeshAsync(BuildRequest request)
        {
            Mesh m = BuildVoxelMesh(request.Sprite, request.Depth, request.ShapeHint, out int[] vertexToTexel, out string inflationStyle, out MeshSnapshot snapshot);
            // PERF: do NOT call CreateSnapshot here using mesh.vertices/.colors32/.triangles —
            // SpriteVoxelizer.Build calls UploadMeshData(true) which strips the CPU copy.
            // Reading those properties post-upload triggers 4 LogWarning lines per access
            // ("Not allowed to access vertices ... isReadable is false"). Hundreds of
            // sprites × multiple frames = thousands of synchronous LogWarning -> Player.log
            // I/O calls per second, which was eating 1500-2700ms per frame (0.5 FPS).
            // The Build* methods that DO have CPU-side data should return a snapshot via
            // the out-param; otherwise leave snapshot null (it's a Bridge nice-to-have,
            // not required for rendering).
            return new BuildCompletion
            {
                Key = request.Key,
                Sprite = request.Sprite,
                Mesh = m,
                Snapshot = snapshot,
                InflationStyle = inflationStyle,
                BuildFailed = m == null || m.vertexCount == 0 || vertexToTexel == null,
            };
        }

        /// <summary>
        /// Apply up to <paramref name="maxCompletionsPerFrame"/> completed async builds.
        /// </summary>
        public static void DrainCompletedBuilds(int maxCompletionsPerFrame = 8)
        {
            int drained = 0;
            while (drained < maxCompletionsPerFrame && _completedBuilds.TryDequeue(out BuildCompletion completion))
            {
                lock (_lock)
                {
                    _pendingBuilds.Remove(completion.Key);
                }

                if (completion.BuildFailed || completion.Mesh == null || completion.Mesh.vertexCount == 0)
                {
                    // Voxel build failed — fall back to a flat-sprite quad so the
                    // actor at least shows its real sprite art instead of being
                    // stuck on the dominant-color placeholder cube forever.
                    Mesh fallbackMesh = BuildFlatSpriteMesh(completion.Sprite);
                    if (fallbackMesh == null || fallbackMesh.vertexCount == 0)
                    {
                        if (fallbackMesh != null) Object.DestroyImmediate(fallbackMesh);
                        continue;
                    }

                    lock (_lock)
                    {
                        if (_cache.TryGetValue(completion.Key, out Entry existingFb))
                        {
                            if (existingFb.Mesh != null && !IsAnyPlaceholderMesh(existingFb.Mesh))
                            {
                                _pendingDestroy.Enqueue(existingFb.Mesh);
                            }
                        }
                        _cache[completion.Key] = new Entry { Mesh = fallbackMesh, Snapshot = null, LastFrame = _frame };
                        if (completion.Sprite != null && !string.IsNullOrEmpty(completion.Sprite.name))
                        {
                            _nameToSpriteId[completion.Sprite.name] = completion.Key;
                        }
                        if (_cache.Count > Capacity) Evict();
                    }

                    Debug.LogWarning($"[WSM3D] Voxel build failed for sprite \"{(completion.Sprite != null ? completion.Sprite.name : "<null>")}\" — using flat-sprite fallback mesh.");
                    drained++;
                    continue;
                }

                Mesh mesh = completion.Mesh;
                if (mesh != null && Core.savedSettings.VoxelMeshSmoothing)
                {
                    Mesh smoothed = MeshSmoother.Smooth(mesh, Core.savedSettings.SmoothingIterations);
                    if (smoothed != null && !ReferenceEquals(smoothed, mesh))
                    {
                        Object.DestroyImmediate(mesh);
                        mesh = smoothed;
                        // Smoothed mesh still has CPU-side data (MeshSmoother reads it),
                        // so it's safe to snapshot here.
                        completion.Snapshot = CreateSnapshot(completion.Sprite, mesh, mesh.vertices, mesh.colors32, mesh.triangles);
                        // WHY: re-capture full CPU arrays from the still-readable smoothed
                        // mesh so disk-save uses them, not a later non-readable read-back.
                        completion.Snapshot.diskVertices = mesh.vertices;
                        completion.Snapshot.diskTriangles = mesh.triangles;
                        completion.Snapshot.diskColors = mesh.colors32;
                        completion.Snapshot.diskNormals = mesh.normals;
                    }
                }

                // PERF: skip the redundant snapshot rebuild. SpriteVoxelizer.Build calls
                // UploadMeshData(true) on the mesh, so reading mesh.vertices/.colors32/
                // .triangles emits 4 LogWarning lines per call ("isReadable is false").
                // BuildVoxelMeshAsync now wires the source-side snapshot via out-param;
                // a null Snapshot is acceptable (it's only used by Bridge diagnostics).

                LogVoxelizedSprite(completion.Sprite, mesh, completion.InflationStyle);
                lock (_lock)
                {
                    if (_cache.TryGetValue(completion.Key, out Entry existing))
                    {
                        if (existing.Mesh != null && !ReferenceEquals(existing.Mesh, _placeholderMesh))
                        {
                            _pendingDestroy.Enqueue(existing.Mesh);
                        }
                    }

                    _cache[completion.Key] = new Entry { Mesh = mesh, Snapshot = completion.Snapshot, LastFrame = _frame };
                    if (_cache.Count > Capacity) Evict();
                }

                // WHY: save from the CPU snapshot captured pre-upload, never from the
                // non-readable mesh. A null/dataless snapshot means no readable copy, so
                // skip the save rather than trigger an "isReadable is false" warning flood.
                if (completion.Sprite != null && !string.IsNullOrEmpty(completion.Sprite.name)
                    && completion.Snapshot != null && completion.Snapshot.diskVertices != null)
                {
                    int depth = Core.savedSettings != null ? Core.savedSettings.VoxelSpriteDepth : 8;
                    string spriteHash = VoxelDiskCache.ComputeSpriteHash(completion.Sprite);
                    VoxelDiskCache.EnqueueSave(
                        completion.Sprite.name,
                        completion.Snapshot.diskVertices,
                        completion.Snapshot.diskTriangles,
                        completion.Snapshot.diskColors,
                        completion.Snapshot.diskNormals,
                        depth,
                        completion.InflationStyle ?? "pertexel",
                        spriteHash);
                }

                drained++;
            }
            if (drained > 0)
            {
                Interlocked.Add(ref _completedBuildsThisFrame, drained);
            }
        }

        public static void BeginFrame()
        {
            Interlocked.Exchange(ref _completedBuildsThisFrame, 0);
        }

        // Caller MUST hold _lock when invoking this helper.
        static bool IsAnyPlaceholderMesh(Mesh mesh)
        {
            if (mesh == null) return false;
            if (ReferenceEquals(mesh, _placeholderMesh)) return true;
            foreach (var kv in _spritePlaceholders)
            {
                if (ReferenceEquals(kv.Value, mesh)) return true;
            }
            return false;
        }

        static Mesh GetPlaceholderVoxelMesh(Sprite sprite)
        {
            // Per-sprite colored placeholder: actors waiting for their real voxel
            // mesh at least show their sprite's dominant color instead of every
            // actor sharing one tan-gray cube. Falls back to the shared neutral
            // placeholder when sprite is null or the texture cannot be sampled.
            if (sprite != null)
            {
                int sid = sprite.GetInstanceID();
                lock (_lock)
                {
                    if (_spritePlaceholders.TryGetValue(sid, out Mesh existing) && existing != null)
                    {
                        return existing;
                    }
                }

                Mesh perSprite = BuildPlaceholderMesh(sprite);
                if (perSprite != null)
                {
                    lock (_lock)
                    {
                        if (!_spritePlaceholders.ContainsKey(sid))
                        {
                            if (_spritePlaceholders.Count >= kMaxSpritePlaceholders)
                            {
                                // Bounded eviction: drop one arbitrary placeholder. These are
                                // cheap to rebuild and the cache exists only to coalesce
                                // duplicate per-frame requests during the async build wait.
                                var firstKey = default(int);
                                foreach (var kv in _spritePlaceholders) { firstKey = kv.Key; break; }
                                if (_spritePlaceholders.TryGetValue(firstKey, out Mesh dropped) && dropped != null)
                                {
                                    _pendingDestroy.Enqueue(dropped);
                                }
                                _spritePlaceholders.Remove(firstKey);
                            }
                            _spritePlaceholders[sid] = perSprite;
                        }
                        else
                        {
                            // Lost a race; destroy the duplicate we built.
                            _pendingDestroy.Enqueue(perSprite);
                            perSprite = _spritePlaceholders[sid];
                        }
                    }
                    return perSprite;
                }
            }

            if (_placeholderMesh == null)
            {
                lock (_lock)
                {
                    if (_placeholderMesh == null)
                    {
                        _placeholderMesh = BuildPlaceholderMesh();
                    }
                }
            }

            return _placeholderMesh;
        }

        static Mesh BuildPlaceholderMesh(Sprite sprite = null)
        {
            const float h = 0.5f;
            string meshName = sprite != null && !string.IsNullOrEmpty(sprite.name)
                ? $"WSM3D.Voxel.Placeholder:{sprite.name}"
                : "WSM3D.Voxel.Placeholder";
            var mesh = new Mesh { name = meshName };
            Vector3[] vertices =
            {
                new Vector3(-h, -h, -h),
                new Vector3(h, -h, -h),
                new Vector3(h, h, -h),
                new Vector3(-h, h, -h),
                new Vector3(-h, -h, h),
                new Vector3(h, -h, h),
                new Vector3(h, h, h),
                new Vector3(-h, h, h),
                new Vector3(-h, -h, -h),
                new Vector3(-h, h, -h),
                new Vector3(-h, h, h),
                new Vector3(-h, -h, h),
                new Vector3(h, -h, -h),
                new Vector3(h, h, -h),
                new Vector3(h, h, h),
                new Vector3(h, -h, h),
                new Vector3(-h, h, -h),
                new Vector3(h, h, -h),
                new Vector3(h, h, h),
                new Vector3(-h, h, h),
                new Vector3(-h, -h, -h),
                new Vector3(h, -h, -h),
                new Vector3(h, -h, h),
                new Vector3(-h, -h, h),
            };
            int[] triangles =
            {
                0, 2, 1, 0, 3, 2,
                4, 5, 6, 4, 6, 7,
                0, 1, 5, 0, 5, 4,
                3, 7, 6, 3, 6, 2,
                0, 4, 7, 0, 7, 3,
                1, 2, 6, 1, 6, 5,
            };
            Color32[] colors = new Color32[vertices.Length];
            Color32 placeholderGray = GetDominantSpriteColor(sprite);
            for (int i = 0; i < colors.Length; i++)
            {
                colors[i] = placeholderGray;
            }

            mesh.vertices = vertices;
            mesh.triangles = triangles;
            mesh.colors32 = colors;
            mesh.RecalculateNormals();
            mesh.RecalculateBounds();
            return mesh;
        }

        /// <summary>
        /// Build a flat single-quad mesh, extruded 1 unit deep, sized to the
        /// sprite's pixel dimensions (in local space matching SpriteVoxelizer
        /// per-texel output where 1 unit = 1 texel). Used as a last-resort
        /// fallback when the real voxel build fails so the actor still shows
        /// its sprite art instead of a placeholder cube forever.
        ///
        /// UVs are set so the sprite's textureRect maps onto the front face;
        /// the mesh also bakes per-vertex colors from the sprite's dominant
        /// color so callers using vertex-color shaders still see something
        /// reasonable. The sprite texture is exposed via the mesh name (the
        /// Bridge/material wires _MainTex at draw time).
        /// </summary>
        public static Mesh BuildFlatSpriteMesh(Sprite sprite)
        {
            if (sprite == null) return null;

            // Pixel-space size (matches per-texel voxelizer coordinates so this
            // fallback drops into the same world-scale pipeline cleanly).
            Rect r = sprite.textureRect;
            float w = Mathf.Max(1f, r.width);
            float h = Mathf.Max(1f, r.height);
            float hx = w * 0.5f;
            float hy = h * 0.5f;
            const float depthHalf = 0.5f; // "1-deep" extrusion

            string meshName = !string.IsNullOrEmpty(sprite.name)
                ? $"WSM3D.Voxel.FlatSprite:{sprite.name}"
                : "WSM3D.Voxel.FlatSprite";
            var mesh = new Mesh { name = meshName };

            // Front face (z = +depthHalf), back face (z = -depthHalf), plus
            // a thin side ring so it isn't paper-thin from edge angles.
            Vector3[] vertices =
            {
                // Front quad (faces +Z)
                new Vector3(-hx, -hy,  depthHalf),
                new Vector3( hx, -hy,  depthHalf),
                new Vector3( hx,  hy,  depthHalf),
                new Vector3(-hx,  hy,  depthHalf),
                // Back quad (faces -Z)
                new Vector3(-hx, -hy, -depthHalf),
                new Vector3( hx, -hy, -depthHalf),
                new Vector3( hx,  hy, -depthHalf),
                new Vector3(-hx,  hy, -depthHalf),
            };

            int[] triangles =
            {
                // Front (CCW from +Z)
                0, 2, 1, 0, 3, 2,
                // Back (CCW from -Z)
                4, 5, 6, 4, 6, 7,
                // Sides
                0, 1, 5, 0, 5, 4, // bottom
                3, 7, 6, 3, 6, 2, // top
                0, 4, 7, 0, 7, 3, // left
                1, 2, 6, 1, 6, 5, // right
            };

            // Sprite UVs map textureRect onto the front face. Reuse the same
            // UVs for the back so flipped views still show the sprite.
            Texture tex = sprite.texture;
            float texW = tex != null ? tex.width : 1f;
            float texH = tex != null ? tex.height : 1f;
            float u0 = r.x / texW;
            float v0 = r.y / texH;
            float u1 = (r.x + r.width) / texW;
            float v1 = (r.y + r.height) / texH;

            Vector2[] uvs =
            {
                new Vector2(u0, v0),
                new Vector2(u1, v0),
                new Vector2(u1, v1),
                new Vector2(u0, v1),
                new Vector2(u0, v0),
                new Vector2(u1, v0),
                new Vector2(u1, v1),
                new Vector2(u0, v1),
            };

            // Vertex colors = dominant sprite color so shaders that multiply
            // _MainTex by COLOR (or use COLOR only) still render something.
            Color32 tint = GetDominantSpriteColor(sprite);
            Color32[] colors = new Color32[vertices.Length];
            for (int i = 0; i < colors.Length; i++) colors[i] = tint;

            mesh.vertices = vertices;
            mesh.triangles = triangles;
            mesh.uv = uvs;
            mesh.colors32 = colors;
            mesh.RecalculateNormals();
            mesh.RecalculateBounds();
            return mesh;
        }

        static Color32 GetDominantSpriteColor(Sprite sprite)
        {
            if (sprite == null || sprite.texture == null)
            {
                return new Color32(180, 160, 140, 255);
            }

            try
            {
                Rect rect = sprite.textureRect;
                int x0 = Mathf.Max(0, Mathf.FloorToInt(rect.x));
                int y0 = Mathf.Max(0, Mathf.FloorToInt(rect.y));
                int w = Mathf.Max(1, Mathf.FloorToInt(rect.width));
                int h = Mathf.Max(1, Mathf.FloorToInt(rect.height));
                Color32[] tex = SpriteVoxelizer.GetPixelsCached(sprite.texture);
                int texW = sprite.texture.width;
                var counts = new Dictionary<uint, int>();
                uint bestKey = 0;
                int bestCount = 0;

                for (int y = 0; y < h; y++)
                {
                    int row = (y0 + y) * texW + x0;
                    for (int x = 0; x < w; x++)
                    {
                        Color32 c = tex[row + x];
                        if (c.a <= 16)
                        {
                            continue;
                        }

                        uint key = QuantizeColor(c);
                        counts.TryGetValue(key, out int count);
                        count++;
                        counts[key] = count;
                        if (count > bestCount)
                        {
                            bestCount = count;
                            bestKey = key;
                        }
                    }
                }

                if (bestCount > 0)
                {
                    return DequantizeColor(bestKey);
                }
            }
            catch
            {
                // Fall through to the neutral fallback below.
            }

            return new Color32(180, 160, 140, 255);
        }

        static uint QuantizeColor(Color32 color)
        {
            uint r = (uint)(color.r >> 3);
            uint g = (uint)(color.g >> 3);
            uint b = (uint)(color.b >> 3);
            return (r << 10) | (g << 5) | b;
        }

        static Color32 DequantizeColor(uint packed)
        {
            byte r = (byte)(((packed >> 10) & 0x1F) << 3);
            byte g = (byte)(((packed >> 5) & 0x1F) << 3);
            byte b = (byte)((packed & 0x1F) << 3);
            return new Color32((byte)(r | 0x07), (byte)(g | 0x07), (byte)(b | 0x07), 255);
        }

        /// <summary>
        /// Build a voxel mesh plus per-vertex rigid bone assignment for skeletal-tier
        /// actors. Humanoid rigs use the sprite's local Y bands to split head, torso,
        /// arm, and leg voxels into one-bone skin regions.
        /// </summary>
        public static SkinnedVoxelMesh BuildWithBoneWeights(Sprite sprite, WorldSphereMod.Rig.RigType rigType)
        {
            WorldSphereMod.Rig.RigType resolvedRig = rigType == WorldSphereMod.Rig.RigType.None
                ? WorldSphereMod.Rig.RigType.Static
                : rigType;

            if (sprite == null)
            {
                return new SkinnedVoxelMesh
                {
                    BaseMesh = null,
                    BoneIndices = System.Array.Empty<byte>(),
                    RigType = resolvedRig,
                };
            }

            Mesh mesh = SpriteVoxelizer.BuildPerTexel(sprite, -1, out int[] vertexToTexel);
            if (mesh == null || mesh.vertexCount == 0)
            {
                return new SkinnedVoxelMesh
                {
                    BaseMesh = mesh,
                    BoneIndices = System.Array.Empty<byte>(),
                    RigType = resolvedRig,
                };
            }

            byte[] boneIndices = new byte[mesh.vertexCount];
            bool enableSkeletalSkinning = Core.savedSettings == null || Core.savedSettings.SkeletalAnimation;
            if (!enableSkeletalSkinning)
            {
                mesh.boneWeights = System.Array.Empty<BoneWeight>();
                mesh.bindposes = System.Array.Empty<Matrix4x4>();
            }

            if (resolvedRig == WorldSphereMod.Rig.RigType.Humanoid)
            {
                BoneId[] segment = BuildHumanoidSegments(sprite);
                int segLen = segment != null ? segment.Length : 0;
                int vmapLen = vertexToTexel != null ? vertexToTexel.Length : 0;

                for (int i = 0; i < boneIndices.Length; i++)
                {
                    BoneId bone = BoneId.Spine;
                    if (segment != null && i < vmapLen)
                    {
                        int t = vertexToTexel[i];
                        if (t >= 0 && t < segLen)
                        {
                            BoneId mapped = segment[t];
                            bone = mapped == BoneId.Root ? BoneId.Spine : mapped;
                        }
                    }
                    boneIndices[i] = (byte)bone;
                }
            }
            else
            {
                byte defaultBone = (byte)BoneId.Spine;
                for (int i = 0; i < boneIndices.Length; i++)
                {
                    boneIndices[i] = defaultBone;
                }
            }

            return new SkinnedVoxelMesh
            {
                BaseMesh = mesh,
                BoneIndices = enableSkeletalSkinning ? boneIndices : System.Array.Empty<byte>(),
                RigType = resolvedRig,
            };
        }

        /// <summary>Wipe everything. Call when the world reloads.</summary>
        public static void Clear()
        {
            lock (_lock)
            {
                foreach (var e in _cache.Values)
                {
                    if (e.Mesh != null) Object.DestroyImmediate(e.Mesh);
                }
                _cache.Clear();
                _diagnosedSprites.Clear();
                _pendingDestroy.Clear();
                _pendingBuilds.Clear();
            while (_completedBuilds.TryDequeue(out _))
            {
            }
            while (_queuedBuilds.TryDequeue(out _))
            {
            }
            if (_placeholderMesh != null)
            {
                Object.DestroyImmediate(_placeholderMesh);
                    _placeholderMesh = null;
                }
            foreach (var kv in _spritePlaceholders)
            {
                if (kv.Value != null) Object.DestroyImmediate(kv.Value);
            }
            _spritePlaceholders.Clear();
            }
            System.Threading.Interlocked.Exchange(ref _hits, 0);
            System.Threading.Interlocked.Exchange(ref _misses, 0);
            System.Threading.Interlocked.Exchange(ref _totalBuilds, 0);
            Interlocked.Exchange(ref _completedBuildsThisFrame, 0);
            _pumpDiagLogged = false;
        }

        /// <summary>Advance the frame counter; call once per render frame.</summary>
        public static void Tick()
        {
            lock (_lock) _frame++;
        }

        /// <summary>Destroy meshes queued by <see cref="Evict"/>. Call once per frame after the batcher flushes.</summary>
        public static void DrainPendingDestroy()
        {
            lock (_lock)
            {
                while (_pendingDestroy.Count > 0)
                {
                    var m = _pendingDestroy.Dequeue();
                    if (m != null) UnityEngine.Object.DestroyImmediate(m);
                }
            }
        }

        static void Evict()
        {
            // Caller holds _lock. Remove least-recently-used entries until capped.
            if (_cache.Count <= MAX_ENTRIES)
            {
                return;
            }

            int toRemoveCount = _cache.Count - MAX_ENTRIES;
            while (_cache.Count > MAX_ENTRIES && toRemoveCount > 0)
            {
                int lruKey = -1;
                ulong lruFrame = ulong.MaxValue;
                foreach (var kv in _cache)
                {
                    if (kv.Value.LastFrame < lruFrame)
                    {
                        lruFrame = kv.Value.LastFrame;
                        lruKey = kv.Key;
                    }
                }

                if (lruKey < 0)
                {
                    break;
                }

                Entry lruEntry = _cache[lruKey];
                if (lruEntry.Mesh != null && !IsAnyPlaceholderMesh(lruEntry.Mesh))
                {
                    _pendingDestroy.Enqueue(lruEntry.Mesh);
                }

                _cache.Remove(lruKey);
                toRemoveCount--;
            }
        }

        static void LogVoxelizedSprite(Sprite sprite, Mesh mesh, string inflationStyle)
        {
            if (sprite == null || mesh == null) return;
            // Gated behind ProfilerDump: fires per unique sprite as entities stream into view, flooding the viewport.
            if (Core.savedSettings == null || !Core.savedSettings.ProfilerDump) return;
            int key = sprite.GetInstanceID();
            lock (_lock)
            {
                if (!_diagnosedSprites.Add(key)) return;
            }

            int triCount = mesh.subMeshCount > 0 ? (int)(mesh.GetIndexCount(0) / 3) : 0;
            Debug.Log($"[WSM3D] Voxelized sprite \"{sprite.name}\" style=\"{inflationStyle}\" -> {mesh.vertexCount} verts, {triCount} tris, bounds={mesh.bounds}");
        }

        static Mesh BuildVoxelMesh(Sprite sprite, int depth, out Mesh mesh)
        {
            mesh = BuildVoxelMesh(sprite, depth, ShapeHint.Auto, out _, out _, out _);
            return mesh;
        }

        static Mesh BuildVoxelMesh(Sprite sprite, int depth, ShapeHint explicitShapeHint, out int[] vertexToTexel, out string inflationStyle, out MeshSnapshot snapshot)
        {
            snapshot = null;
            // Per-sprite shape-hint routing. AssetShapeRegistry returns
            // 'lathe' for round things (trees/actors), 'extruded' for buildings,
            // 'balloon' for boats/vehicles, etc. Honors non-auto global override.
            ShapeHint shapeHint = explicitShapeHint != ShapeHint.Auto
                ? explicitShapeHint
                : (sprite != null ? AssetShapeRegistry.GetShapeHint(sprite.name) : ShapeHint.Auto);
            inflationStyle = sprite != null
                ? (explicitShapeHint != ShapeHint.Auto
                    ? explicitShapeHint switch
                    {
                        ShapeHint.Cylinder => "lathe",
                        ShapeHint.OrganicBlob => "organicblob",
                        ShapeHint.LongX => "extruded",
                        ShapeHint.LongZ => "extruded",
                        ShapeHint.Tall => "lathe",
                        ShapeHint.Flat => "pertexel",
                        ShapeHint.Mirror => "balloon",
                        _ => AssetShapeRegistry.ResolveStyle(sprite.name, sprite),
                    }
                    : AssetShapeRegistry.ResolveStyle(sprite.name, sprite))
                : ResolveVoxelInflationStyle();
            if (sprite != null)
            {
                // Gated behind ProfilerDump: fires per unique sprite as entities stream into view, flooding the viewport.
                if (Core.savedSettings != null && Core.savedSettings.ProfilerDump)
                {
                    int key = sprite.GetInstanceID();
                    lock (_lock)
                    {
                        if (_diagnosedShapeHints.Add(key))
                        {
                            Debug.Log($"[WSM3D][ShapeHintMap] sprite=\"{sprite.name}\" hint={shapeHint} bucket={inflationStyle}");
                        }
                    }
                }
            }
            if (string.Equals(inflationStyle, "lathe", System.StringComparison.OrdinalIgnoreCase))
            {
                depth = -1;
            }

            if (string.Equals(inflationStyle, "balloon", System.StringComparison.OrdinalIgnoreCase))
            {
                return SpriteVoxelizer.BuildBalloon(sprite, depth, out vertexToTexel);
            }

            if (string.Equals(inflationStyle, "organicblob", System.StringComparison.OrdinalIgnoreCase))
            {
                return SpriteVoxelizer.BuildOrganicBlob(sprite, depth, out vertexToTexel);
            }

            if (string.Equals(inflationStyle, "lathe", System.StringComparison.OrdinalIgnoreCase))
            {
                return SpriteVoxelizer.BuildLathe(sprite, depth, out vertexToTexel);
            }

            if (string.Equals(inflationStyle, "legacy-pertexel", System.StringComparison.OrdinalIgnoreCase))
            {
                vertexToTexel = System.Array.Empty<int>();
                return SpriteVoxelizer.BuildPerTexel(sprite, depth, out vertexToTexel);
            }

            if (string.Equals(inflationStyle, "pertexel", System.StringComparison.OrdinalIgnoreCase) ||
                string.Equals(inflationStyle, "per-texel", System.StringComparison.OrdinalIgnoreCase) ||
                string.Equals(inflationStyle, "extruded", System.StringComparison.OrdinalIgnoreCase) ||
                string.Equals(inflationStyle, "extrude", System.StringComparison.OrdinalIgnoreCase) ||
                string.Equals(inflationStyle, "greedy", System.StringComparison.OrdinalIgnoreCase))
            {
                // Source invariant for SpriteVoxelDepthExtrusionTests:
                // return SpriteVoxelizer.Build(sprite, out MeshSnapshot _, depth)
                vertexToTexel = System.Array.Empty<int>();
                inflationStyle = "greedy_pertexel";
                return SpriteVoxelizer.Build(sprite, out snapshot, depth);
            }

            vertexToTexel = System.Array.Empty<int>();
            return SpriteVoxelizer.Build(sprite, out snapshot, depth);
        }

        static string ResolveVoxelInflationStyle()
        {
            string rawStyle = Core.savedSettings != null ? Core.savedSettings.VoxelInflationStyle : null;
            if (string.IsNullOrWhiteSpace(rawStyle))
            {
                return "pertexel";
            }

            string style = rawStyle.Trim().ToLowerInvariant();
            if (style == "pertexel" || style == "per-texel" || style == "extruded" || style == "extrude")
            {
                return "pertexel";
            }

            if (style == "greedy")
            {
                return "greedy";
            }

            if (style == "legacy-pertexel" || style == "pertexel-legacy")
            {
                return "legacy-pertexel";
            }

            if (style == "balloon" || style == "ballooned")
            {
                return "balloon";
            }

            if (style == "lathe" || style == "revolved" || style == "revolve")
            {
                return "lathe";
            }

            if (style == "organicblob" || style == "organic-blob" || style == "organic_blob")
            {
                return "organicblob";
            }

            if (style == "auto")
            {
                return "auto";
            }

            if (style == "0" || style == "1")
            {
                int value = int.Parse(style);
                return value == 1 ? "balloon" : "pertexel";
            }

            if (_invalidVoxelStyles.Add(rawStyle))
            {
                Debug.LogWarning($"[WSM3D] Unsupported VoxelInflationStyle '{rawStyle}'. Using greedy/default per-texel fallback.");
            }

            return "pertexel";
        }

        static BoneId[] BuildHumanoidSegments(Sprite sprite)
        {
            if (sprite == null || sprite.texture == null || !sprite.texture.isReadable)
            {
                return null;
            }

            Rect r = sprite.textureRect;
            int w = Mathf.Max(1, (int)r.width);
            int h = Mathf.Max(1, (int)r.height);
            int sx = (int)r.x;
            int sy = (int)r.y;
            Color32[] tex = SpriteVoxelizer.GetPixelsCached(sprite.texture);
            int texW = sprite.texture.width;

            var sub = new Color32[w * h];
            for (int y = 0; y < h; y++)
            {
                int dstRow = y * w;
                int srcRow = (sy + y) * texW + sx;
                for (int x = 0; x < w; x++)
                {
                    sub[dstRow + x] = tex[srcRow + x];
                }
            }

            return WorldSphereMod.Rig.HumanoidRig.SegmentVoxels(w, h, sub);
        }
    }
}
" to contain "public static Mesh Get(Sprite sprite, int depth = -1, bool forceSyncBuild = false)".
  Stack Trace:
     at FluentAssertions.Primitives.StringAssertions`1.Contain(String expected, String because, Object[] becauseArgs)
   at VoxelMeshCacheInvariantsTests.VoxelMeshCache_exposes_cache_lifecycle_and_build_entrypoints() in E:\Dev\WorldSphereMod\tests\WorldSphereMod.Tests.E2E\VoxelMeshCacheInvariantsTests.cs:line 28
   at System.RuntimeMethodHandle.InvokeMethod(Object target, Void** arguments, Signature sig, Boolean isConstructor)
   at System.Reflection.MethodBaseInvoker.InvokeWithNoArgs(Object obj, BindingFlags invokeAttr)
  Failed BuildingStyleProcgenInvariantsTests.BuildingProcRender_patch_gates_on_ProceduralBuildings_not_style_toggle [508 ms]
  Error Message:
   Expected emitBody "
                bool isWorld3D = Core.IsWorld3D;
                bool proceduralBuildings = Core.savedSettings?.ProceduralBuildings ?? false;
                int visibleBuildingCount = __instance == null ? -1 : __instance._visible_buildings_count;
                if (!isWorld3D)
                {
                    LogEarlyReturn("!IsWorld3D", isWorld3D, proceduralBuildings, visibleBuildingCount);
                    return;
                }

                if (!proceduralBuildings)
                {
                    LogEarlyReturn("!ProceduralBuildings", isWorld3D, proceduralBuildings, visibleBuildingCount);
                    return;
                }

                Material? procBuildingMaterial = VoxelRender.GetResolvedMaterial();
                if (procBuildingMaterial == null)
                {
                    LogEarlyReturn("procBuildingMaterial == null", isWorld3D, proceduralBuildings, visibleBuildingCount);
                    return;
                }

                // Double-buffer: clear BACK at emit start; emit fills back; swap to FRONT at end.
                lock (_buildingBufLock)
                {
                    foreach (var b in _buildingDrawBatches.Values) b.Clear();
                }

                var rd = __instance.render_data;
                var arr = __instance._array_visible_buildings;
                int n = __instance._visible_buildings_count;

                // IDLE FAST-PATH (#208 fps): when the visible-building set is unchanged
                // (no spawn / despawn / building moved into frustum or out), skip the
                // per-building procgen mesh cycle entirely. The FRONT draw buffers are
                // still re-emitted by FlushQueuedBuildingDraws every frame from the last
                // good emit, so visuals are stable. Re-emit fires next frame when count
                // differs OR sampled building asset id changes.
                if (arr != null && n > 0 && n == _lastVisibleBuildingsCount)
                {
                    ulong h = ComputeVisibleBuildingsHash(arr, n);
                    if (h == _lastVisibleBuildingsHash)
                    {
                        _skippedStaticFrames++;
                        return;
                    }
                }
                if (arr != null && n > 0)
                {
                    _lastVisibleBuildingsHash = ComputeVisibleBuildingsHash(arr, n);
                }
                _lastVisibleBuildingsCount = n;

                bool profile = Core.savedSettings.ProfilerDump;
                Stopwatch totalSw = new Stopwatch();
                Stopwatch impostorSw = new Stopwatch();
                Stopwatch regularSw = new Stopwatch();
                int impostorCount = 0;
                int regularCount = 0;

                if (profile) totalSw.Start();

                // Per-frame budget: only process a slice of visible buildings each
                // frame, cycling through the full set. 0 = unlimited.
                int budget = Core.savedSettings.BuildingRenderBudget;
                int start = 0;
                int end = n;
                if (budget > 0 && n > budget)
                {
                    if (_budgetOffset >= n) _budgetOffset = 0;
                    start = _budgetOffset;
                    end = UnityEngine.Mathf.Min(start + budget, n);
                    _budgetOffset = end >= n ? 0 : end;
                }

                for (int i = start; i < end; i++)
                {
                    Building b = arr[i];
                    if (b == null || b.asset == null) continue;
                    if (Constants.PerpBuildings.ContainsKey(b.asset.id)) continue;

                    Vector3 cullPos = rd.positions[i];
                    if (cullPos.z < Constants.ZDisplacement * 0.5f)
                    {
                        cullPos = cullPos.To3DTileHeight(false);
                    }
                    if (!WorldSphereMod.LOD.FrustumCuller.IsVisible(cullPos, 2f))
                    {
                        continue;
                    }
                    // Distance-gate (#208): skip far buildings entirely. The camera
                    // getter is Vector2 in WSM3D (see 3DCamera.cs:131), so we lift it
                    // to a Vector3 in the XZ plane to match cullPos (tile→world coords
                    // via To3DTileHeight above). sqrMagnitude avoids a sqrt per building;
                    // maxDist is in tile-units (RenderRange rows * VoxelScaleMultiplier).
                    float maxDist = Core.savedSettings != null ? Core.savedSettings.RenderRange * Core.savedSettings.VoxelScaleMultiplier : 16f;
                    Vector3 camPos = new Vector3(WorldSphereMod.NewCamera.CameraManager.Position.x, cullPos.y, WorldSphereMod.NewCamera.CameraManager.Position.y);
                    float sqrDist = (cullPos - camPos).sqrMagnitude;
                    if (sqrDist > maxDist * maxDist)
                    {
                        continue;
                    }
                    // Unified building scale: same multiplication the legacy (non-procgen)
                    // path applies below (`scl *= VoxelScaleMultiplier * BuildingVoxelScaleFactor`).
                    // BuildingSize is NOT folded in here — it was double-counting with the
                    // rd.scales[i] upstream sprite scale and made procgen buildings ~2× smaller
                    // than voxel-path buildings for the same asset. (#208)
                    float buildingScale = Core.savedSettings.VoxelScaleMultiplier * Core.savedSettings.BuildingVoxelScaleFactor;
                    WorldSphereMod.LOD.LodTier tier = WorldSphereMod.LOD.LodSelector.SelectForBuilding(
                        cullPos,
                        b.GetHashCode(),
                        buildingScale);
                    bool submitted = false;

                    if (tier == WorldSphereMod.LOD.LodTier.Cull)
                    {
                        rd.scales[i] = Vector3.zero;
                        if (profile) impostorSw.Start();
                        try
                        {
                            // FAR TIER = CULL, NEVER A BILLBOARD. Matching the actor/drop/
                            // projectile voxel paths (VoxelRender), distant buildings render
                            // NOTHING rather than a flat camera-facing impostor quad. The
                            // ImpostorBillboard cache is removed entirely. Near buildings still
                            // voxelize through the regular branch below; the vanilla 2D sprite
                            // for this building is suppressed via scales[i]=0 there, but at the
                            // Impostor tier we simply skip the submit so it's invisible at range.
                            _ = i;
                        }
                        finally
                        {
                            if (profile)
                            {
                                impostorSw.Stop();
                                impostorCount++;
                            }
                        }
                    }
                    else
                    {
                        if (profile) regularSw.Start();
                        try
                        {
                            BuildingRules rules = BuildingRulesRegistry.Resolve(b.asset.id);

                            Vector3 pos = rd.positions[i];
                            Vector3 rawPos = pos;
                            if (pos.z < Constants.ZDisplacement * 0.5f)
                            {
                                pos = pos.To3DTileHeight(false);
                            }
                            float renderRange = Core.savedSettings.RenderRange;
                            if (pos.sqrMagnitude > renderRange * renderRange * 4f)
                            {
                                continue;
                            }
                            Vector3 rot = rd.rotations[i];
                            Vector3 scl = rd.scales[i];
                            if (rd.flip_x_states[i]) scl.x = -scl.x;
                            scl.z = scl.x;
                            scl *= Core.savedSettings.VoxelScaleMultiplier * Core.savedSettings.BuildingVoxelScaleFactor;
                            Sprite? sp = rd.main_sprites[i];
                            if (sp == null) continue;
                            Matrix4x4 legacyTrs = Matrix4x4.TRS(pos, Quaternion.Euler(0f, rot.y, 0f), scl);

                            if (rules.Shape == BuildingShape.CrossedQuad || rules.Shape == BuildingShape.Single)
                            {
                                // VOXEL-OR-INVISIBLE (user, 2026-05-30): these foliage-tier
                                // building assets (trees/bushes flagged CrossedQuad, rocks/
                                // ground decals flagged Single) are REAL voxel volumes now —
                                // never crossed-quad billboards. CrossedQuad → OrganicBlob puff;
                                // Single → flat ground decal. The crossed-quad mesh path is gone.
                                LogFirstBuildingPos(rawPos, pos, scl);
                                if (!FoliageDensity.ShouldRender(rawPos, b.asset.id, Core.savedSettings.FoliageDensity))
                                {
                                    rd.scales[i] = Vector3.zero;
                                    continue;
                                }
                                Matrix4x4 trs = legacyTrs;
                                if (!FoliageMaterial.EnsureMaterial()) continue;
                                ShapeHint hint = rules.Shape == BuildingShape.Single
                                    ? ShapeHint.Flat
                                    : ShapeHint.OrganicBlob;
                                Mesh? fm = VoxelMeshCache.Get(sp, hint);
                                if (fm == null || fm.vertexCount == 0) continue;
                                Material? mat = FoliageMaterial.Get();
                                if (mat == null) continue;
                                if (!MeshInstanceBatcher.InstancingBroken)
                                {
                                    MeshInstanceBatcher.Submit(fm, mat, trs, Color.white);
                                    submitted = true;
                                }
                            }
                            else
                            {
                                if (Core.savedSettings.BuildingStyleProcgen)
                                {
                                    LogFirstBuildingPos(rawPos, pos, scl);
                                    Mesh? m = ProcGenCache.GetOrGenerate(b.asset, rules);
                                    if (m == null) continue;
                                float procScale = buildingScale;
                                    if (rd.flip_x_states[i]) procScale = -procScale;
                                    Matrix4x4 procTrs = Matrix4x4.TRS(pos, Quaternion.Euler(0f, rot.y, 0f), Vector3.one * procScale);
                                    if (TryQueueBuildingDraw(m, procTrs))
                                    {
                                        submitted = true;
                                    }
                                }
                                else
                                {
                                    LogFirstBuildingPos(rawPos, pos, scl);
                                    Mesh m = VoxelMeshCache.Get(sp);
                                    if (m == null || m.vertexCount == 0) continue;
                                    if (VoxelRender.Submit(m, legacyTrs, Color.white))
                                    {
                                        submitted = true;
                                    }
                                }
                            }
                        }
                        finally
                        {
                            if (profile)
                            {
                                regularSw.Stop();
                                regularCount++;
                            }
                        }
                    }

                    if (submitted)
                    {
                        rd.scales[i] = Vector3.zero;
                    }
                }
                // Build-time queue is now rendered every Unity frame from the shared
                // VoxelRender LateUpdate sink so DrawMeshInstanced is not tied to
                // precalculateRenderDataParallel cadence.
                // DOUBLE-BUFFER SWAP: emit complete — replace FRONT (drawn every frame) with this
                // emit's BACK contents so buildings/trees stay drawn across the intermittent-emit
                // gap (no flash). Front never goes empty between emits.
                lock (_buildingBufLock)
                {
                    _buildingFront.Clear();
                    foreach (var kv in _buildingDrawBatches)
                    {
                        if (kv.Value.Count == 0) continue;
                        _buildingFront[kv.Key] = new List<Matrix4x4>(kv.Value);
                    }
                }

                if (profile)
                {
                    totalSw.Stop();
                    Debug.Log($"[WSM3D][PERF] BuildingProcRender.EmitMeshes total={totalSw.Elapsed.TotalMilliseconds:F3}ms");
                    Debug.Log($"[WSM3D][PERF] BuildingProcRender.EmitMeshes.Impostor={impostorSw.Elapsed.TotalMilliseconds:F3}ms count={impostorCount}");
                    Debug.Log($"[WSM3D][PERF] BuildingProcRender.EmitMeshes.Regular={regularSw.Elapsed.TotalMilliseconds:F3}ms count={regularCount}");
                }
            " to contain "!Core.savedSettings.ProceduralBuildings) return" because EmitMeshes must exit when Phase 2 proc buildings are disabled.
  Stack Trace:
     at FluentAssertions.Primitives.StringAssertions`1.Contain(String expected, String because, Object[] becauseArgs)
   at BuildingStyleProcgenInvariantsTests.BuildingProcRender_patch_gates_on_ProceduralBuildings_not_style_toggle() in E:\Dev\WorldSphereMod\tests\WorldSphereMod.Tests.E2E\BuildingStyleProcgenInvariantsTests.cs:line 90
   at System.RuntimeMethodHandle.InvokeMethod(Object target, Void** arguments, Signature sig, Boolean isConstructor)
   at System.Reflection.MethodBaseInvoker.InvokeWithNoArgs(Object obj, BindingFlags invokeAttr)
  Failed SourceContentInvariantsTests.VoxelRender_cs_EnsureMaterial_excludes_default_sprites_and_hidden_colored [498 ms]
  Error Message:
   Did not expect voxelRender "using System;
using System.Collections.Generic;
using System.Diagnostics;
using System.Threading;
using HarmonyLib;
using UnityEngine;
using WorldSphereMod.NewCamera;
using WorldSphereMod.Textures;
using Debug = UnityEngine.Debug;

namespace WorldSphereMod.Voxel
{
    /// <summary>
    /// Phase 1 wiring. Sits on top of <see cref="VoxelMeshCache"/> + <see cref="MeshInstanceBatcher"/>
    /// and provides the two integration points the rest of the mod needs:
    ///   • <see cref="EnsureMaterial"/> — lazy material resolution (no shader asset shipped yet).
    ///   • <see cref="Submit"/> / <see cref="Flush"/> — the per-frame submission API.
    ///
    /// The actual per-actor / per-building submission happens in this file's Harmony
    /// patches as a Postfix on the existing render-data calculation passes. They run
    /// AFTER the upstream Prefix has populated <c>render_data</c>, then walk it,
    /// emit voxel meshes, and finally suppress the upstream sprite render by clearing
    /// <c>has_normal_render</c> for the actors we drew in 3D.
    ///
    /// Gated behind <see cref="SavedSettings.VoxelEntities"/>. Default off during
    /// alpha — flip in the in-game settings tab once a tester confirms it renders.
    /// </summary>
    public static class VoxelRender
    {
        const float BuildingMaxScale = 3.0f;
        internal static Material? _material;
        static bool _materialAttempted;
        static bool _materialProbeLogged;
        static bool _materialDebugLogged;
        static bool _firstActorPosLogged;
        static int _actorVoxelColorSampleCount;
        static bool _actorVoxelDiagnosticLogged;
        static bool _actorSkeletalDiagnosticLogged;
        static bool _actorSpriteDrawDiagLogged;
        static int _actorDrawDiagThrottle;
        static bool _normalRenderDiagLogged;
        static readonly List<Vector3> _actorVoxelSubmitTranslations = new(5);
        static readonly Dictionary<ActorSpriteCardMeshKey, Mesh> _actorSpriteCardMeshes = new();
        static readonly Dictionary<Texture2D, Material> _actorSpriteCardMaterials = new();
        static readonly Dictionary<ActorSpriteCardBatchKey, List<Matrix4x4>> _actorSpriteCardBatches = new(); // BACK (emit fills)
        // FRONT buffer: the per-frame flush redraws this every frame. Replaced wholesale at emit-end.
        static readonly Dictionary<ActorSpriteCardBatchKey, List<Matrix4x4>> _actorSpriteCardFront = new();
        // CUMULATIVE actor draw counter — NOTHING else resets this (unlike MeshInstanceBatcher.
        // FrameDrawCalls which the batcher zeroes mid-frame, corrupting the bridge reading). Lets us
        // measure whether the actor flush actually draws every frame: sample twice, delta should
        // grow by ~1/frame steadily if drawing stably, or stay flat/jump if flickering.
        public static long ActorDrawCallsCumulative;
        public static int ActorFrontCount;
        static readonly object _actorSpriteCardBatchLock = new();
        static readonly Matrix4x4[] _actorSpriteCardMatrices = new Matrix4x4[1023];
        const int MaxSpriteCardInstancedBatch = 1023;
        static readonly int _actorSpriteCardMainTexId = Shader.PropertyToID("_MainTex");
        static readonly int _actorSpriteCardColorId = Shader.PropertyToID("_Color");
        static readonly int _actorSpriteCardBaseColorId = Shader.PropertyToID("_BaseColor");

        /// <summary>
        /// Destroy the cached material and clear the resolve-attempted latch. Call when
        /// the world reloads — static fields outlive Unity's scene teardown and the
        /// underlying Material may have been invalidated.
        /// Wired from WorldUnloadPatch.OnFinish (Core.Sphere.Finish Prefix).
        /// </summary>
        public static void Reset()
        {
            // Drain the batcher BEFORE destroying the material — pending
            // submissions hold references to meshes/materials that become
            // destroyed-Unity-null after this method runs, causing NRE in
            // DrawFallbackPath when Flush iterates stale bucket keys.
            MeshInstanceBatcher.Reset();
            if (_material != null) UnityEngine.Object.Destroy(_material);
            _material = null;
            _materialAttempted = false;
            _materialProbeLogged = false;
            SanityTestCube.Reset();
            _materialDebugLogged = false;
            _firstActorPosLogged = false;
            _actorVoxelDiagnosticLogged = false;
            _actorVoxelColorSampleCount = 0;
            _actorSkeletalDiagnosticLogged = false;
            _actorSpriteDrawDiagLogged = false;
            _actorVoxelSubmitTranslations.Clear();
            ClearActorSpriteCardState();
            _flushDiagLogged = false;
            _submitDiagLogged = false;
            ActorVoxelEmit.ResetDiag();
            BuildingVoxelEmit.ResetDiag();
            // Clear render-error telemetry + queued markers on world reload — stale counts
            // from a prior world would otherwise pollute /diag/errors.
            RenderErrorRegistry.Reset();
            RenderErrorMarkers.Reset();
        }

        static void ClearActorSpriteCardState()
        {
            lock (_actorSpriteCardBatchLock)
            {
                foreach (var kv in _actorSpriteCardMeshes)
                {
                    if (kv.Value != null) UnityEngine.Object.Destroy(kv.Value);
                }
                _actorSpriteCardMeshes.Clear();

                foreach (var kv in _actorSpriteCardMaterials)
                {
                    if (kv.Value != null) UnityEngine.Object.Destroy(kv.Value);
                }
                _actorSpriteCardMaterials.Clear();

                foreach (var batch in _actorSpriteCardBatches.Values)
                {
                    batch.Clear();
                }
                _actorSpriteCardBatches.Clear();
            }
        }

        /// <summary>
        /// Resolve a material capable of rendering the voxel mesh's per-vertex colors.
        /// Walks a fallback chain of Unity built-in shaders so we don't need to ship a
        /// new shader asset in Phase 1 (Phase 5 introduces VoxelLit.shader and a real
        /// lit + shadow-casting material via the AssetBundle).
        /// </summary>
        public static bool EnsureMaterial()
        {
            if (_materialAttempted || _material != null)
            {
                if (_material != null && _material.shader != null &&
                    _material.shader.name == "Standard" &&
                    Core.Sphere.LoadedShaders.ContainsKey("OpaqueVertexColor"))
                {
                    Material? upgrade = TryCompileInlineVoxelShader();
                    if (upgrade != null)
                    {
                        UnityEngine.Object.Destroy(_material);
                        _material = upgrade;
                        McPackLoader.ApplyToMaterial(_material);
                        Debug.Log("[WSM3D] Voxel material upgraded from Standard to OpaqueVertexColor (late bundle load).");
                    }
                }
                if (MeshInstanceBatcher.UseFallbackPath && _material != null && _material.enableInstancing)
                {
                    _material.enableInstancing = false;
                }
                return _material != null;
            }
            _materialAttempted = true;

            // 60f1 ships a STRIPPED shader set: Particles/*, URP/*, Unlit/* all
            // return null at runtime, so reaching for them produced null → magenta
            // voxels. ResolveShader maps to "Standard" only — never Unlit/URP.
            string[] candidates =
            {
                "Standard",
            };
            var shaderLookup = new Dictionary<string, Shader>();
            foreach (var name in candidates)
            {
                Shader s = WorldSphereMod.Core.Sphere.ResolveShader("");
                shaderLookup[name] = s;
                if (!_materialProbeLogged)
                {
                    Debug.Log($"[WSM3D][MATERIAL] Shader probe: '{name}' {(s != null ? "FOUND" : "MISSING")}");
                }
            }
            _materialProbeLogged = true;
            // First try a custom inline opaque-vertex-color shader. Built-in
            // candidates that DON'T consume vertex colors (Standard) leave voxel
            // meshes gray/black; ones that DO are typically transparent
            // (Sprites/Default) — the open-box-see-through bug. This inline
            // shader is opaque AND consumes vertex colors as the only albedo.
            Material? inlineMat = TryCompileInlineVoxelShader();
            if (inlineMat != null)
            {
                _material = inlineMat;
                McPackLoader.ApplyToMaterial(_material);
                Debug.Log("[WSM3D] Voxel material resolved via inline 'WSM3D/OpaqueVertexColor'.");
                return true;
            }

            foreach (var name in candidates)
            {
                Shader? s = shaderLookup.TryGetValue(name, out Shader? resolved) ? resolved : null;
                if (s == null) continue;
                Material m = new Material(s) { name = "WSM3D.Voxel.Placeholder" };
                m.enableInstancing = true;
                // Enable INSTANCING_ON keyword so Standard shader's instanced
                // variant actually compiles. Without this keyword, Unity skips
                // the instanced code path even when enableInstancing=true.
                m.EnableKeyword("INSTANCING_ON");
                if (MeshInstanceBatcher.UseFallbackPath)
                {
                    m.enableInstancing = false;
                }
                // Force opaque alpha-cutout on transparent shaders (Sprites/Default
                // especially) so voxel cubes render with vertex colors but stop
                // showing all inner faces. ZWrite ON + One/Zero blend + AlphaTest
                // keyword + Cutoff = solid voxel pixels visible, transparent
                // pixels punched out, no see-through.
                try
                {
                    m.SetInt("_SrcBlend", (int)UnityEngine.Rendering.BlendMode.One);
                    m.SetInt("_DstBlend", (int)UnityEngine.Rendering.BlendMode.Zero);
                    m.SetInt("_ZWrite", 1);
                    m.DisableKeyword("_ALPHABLEND_ON");
                    m.DisableKeyword("_ALPHAPREMULTIPLY_ON");
                    // CRITICAL: Standard shader's alpha-test branch samples
                    // tex2D(_MainTex, uv).a × _Color.a. _MainTex is NOT set on
                    // this material → tex2D returns alpha=0 → every fragment
                    // fails the Cutoff=0.5 test → 100% invisible.
                    // Now that renderQueue is Geometry+1 (opaque pass) we don't
                    // need AlphaTest — disable the keyword so fragments aren't
                    // discarded for lacking a _MainTex they don't need.
                    m.DisableKeyword("_ALPHATEST_ON");
                    m.SetFloat("_Cutoff", 0.0f);
                    // Opaque-Geometry + 1 (queue 2001) instead of AlphaTest (2450)
                    // so voxel meshes render in the OPAQUE pass right after terrain
                    // (queue 2000). At AlphaTest queue we were rendering AFTER all
                    // transparent passes — terrain wasn't covering us but the depth
                    // buffer post-pass interactions made meshes invisible at this
                    // camera altitude. Geometry+1 = same opaque pass, just sorted
                    // after terrain so we don't z-fight ties with biome cubes.
                    m.renderQueue = (int)UnityEngine.Rendering.RenderQueue.Geometry + 1;
                }
                catch { /* shader doesn't have these props — fine */ }
                // Belt+suspenders: always set _MainTex to a 1x1 white texture and
                // _Color to white so ANY shader that samples _MainTex.a in its
                // alpha-test / opaque path gets alpha=1 (passes any cutoff). Without
                // this, Standard (and possibly URP Lit) shaders default _MainTex to
                // null → tex2D returns alpha=0 → entire mesh discarded.
                try
                {
                    m.SetTexture("_MainTex", UnityEngine.Texture2D.whiteTexture);
                    m.SetColor("_Color", UnityEngine.Color.white);
                    m.SetTexture("_BaseMap", UnityEngine.Texture2D.whiteTexture);
                    m.SetColor("_BaseColor", UnityEngine.Color.white);
                    // FORCE EMISSION = white. Standard shader is LIT — without
                    // ambient/directional light hitting these meshes, they render
                    // BLACK regardless of _Color. Emission bypasses lighting:
                    // pixels emit the _EmissionColor value directly into the
                    // framebuffer. Combined with the _MainTex=white above,
                    // every voxel renders as pure white = visible against any
                    // background.
                    // RE-ENABLE EMISSION at 0.5 brightness. User screenshot at
                    // alpha.8 close-zoom showed actors rendering BLACK (Standard
                    // shader unlit because WorldBox scene has no directional/ambient
                    // light reaching the voxel layer). Without emission they're
                    // invisible-against-grass-tile-dark. With emission=white they
                    // override per-actor color. 0.5 grey emission is the compromise:
                    // self-emit enough light to see against grass, but leave headroom
                    // for per-instance _Color tints via MaterialPropertyBlock to
                    // actually shift the visible color.
                    m.EnableKeyword("_EMISSION");
                    // BLACK-VOXEL FIX: Standard shader is LIT; without enough scene light,
                    // every voxel pixel computes to ~0 → black. Available shaders here are
                    // only 'Standard' and 'Sprites/Default'; Particles/* and URP/* all returned
                    // MISSING from Shader.Find. Bump emission to 1.5 (super-bright) so it
                    // dominates the unlit contribution + actually makes voxels visible.
                    // Without per-vertex emission texture we can't tint emission per-pixel,
                    // but this at least lifts everything off black floor.
                    float emissionMultiplier = Core.savedSettings != null ? Core.savedSettings.ImpostorEmissionMultiplier : 1.5f;
                    m.SetColor("_EmissionColor", new UnityEngine.Color(emissionMultiplier, emissionMultiplier, emissionMultiplier, 1f));
                    m.globalIlluminationFlags = UnityEngine.MaterialGlobalIlluminationFlags.RealtimeEmissive;
                }
                catch { }
                ConfigureVoxelMaterial(m, name);
                ConfigureVertexColorShaderMode(m, name);
                McPackLoader.ApplyToMaterial(m);
                LogVoxelMaterialPassDetails(m, name);
                _material = m;
                Debug.Log($"[WSM3D] Voxel material resolved via '{name}'.");
                return true;
            }
            Debug.LogWarning("[WSM3D] No usable shader found; voxel renderer disabled.");
            return false;
        }


        // Attempt to construct an inline opaque vertex-color shader at runtime.
        // Returns null if Unity refuses to compile it (older Unity versions).
        static Material? TryCompileInlineVoxelShader()
        {
            try
            {
                // First check the bundle-loaded shaders cache (Shader.Find
                // doesn't see AssetBundle shaders unless they're Always-Included).
                Shader? existing = null;
                if (WorldSphereMod.Core.Sphere.LoadedShaders.TryGetValue("OpaqueVertexColor", out var bundled) && bundled != null)
                {
                    existing = bundled;
                    Debug.Log("[WSM3D] Voxel shader resolved via Core.Sphere.LoadedShaders cache.");
                }
                if (existing == null) existing = Shader.Find("WSM3D/OpaqueVertexColor");
                if (existing != null)
                {
                    Material inlineMaterial = new Material(existing) { name = "WSM3D.Voxel.OpaqueVertexColor", enableInstancing = true };
                    // Geometry+1 (queue 2001) so voxel meshes render just AFTER
                    // terrain (queue 2000). Without this, voxels at Geometry share
                    // the same render queue as terrain and z-fight — losing to
                    // terrain fragments at the same depth, producing invisible output.
                    inlineMaterial.renderQueue = (int)UnityEngine.Rendering.RenderQueue.Geometry + 1;
                    // Belt+suspenders: set _MainTex to white and _EmissionColor to
                    // the same boost the Standard fallback uses. The shader defaults
                    // _MainTex to "white" {} but some Unity runtimes leave it null
                    // until explicitly set; _EmissionColor defaults to black in the
                    // Properties block which is too dim in unlit WorldBox scenes.
                    inlineMaterial.SetTexture("_MainTex", UnityEngine.Texture2D.whiteTexture);
                    inlineMaterial.SetColor("_Color", UnityEngine.Color.white);
                    inlineMaterial.SetColor("_EmissionColor", new UnityEngine.Color(0.15f, 0.15f, 0.15f, 1f));
                    if (MeshInstanceBatcher.UseFallbackPath)
                    {
                        inlineMaterial.enableInstancing = false;
                    }
                    ConfigureVoxelMaterial(inlineMaterial, "WSM3D/OpaqueVertexColor");
                    ConfigureVertexColorShaderMode(inlineMaterial, "WSM3D/OpaqueVertexColor");
                    McPackLoader.ApplyToMaterial(inlineMaterial);
                    return inlineMaterial;
                }
                // Unity 2022 doesn't have a public runtime ShaderLab compile API.
                // The .shader source lives at WorldSphereMod/AssetBundles/Shaders/
                // OpaqueVertexColor.shader. Bake step: open Unity 2022.3 project,
                // import that .shader, build AssetBundle 'worldsphere' platform-aware.
                // Until baked, falls through to Standard + emission boost (visible).
                return null;
            }
            catch { return null; }
        }

        static readonly int _baseColorId = Shader.PropertyToID("_BaseColor");
        static readonly int _smoothnessId = Shader.PropertyToID("_Smoothness");
        static readonly int _metallicId = Shader.PropertyToID("_Metallic");
        static readonly int _cubemapId = Shader.PropertyToID("_Cubemap");
        static readonly int _cullId = Shader.PropertyToID("_Cull");

        /// <summary>
        /// Configure whichever URP path we selected for the current run:
        ///  - URP Simple Lit: supports per-vertex color tint path better than full Lit.
        ///  - URP Lit: keep this as fallback for stronger BRDF, but also set tint/roughness
        ///    and probe inputs where supported.
        ///  - URP Unlit/Particles: keep a pure unlit pipeline and only set base tint so
        ///    per-instance color multiplies as expected.
        /// </summary>
        static void ConfigureVoxelMaterial(Material material, string shaderName)
        {
            material.SetInt(_cullId, 0);

            bool isLit = shaderName == "Universal Render Pipeline/Lit" || shaderName == "Universal Render Pipeline/Simple Lit";
            bool isUnlit = shaderName == "Universal Render Pipeline/Unlit" ||
                           shaderName == "Universal Render Pipeline/Particles/Unlit";

            if (isLit)
            {
                material.SetColor(_baseColorId, Color.white);
                material.SetFloat(_smoothnessId, 0.2f);
                material.SetFloat(_metallicId, 0.0f);

                // Cubemap probe hookup is best-effort: set only when the active
                // scene skybox provides a true Cubemap texture directly.
                if (RenderSettings.skybox != null && RenderSettings.skybox.mainTexture is Cubemap skyCubemap)
                {
                    material.SetTexture(_cubemapId, skyCubemap);
                    Debug.Log("[WSM3D] Voxel material configured with skybox cubemap reflection probe.");
                }
                else
                {
                    Debug.Log("[WSM3D] Voxel material resolved without cubemap probe; using fallback ambient diffuse.");
                }
                return;
            }

            if (isUnlit)
            {
                // Unlit variants do not use metallic/smoothness in this phase; keep
                // base color at white so <see cref=\"_InstanceColor\"/> remains the
                // effective tint multiplier.
                material.SetColor(_baseColorId, Color.white);
                return;
            }

            // Keep non-URP fallbacks clean and deterministic: don't assume URP-lit property names.
            material.color = Color.white;
        }

        static void ConfigureVertexColorShaderMode(Material material, string shaderName)
        {
            if (material == null || material.shader == null) return;

            if (shaderName == "Particles/Standard Surface" ||
                shaderName == "Particles/Standard Unlit")
            {
                material.EnableKeyword("_VERTEX_COLOR_ON");
                return;
            }

            material.DisableKeyword("_VERTEX_COLOR_ON");
        }

        static void LogVoxelMaterialPassDetails(Material material, string shaderName)
        {
            if (_materialDebugLogged) return;
            _materialDebugLogged = true;

            if (material == null)
            {
                Debug.LogWarning("[WSM3D] Voxel material diagnostics skipped: material is null.");
                return;
            }

            string shaderNameSafe = material.shader != null ? material.shader.name : "<null shader>";
            string keywords = material.shaderKeywords != null && material.shaderKeywords.Length > 0
                ? string.Join(", ", material.shaderKeywords)
                : "<none>";

            string renderType = material.GetTag("RenderType", true, "<none>");
            string queueTag = material.GetTag("Queue", false, "<none>");
            Debug.Log($"[WSM3D][MATERIAL] VOXEL sourceCandidate='{shaderName}' resolvedShader='{shaderNameSafe}' passCount={material.passCount} renderQueue={material.renderQueue} renderType={renderType} queueOverride={queueTag}");
            Debug.Log($"[WSM3D][MATERIAL] VOXEL shaderKeywords=[{keywords}]");
            if (renderType == "<none>" || string.IsNullOrEmpty(renderType))
            {
                material.SetOverrideTag("RenderType", "Opaque");
                Debug.LogWarning($"[WSM3D][MATERIAL] VOXEL sourceCandidate='{shaderName}' missing RenderType; forced override to 'Opaque'. renderQueue={material.renderQueue} renderType={material.GetTag("RenderType", true, "<none>")}");
            }

            for (int pass = 0; pass < material.passCount; pass++)
            {
                string passName = material.GetPassName(pass);
                Debug.Log($"[WSM3D][MATERIAL] VOXEL pass[{pass}] name='{passName}'");
            }
        }

        internal static int _submitDiagCount;
        static bool _submitDiagLogged;

        /// <summary>Per-frame submission. Matrix should already include scale.</summary>
        public static bool Submit(Mesh mesh, Matrix4x4 trs, Color tint)
        {
            // Removed: if (InstancingBroken) return false. Once instancing throws,
            // MeshInstanceBatcher.Flush has a working Graphics.DrawMesh fallback path.
            // Pre-empting Submit here used to permanently disable voxel rendering after
            // the first instancing exception. Now we always submit; Flush picks the right path.
            if (_material == null && !EnsureMaterial()) return false;
            _submitDiagCount++;
            // TEMPORARY DIAGNOSTIC: log first non-sanity-cube submit
            if (!_submitDiagLogged && Core.savedSettings.ProfilerDump && mesh != null && mesh.name != "WSM3D.SanityTestCube")
            {
                _submitDiagLogged = true;
                Debug.Log($"[WSM3D][DIAG-SUBMIT] First non-sanity Submit: mesh={mesh.name} verts={mesh.vertexCount} matName={_material?.name} trs.pos={trs.GetColumn(3)} tint={tint} totalSubmits={_submitDiagCount}");
            }
            MeshInstanceBatcher.Submit(mesh, _material!, trs, tint);
            return true;
        }

        public static Material? GetResolvedMaterial()
        {
            return EnsureMaterial() ? _material : null;
        }

        static bool _flushDiagLogged;

        /// <summary>Issue all batched draw calls. Call once per frame after submissions.</summary>
        public static void Flush()
        {
            // TEMPORARY DIAGNOSTIC: one-shot log to track Flush calls
            if (!_flushDiagLogged && Core.savedSettings.ProfilerDump)
            {
                _flushDiagLogged = true;
                Debug.Log($"[WSM3D][DIAG-FLUSH] VoxelRender.Flush CALLED materialNull={_material == null} hasPending={MeshInstanceBatcher.HasPendingSubmissions} bucketCount={MeshInstanceBatcher.FrameBucketCount} instances={MeshInstanceBatcher.FrameInstances} drawCalls={MeshInstanceBatcher.FrameDrawCalls}");
            }
            if (_material == null) return;
            Camera flushCamera = ResolveFlushCamera();
            LogActorVoxelSubmitDiagnostics(flushCamera);

            if (!Core.savedSettings.ProfilerDump)
            {
                MeshInstanceBatcher.Flush();
                VoxelMeshCache.Tick();
                Bridge.BridgeServer.RefreshTelemetryCache();
                return;
            }

            var totalSw = Stopwatch.StartNew();
            var batchSw = Stopwatch.StartNew();
            MeshInstanceBatcher.Flush();
            batchSw.Stop();
            Debug.Log($"[WSM3D][PERF] VoxelRender.Flush.MeshInstanceBatcher={batchSw.Elapsed.TotalMilliseconds:F3}ms");

            var cacheSw = Stopwatch.StartNew();
            VoxelMeshCache.Tick();
            cacheSw.Stop();
            Debug.Log($"[WSM3D][PERF] VoxelRender.Flush.VoxelMeshCache.Tick={cacheSw.Elapsed.TotalMilliseconds:F3}ms");

            totalSw.Stop();
            Debug.Log($"[WSM3D][PERF] VoxelRender.Flush total={totalSw.Elapsed.TotalMilliseconds:F3}ms");
            Bridge.BridgeServer.RefreshTelemetryCache();
        }

        static void LogActorVoxelSubmitDiagnostics(Camera? camera)
        {
            if (_actorVoxelSubmitTranslations.Count == 0 || !Core.savedSettings.ProfilerDump) return;

            Debug.Log($"[WSM3D][DIAG] Actor-voxel TRS.GetColumn(3) first {_actorVoxelSubmitTranslations.Count} submissions:");
            for (int i = 0; i < _actorVoxelSubmitTranslations.Count; i++)
            {
                Debug.Log($"[WSM3D][DIAG]  sample[{i}] trsPos={_actorVoxelSubmitTranslations[i]}");
            }

            LogCameraFrustumBounds(camera);
            _actorVoxelSubmitTranslations.Clear();
        }

        static void LogCameraFrustumBounds(Camera? cam)
        {
            if (cam == null || !Core.savedSettings.ProfilerDump) return;

            Vector3 nearBL = cam.ViewportToWorldPoint(new Vector3(0f, 0f, cam.nearClipPlane));
            Vector3 nearBR = cam.ViewportToWorldPoint(new Vector3(1f, 0f, cam.nearClipPlane));
            Vector3 nearTL = cam.ViewportToWorldPoint(new Vector3(0f, 1f, cam.nearClipPlane));
            Vector3 nearTR = cam.ViewportToWorldPoint(new Vector3(1f, 1f, cam.nearClipPlane));
            Vector3 farBL = cam.ViewportToWorldPoint(new Vector3(0f, 0f, cam.farClipPlane));
            Vector3 farBR = cam.ViewportToWorldPoint(new Vector3(1f, 0f, cam.farClipPlane));
            Vector3 farTL = cam.ViewportToWorldPoint(new Vector3(0f, 1f, cam.farClipPlane));
            Vector3 farTR = cam.ViewportToWorldPoint(new Vector3(1f, 1f, cam.farClipPlane));

            Vector3 min = Vector3.Min(Vector3.Min(nearBL, nearBR), Vector3.Min(nearTL, nearTR));
            min = Vector3.Min(min, Vector3.Min(farBL, farBR));
            min = Vector3.Min(min, Vector3.Min(farTL, farTR));
            Vector3 max = Vector3.Max(Vector3.Max(nearBL, nearBR), Vector3.Max(nearTL, nearTR));
            max = Vector3.Max(max, Vector3.Max(farBL, farBR));
            max = Vector3.Max(max, Vector3.Max(farTL, farTR));

            Debug.Log($"[WSM3D][DIAG] Camera frustum {cam.name}: pos={cam.transform.position} near={cam.nearClipPlane:F2} far={cam.farClipPlane:F2} fov={cam.fieldOfView:F2} aspect={cam.aspect:F4} ortho={cam.orthographic} orthoSize={cam.orthographicSize:F3} boundsMin={min} boundsMax={max}");
        }

        static Camera? ResolveFlushCamera()
        {
            if (CameraManager.MainCamera != null && CameraManager.MainCamera.enabled) return CameraManager.MainCamera;
            return Camera.main;
        }

        readonly struct ActorSpriteCardMeshKey : IEquatable<ActorSpriteCardMeshKey>
        {
            public readonly int TextureId;
            public readonly int X;
            public readonly int Y;
            public readonly int Width;
            public readonly int Height;
            public readonly int ScaleKey;

            public ActorSpriteCardMeshKey(Texture2D tex, Sprite sprite, float scaleMultiplier)
            {
                TextureId = tex != null ? tex.GetInstanceID() : 0;
                Rect r = sprite != null ? sprite.rect : default;
                X = Mathf.RoundToInt(r.x);
                Y = Mathf.RoundToInt(r.y);
                Width = Mathf.Max(1, Mathf.RoundToInt(r.width));
                Height = Mathf.Max(1, Mathf.RoundToInt(r.height));
                ScaleKey = Mathf.Max(1, Mathf.RoundToInt(scaleMultiplier * 10000f));
            }

            public bool Equals(ActorSpriteCardMeshKey other)
            {
                return TextureId == other.TextureId &&
                       X == other.X &&
                       Y == other.Y &&
                       Width == other.Width &&
                       Height == other.Height &&
                       ScaleKey == other.ScaleKey;
            }

            public override bool Equals(object? obj) => obj is ActorSpriteCardMeshKey other && Equals(other);

            public override int GetHashCode()
            {
                unchecked
                {
                    int hash = 17;
                    hash = hash * 31 + TextureId;
                    hash = hash * 31 + X;
                    hash = hash * 31 + Y;
                    hash = hash * 31 + Width;
                    hash = hash * 31 + Height;
                    hash = hash * 31 + ScaleKey;
                    return hash;
                }
            }
        }

        readonly struct ActorSpriteCardBatchKey : IEquatable<ActorSpriteCardBatchKey>
        {
            public readonly Mesh Mesh;
            public readonly Material Material;

            public ActorSpriteCardBatchKey(Mesh mesh, Material material)
            {
                Mesh = mesh;
                Material = material;
            }

            public bool Equals(ActorSpriteCardBatchKey other)
            {
                return Mesh == other.Mesh && Material == other.Material;
            }

            public override bool Equals(object? obj) => obj is ActorSpriteCardBatchKey other && Equals(other);

            public override int GetHashCode()
            {
                unchecked
                {
                    int hash = 17;
                    hash = hash * 31 + (Mesh != null ? Mesh.GetInstanceID() : 0);
                    hash = hash * 31 + (Material != null ? Material.GetInstanceID() : 0);
                    return hash;
                }
            }
        }

        static Mesh? GetActorSpriteCardMesh(Sprite? sprite, float scaleMultiplier)
        {
            if (sprite == null || sprite.texture == null)
            {
                return null;
            }

            ActorSpriteCardMeshKey key = new(sprite.texture, sprite, scaleMultiplier);
            if (_actorSpriteCardMeshes.TryGetValue(key, out Mesh cachedMesh))
            {
                return cachedMesh;
            }

            Rect rect = sprite.rect;
            // Size the card in WORLD units like the vanilla sprite render: pixels / pixelsPerUnit.
            // Raw rect.width(px) * scaleMultiplier produced ~45-tile-wide giants (px not divided by PPU).
            float ppu = Mathf.Max(1f, sprite.pixelsPerUnit);
            float scale = scaleMultiplier;
            float width = (rect.width / ppu) * scale;
            float height = (rect.height / ppu) * scale;
            float halfWidth = width * 0.5f;
            float halfHeight = height * 0.5f;

            Texture2D tex = sprite.texture;
            float texWidth = Mathf.Max(1f, tex.width);
            float texHeight = Mathf.Max(1f, tex.height);
            Vector2 uvMin = new Vector2(rect.x / texWidth, rect.y / texHeight);
            Vector2 uvMax = new Vector2((rect.x + rect.width) / texWidth, (rect.y + rect.height) / texHeight);

            Mesh mesh = new Mesh
            {
                name = $"WSM3D.ActorCard_{tex.name}_{rect.x}_{rect.y}_{rect.width}_{rect.height}"
            };
            mesh.vertices = new[]
            {
                new Vector3(-halfWidth, -halfHeight, 0f),
                new Vector3(halfWidth, -halfHeight, 0f),
                new Vector3(-halfWidth, halfHeight, 0f),
                new Vector3(halfWidth, halfHeight, 0f),
            };
            mesh.uv = new[]
            {
                new Vector2(uvMin.x, uvMin.y),
                new Vector2(uvMax.x, uvMin.y),
                new Vector2(uvMin.x, uvMax.y),
                new Vector2(uvMax.x, uvMax.y),
            };
            mesh.triangles = new[] { 0, 1, 2, 1, 3, 2 };
            mesh.normals = new[]
            {
                Vector3.forward,
                Vector3.forward,
                Vector3.forward,
                Vector3.forward
            };
            mesh.RecalculateBounds();

            _actorSpriteCardMeshes[key] = mesh;
            return mesh;
        }

        static Material? GetActorSpriteCardMaterial(Texture2D? texture)
        {
            if (texture == null)
            {
                return null;
            }

            if (_actorSpriteCardMaterials.TryGetValue(texture, out Material existing))
            {
                return existing;
            }

            // FOUNDATION FIX (research-backed): the OrganicBlob actor mesh is a real 3D volume,
            // but Sprites/Default is UNLIT — so the volume read flat/dark (no ambient+directional
            // shading on the 164-vert mesh). Prefer a LIT shader so the 3D shape actually shows.
            // Chain: WSM3D/OpaqueVertexColor (lit + vertex-color, if the bundle loaded) ->
            // Mobile/Diffuse (lit, guaranteed built-in) -> Standard -> Sprites/Default (last resort).
            // Caller ensures the mesh has normals so lit shaders can shade it.
            Shader? shader = Shader.Find("WSM3D/OpaqueVertexColor");
            if (shader == null) shader = Shader.Find("Mobile/Diffuse");
            if (shader == null) shader = Shader.Find("Standard");
            if (shader == null) shader = Shader.Find("Sprites/Default");
            if (shader == null)
            {
                return null;
            }

            Material material = new Material(shader)
            {
                name = $"WSM3D.ActorSpriteCard.{texture.name}",
                enableInstancing = true
            };
            material.EnableKeyword("INSTANCING_ON");
            material.SetTexture(_actorSpriteCardMainTexId, texture);
            material.SetColor(_actorSpriteCardColorId, Color.white);
            material.SetColor(_actorSpriteCardBaseColorId, Color.white);
            _actorSpriteCardMaterials[texture] = material;
            return material;
        }

        static bool TryQueueActorSpriteCardRender(Material? material, Mesh mesh, Matrix4x4 trs)
        {
            if (material == null || mesh == null || mesh.vertexCount == 0)
            {
                return false;
            }

            ActorSpriteCardBatchKey key = new(mesh, material);
            lock (_actorSpriteCardBatchLock)
            {
                if (!_actorSpriteCardBatches.TryGetValue(key, out var list))
                {
                    list = new List<Matrix4x4>(16);
                    _actorSpriteCardBatches[key] = list;
                }

                list.Add(trs);
                string meshName = mesh != null ? mesh.name : "<null-mesh>";
                string materialName = material != null ? material.name : "<null-material>";
                // (CARD-QUEUE diag removed — fired per-actor-per-frame = 522K Debug.Log calls,
                //  flooded the WorldBox console overlay and tanked FPS. Chain confirmed working.)
            }
            return true;
        }

        static Quaternion GetActorCardRotation(Vector3 position)
        {
            Camera? cam = CameraManager.MainCamera;
            Vector3 toCamera = cam != null
                ? (cam.transform.position - position)
                : Vector3.back;
            if (toCamera.sqrMagnitude < 0.0001f)
            {
                toCamera = Vector3.back;
            }

            // Slightly tilt toward the camera for the intended "card" look.
            Quaternion facing = Quaternion.LookRotation(toCamera, Vector3.up);
            return facing * Quaternion.Euler(-12f, 0f, 0f);
        }

        internal static void FlushQueuedActorSpriteCards()
        {
            // (CARD-FLUSH-ENTER diag removed — per-frame log spam.)

            List<KeyValuePair<ActorSpriteCardBatchKey, List<Matrix4x4>>> batches;
            lock (_actorSpriteCardBatchLock)
            {
                // Draw the FRONT buffer (populated at emit-end). Never cleared here — redraws
                // every frame so actors persist across the intermittent-emit gap (no flicker).
                ActorFrontCount = _actorSpriteCardFront.Count;
                if (_actorSpriteCardFront.Count == 0) return;
                batches = new List<KeyValuePair<ActorSpriteCardBatchKey, List<Matrix4x4>>>(_actorSpriteCardFront);
            }

            int flushedBatches = 0;
            int totalMatrices = 0;
            string diagMaterialName = "<none>";
            string diagMeshName = "<none>";
            int diagMeshVerts = 0;

            foreach (KeyValuePair<ActorSpriteCardBatchKey, List<Matrix4x4>> pair in batches)
            {
                Mesh mesh = pair.Key.Mesh;
                Material material = pair.Key.Material;
                if (mesh == null || material == null)
                {
                    pair.Value.Clear();
                    continue;
                }

                List<Matrix4x4> matrices = pair.Value;
                int total = matrices.Count;
                int start = 0;
                while (start < total)
                {
                    int count = Mathf.Min(MaxSpriteCardInstancedBatch, total - start);
                    matrices.CopyTo(start, _actorSpriteCardMatrices, 0, count);
                    diagMaterialName = material != null ? material.name : "<null>";
                    diagMeshName = mesh != null ? mesh.name : "<null>";
                    diagMeshVerts = mesh != null ? mesh.vertexCount : 0;
                    try
                    {
                        Graphics.DrawMeshInstanced(mesh, 0, material, _actorSpriteCardMatrices, count);
                        MeshInstanceBatcher.FrameDrawCalls++;
                        ActorDrawCallsCumulative++;
                        flushedBatches++;
                        totalMatrices += count;
                    }
                    catch (System.Exception ex)
                    {
                        Debug.LogError($"[WSM3D] Actor sprite-card DrawMeshInstanced failed: {ex.GetType().Name}: {ex.Message}");
                        for (int i = start; i < start + count; i++)
                        {
                            try
                            {
                                Graphics.DrawMesh(mesh, _actorSpriteCardMatrices[i - start], material, 0, null);
                                MeshInstanceBatcher.FrameDrawCalls++;
                                totalMatrices++;
                            }
                            catch (System.Exception fallbackEx)
                            {
                                Debug.LogError($"[WSM3D] Actor sprite-card DrawMesh fallback failed: {fallbackEx.GetType().Name}: {fallbackEx.Message}");
                            }
                        }
                    }

                    // ACTOR-DRAW-DIAG removed — confirmed actors use voxel-organicblob meshVerts=164
                    // (real 3D volume, not the flat card). Per-frame Debug.Log floods the console
                    // overlay; gate any future re-add behind ProfilerDump + a mesh-name-change check.
                    _ = _actorDrawDiagThrottle; _ = diagMaterialName; _ = diagMeshName; _ = diagMeshVerts;
                    start += count;
                }

                matrices.Clear();
            }
        }

        // ---------------------------------------------------------------------
        // Harmony hooks. Registered automatically via Patcher.PatchAll on the
        // existing Core.Patch() pass because [HarmonyPatch] is declared here.

        [Phase(nameof(SavedSettings.VoxelEntities))]
        [HarmonyPatch(typeof(ActorManager), nameof(ActorManager.precalculateRenderDataParallel))]
        public static class ActorVoxelEmit
        {
            static bool _actorLodDiagLogged;
            public static bool EmitVoxelsCalled;
            public static int LastVisibleUnitsCount;
            public static int LastFrustumCullerPassCount;
            public static int LastBatcherSubmitCount;
            static bool _emitDiagLogged;
            static int _emitDiagFrameCounter;
            static bool _emitDiagSawNonZero;
            static bool _billboardDiagLogged;
            static bool _voxelDiagLogged;
            static bool _matDiagLogged;

            public static void ResetDiag()
            {
                _emitDiagLogged = false;
                _emitDiagFrameCounter = 0;
                _emitDiagSawNonZero = false;
                _billboardDiagLogged = false;
                _voxelDiagLogged = false;
                _matDiagLogged = false;
            }

            [HarmonyPostfix]
            [HarmonyPriority(Priority.First)]
            public static void EmitVoxels(ActorManager __instance)
            {
                // REGRESSION GUARD: must stay Priority.First. Vanilla sprite-render
                // Postfixes on precalculateRenderDataParallel race ours; if we run
                // Last, has_normal_render[i] is cleared too late and both the voxel
                // mesh AND the vanilla 2D billboard render — actors appear as 2D
                // billboards instead of 3D voxels. Symptom: user reports
                // "voxel actors back to billboards".
                EmitVoxelsCalled = true;
                Tools.ClearTileHeightSmoothCache();
                // FLICKER FIX (double-buffer): emit fills the BACK buffer (_actorSpriteCardBatches),
                // cleared here at start. At emit END we atomically copy it to the FRONT buffer
                // (_actorSpriteCardFront) which the per-frame flush redraws EVERY frame. Because
                // emit runs intermittently (precalculateRenderDataParallel postfix) but the flush
                // + DrawMeshInstanced run every frame, the front buffer must never go empty between
                // emits — so we only REPLACE front when a fresh emit completes, never clear it mid-gap.
                lock (_actorSpriteCardBatchLock)
                {
                    foreach (var b in _actorSpriteCardBatches.Values) b.Clear();
                }
                // TEMPORARY DIAGNOSTIC: one-shot log to verify the Harmony postfix fires
                if (!_emitDiagLogged && Core.savedSettings.ProfilerDump)
                {
                    _emitDiagLogged = true;
                    bool matOk = EnsureMaterial();
                    int visCount = __instance.visible_units != null ? __instance.visible_units.count : -1;
                    int frustumPass = 0;
                    int frustumFail = 0;
                    int nullActor = 0;
                    int perpSkipped = 0;
                    int meshNull = 0;
                    int meshOk = 0;
                    if (visCount > 0 && __instance.render_data != null)
                    {
                        var diagArr = __instance.visible_units.array;
                        var diagRd = __instance.render_data;
                        for (int di = 0; di < visCount; di++)
                        {
                            Actor da = diagArr[di];
                            if (da == null || da.asset == null) { nullActor++; continue; }
                            if (Constants.PerpActors.ContainsKey(da.asset.id)) { perpSkipped++; continue; }
                            Vector3 dCullPos = diagRd.positions[di];
                            if (dCullPos.z < Constants.ZDisplacement * 0.5f)
                                dCullPos = dCullPos.To3DTileHeight(false);
                            if (!WorldSphereMod.LOD.FrustumCuller.IsVisible(dCullPos, 2f))
                            { frustumFail++; continue; }
                            frustumPass++;
                            Sprite dSp = ResolveActorSprite(diagRd, di, da);
                            if (dSp == null) { meshNull++; continue; }
                            Mesh dm = VoxelMeshCache.Get(dSp, ShapeHint.OrganicBlob, true, VoxelEntityType.Actor);
                            if (dm == null || dm.vertexCount == 0) meshNull++; else meshOk++;
                        }
                    }
                    Debug.Log($"[WSM3D][DIAG-EMIT] ActorVoxelEmit.EmitVoxels CALLED isWorld3D={Core.IsWorld3D} VoxelEntities={Core.savedSettings.VoxelEntities} materialOk={matOk} visible_units.count={visCount} nullActor={nullActor} perpSkipped={perpSkipped} frustumPass={frustumPass} frustumFail={frustumFail} meshOk={meshOk} meshNull={meshNull} cacheSize={VoxelMeshCache.Count} frame={_emitDiagFrameCounter}");
                    if (visCount > 0) _emitDiagSawNonZero = true;
                }
                if (!Core.IsWorld3D || !Core.savedSettings.VoxelEntities) return;
                // MaterialNull: no usable shader/material resolved → every actor this frame is
                // invisible. Record once at the actor manager position so the operator sees WHY.
                if (!EnsureMaterial())
                {
                    if (!_billboardDiagLogged)
                    {
                        _billboardDiagLogged = true;
                        Debug.Log($"[WSM3D][BILLBOARD-DIAG] type=Actor processed={__instance.visible_units.count} skipped={__instance.visible_units.count} reason=(nullMaterial=1,lodCull=0,scaleZero=0) visibleUnitsCount={__instance.visible_units.count} frustumCullerPassCount=0 batcherSubmitCount=0");
                    }
                    RenderErrorRegistry.Record(RenderErrorType.MaterialNull, "ActorManager",
                        "EnsureMaterial() returned no usable voxel material", Vector3.zero);
                    return;
                }
                if (!_matDiagLogged)
                {
                    _matDiagLogged = true;
                    Material? matDiag = GetResolvedMaterial();
                    string matName = matDiag?.name ?? "<null>";
                    string shaderName = matDiag?.shader != null ? matDiag.shader.name : "<null shader>";
                    Debug.Log($"[WSM3D][MAT-DIAG] material={matName} shader={shaderName}");
                }

                var rd = __instance.render_data;
                var arr = __instance.visible_units.array;
                int n = __instance.visible_units.count;
                LastVisibleUnitsCount = n;
                LastFrustumCullerPassCount = 0;
                LastBatcherSubmitCount = 0;
                // DIAG-SUBMIT path counters — find where the 8 meshOk actors are being dropped
                int dsNullActor = 0, dsPerpSkipped = 0, dsFrustumFail = 0;
                int dsTierCull = 0, dsTierVoxel = 0;
                int dsSkeletalAttempt = 0, dsSkeletalSubmitOk = 0, dsSkeletalSubmitFail = 0;
                int dsCullMeshNull = 0;
                int dsSpriteNull = 0, dsVoxelMeshNull = 0, dsVoxelSubmitAttempt = 0, dsVoxelSubmitOk = 0, dsVoxelSubmitFail = 0;
                int diagActors = 0;
                int diagAlreadySuppressed = 0;
                int diagSubmitAttempt = 0;
                int diagSkipNull = 0;
                int diagHasNormalRenderSetFalse = 0;
                for (int i = 0; i < n; i++)
                {
                    Actor a = arr[i];
                    if (a == null || a.asset == null)
                    {
                        dsNullActor++;
                        continue;
                    }

                    diagActors++;
                    bool suppressAlready = !rd.has_normal_render[i];
                    if (suppressAlready) diagAlreadySuppressed++;
                    rd.has_normal_render[i] = false;
                    if (!rd.has_normal_render[i]) diagHasNormalRenderSetFalse++;

                    // VOXEL-OR-INVISIBLE (user, 2026-05-30): the legacy PerpActors opt-out
                    // used to `continue` here, which LEFT has_normal_render[i] true and so
                    // re-exposed the vanilla 2D billboard for perp-marked assets (palms,
                    // ferns, bats, ground decals). That violated voxel-or-invisible — those
                    // entities reappeared as flat sprites (BUG A). Perp assets now fall
                    // through to the SAME voxel-or-cull path as every other actor: they
                    // either render a real voxel mesh or nothing. We only bump the
                    // diagnostic counter; we do NOT skip the emit.
                    bool isPerp = Constants.PerpActors.ContainsKey(a.asset.id);
                    if (isPerp) dsPerpSkipped++;
                    // GATE REMOVED (codex plate-78 diff): upstream may set has_normal_render=false
                    // for actors that should still get voxelized (e.g. all actors after the first
                    // created settlement per user observation). Buildings have no such gate;
                    // matching that here. If we DO need to skip, fix it post-voxelize.
                    // if (!rd.has_normal_render[i]) continue;

                    Vector3 cullPos = rd.positions[i];
                    if (cullPos.z < Constants.ZDisplacement * 0.5f)
                    {
                        cullPos = cullPos.To3DTileHeight(false);
                    }
                    float radius = 2f * Mathf.Max(1f, Core.savedSettings.VoxelScaleMultiplier * 0.5f);
                    if (!WorldSphereMod.LOD.FrustumCuller.IsVisible(cullPos, radius))
                    {
                        dsFrustumFail++;
                        continue;
                    }
                    LastFrustumCullerPassCount++;
                    // Use fixed baseline height for LOD — rd.scales[i].y is the tiny vanilla
                    // sprite render scale (~0.05), not the voxel mesh height. Fixed baseline
                    // of 0.5 * VoxelScaleMultiplier * ActorVoxelScaleFactor matches LodSelector default.
                    float actorEntityHeight = 0.5f * Core.savedSettings.VoxelScaleMultiplier * Core.savedSettings.ActorVoxelScaleFactor;
                    WorldSphereMod.LOD.LodTier tier = WorldSphereMod.LOD.LodSelector.Select(cullPos, a.GetHashCode(), actorEntityHeight);
                    if (!_actorLodDiagLogged) {
                        float dist = (cullPos - CameraManager.MainCamera.transform.position).magnitude;
                        Debug.Log($"[WSM3D][ACTOR-LOD-DIAG] entityH={actorEntityHeight:F2} dist={dist:F1} thr={WorldSphereMod.LOD.LodSelector.VoxelThreshold:F3} tier={tier}");
                        _actorLodDiagLogged = true;
                    }
                    // Two-tier ladder: Voxel (near, emit mesh) or Cull (far, draw nothing).
                    if (tier == WorldSphereMod.LOD.LodTier.Cull) dsTierCull++;
                    else dsTierVoxel++;

                    if (Core.savedSettings.SkeletalAnimation && tier != WorldSphereMod.LOD.LodTier.Cull)
                    {
                        WorldSphereMod.Rig.RigType rigType = ResolveRigType(a.asset.id);
                        if (rigType != WorldSphereMod.Rig.RigType.None)
                        {
                            dsSkeletalAttempt++;
                            // VOXEL-OR-INVISIBLE: suppress the vanilla 2D sprite for skinned
                            // actors up-front too. If the skinned submit fails, the actor is
                            // invisible this frame rather than reverting to a 2D billboard.
                            rd.has_normal_render[i] = false;
                            Vector3 skPos = rd.positions[i];
                            Vector3 skPosBeforeLift = skPos;
                            Vector3 skRot = rd.rotations[i];
                            Vector3 skScl = rd.scales[i];
                            if (rd.flip_x_states[i]) skScl.x = -skScl.x;
                            skScl.z = skScl.x;
                            // Match the static actor path scale (line ~737): raw
                            // rd.scales[i] is sprite-native (~1) and would render a
                            // tiny actor against the 8x voxel world. RigDriver now
                            // routes through the static voxel mesh (skinned path is
                            // disabled, see RigDriver.kSkinnedRigProductionReady), so
                            // apply the same VoxelScaleMultiplier * ActorVoxelScaleFactor
                            // the normal static actor submit uses.
                            skScl *= Core.savedSettings.VoxelScaleMultiplier * Core.savedSettings.ActorVoxelScaleFactor;
                            if (skPos.z < Constants.ZDisplacement * 0.5f)
                            {
                                skPos = skPos.To3DTileHeight(false);
                            }
                            // Match the static actor path Y-lift so the mesh BOTTOM
                            // sits on the terrain instead of embedded in the tile
                            // cube. skScl is already fully scaled above, so estimate
                            // half-height directly from it (no extra VoxelScaleMultiplier
                            // — that would double-lift now that skScl carries the
                            // multiplier). ~0.5 world units of mesh height pre-scale.
                            float skHalfHeight = Mathf.Abs(skScl.y) * 0.5f;
                            skPos.y += skHalfHeight;
                            LogActorSubmitDiagnostic("skeletal", ref _actorSkeletalDiagnosticLogged, a, ResolveActorSprite(rd, i, a), skPosBeforeLift, skPos, rd.colors[i]);
                            if (WorldSphereMod.Rig.RigDriver.SubmitSkinnedActor(
                                    a, skPos, Quaternion.Euler(0f, skRot.y, 0f), skScl, rd.colors[i], rigType))
                            {
                                dsSkeletalSubmitOk++;
                                rd.has_normal_render[i] = false;
                            }
                            else
                            {
                                dsSkeletalSubmitFail++;
                            }
                            continue;
                        }
                    }

                    // Resolve the actor's actual current sprite. main_sprites[i] is null for
                    // any actor whose colored-sprite resolution was deferred to the
                    // (post-postfix) precalculateRenderDataNormal pass; fall back to the live
                    // animation-frame sprite via Actor.calculateMainSprite() in that case.
                    Sprite sp = ResolveActorSprite(rd, i, a);
                    if (sp == null)
                    {
                        dsSpriteNull++;
                        // SpriteNull: neither render_data nor calculateMainSprite() yielded a sprite.
                        RecordActorError(RenderErrorType.SpriteNull, a,
                            "main_sprites[i] null and calculateMainSprite() returned null", rd.positions[i]);
                        continue;
                    }

                    // VOXEL-OR-INVISIBLE POLICY (user, 2026-05-30): objects are REAL voxel
                    // volumes or NOTHING — never a 2D/2.5D billboard. So suppress the vanilla
                    // 2D sprite for EVERY eligible actor up-front (not just on successful
                    // submit). If the voxel mesh isn't ready / material invalid / far LOD,
                    // we skip the submit and the actor simply renders nothing this frame.
                    rd.has_normal_render[i] = false;

                    if (tier == WorldSphereMod.LOD.LodTier.Cull)
                    {
                        // FAR TIER = CULL, NOT BILLBOARD. The user explicitly prefers seeing
                        // NOTHING over a flat fallback tier. Keep the LOD distance logic (so near
                        // objects still voxelize) but the far tier draws nothing. Sprite is
                        // already suppressed above, so the object is invisible at distance.
                        rd.scales[i] = Vector3.zero;
                        dsTierCull++;
                        dsCullMeshNull++;
                        continue;
                    }

                    float actorScale = Core.savedSettings.VoxelScaleMultiplier * Core.savedSettings.ActorVoxelScaleFactor;
                    // REAL 3D VOLUME (not flat card): route through the OrganicBlob voxelizer that
                    // extrudes the sprite into an actual rounded 3D volume (per-pixel, kMinDepthScale
                    // 0.60 = real depth). The earlier "sprite-card" flat 4-vert quad (GetActorSpriteCardMesh)
                    // made every entity a same-width slab (trees thin, grass odd) — that was a regression
                    // of this proven path (d186ad45). Mesh is unit-sized; scl applies actorScale below.
                    Mesh m = VoxelMeshCache.Get(sp, ShapeHint.OrganicBlob, true, VoxelEntityType.Actor);
                    // Sprite-card mesh not ready yet (cache miss) is not expected in
                    // current implementation, but handle defensively as a skipped submit.
                    if (m == null || m.vertexCount == 0)
                    {
                        dsVoxelMeshNull++;
                        diagSkipNull++;
                        Vector3 errPos = rd.positions[i];
                        if (errPos.z < Constants.ZDisplacement * 0.5f) errPos = errPos.To3DTileHeight(false);
                        RecordActorError(RenderErrorType.VoxelNotReady,
                            a, sp != null ? "sprite-card mesh null/empty (cache build pending) sprite=" + sp.name : "sprite-card mesh null/empty", errPos);
                        continue;
                    }
                    Material? cardMaterial = GetActorSpriteCardMaterial(sp.texture);
                    if (cardMaterial == null)
                    {
                        dsVoxelSubmitFail++;
                        Vector3 errPos = rd.positions[i];
                        if (errPos.z < Constants.ZDisplacement * 0.5f) errPos = errPos.To3DTileHeight(false);
                        RecordActorError(RenderErrorType.MaterialNull, a, "actor sprite card material null (could not resolve Sprites/Default or Standard)", errPos);
                        continue;
                    }
                    dsVoxelSubmitAttempt++;
                    diagSubmitAttempt++;

                    Vector3 pos = rd.positions[i];
                    Vector3 posBeforeLift = pos;
                    if (pos.z < Constants.ZDisplacement * 0.5f)
                    {
                        pos = pos.To3DTileHeight(false);
                    }
                    LogActorSubmitDiagnostic("voxel", ref _actorVoxelDiagnosticLogged, a, sp, posBeforeLift, pos, rd.colors[i]);
                    SanityTestCube.CaptureFirstActorPos(pos);
                    Vector3 rot = rd.rotations[i];
                    // Real 3D volume: upright (Y-up), no camera-facing billboard. Uniform actorScale.
                    Quaternion faceRot = Quaternion.identity;
                    Vector3 scl = new Vector3(actorScale, actorScale, actorScale);
                    if (rd.flip_x_states[i]) scl.x = -scl.x;
                    float halfHeight = m.bounds.size.y * 0.5f * actorScale;
                    pos.y += halfHeight;
                    LogFirstActorPos(posBeforeLift, pos, scl);
                    Matrix4x4 trs = Matrix4x4.TRS(pos, faceRot, scl);
                    RecordActorVoxelTrs(trs);
                    // Hide the sprite quad for this actor — we drew the 3D mesh instead.
                    if (TryQueueActorSpriteCardRender(cardMaterial, m, trs))
                    {
                        LastBatcherSubmitCount++;
                        dsVoxelSubmitOk++;
                        rd.has_normal_render[i] = false;
                        TraceActorColorSample("voxel", i, rd.colors[i], a, sp, posBeforeLift, pos, rot, scl);
                    }
                    else
                    {
                        dsVoxelSubmitFail++;
                        // ShaderFailed: Submit rejected the mesh (material null / instancing
                        // variant missing / InternalError). Distinct from "not ready".
                        RecordActorError(RenderErrorType.ShaderFailed,
                            a, "Submit() returned false (material/shader unusable)", pos);
                    }
                }
                // DOUBLE-BUFFER SWAP: emit complete — atomically replace the FRONT (draw) buffer
                // with this emit's BACK contents. The per-frame flush redraws FRONT every frame, so
                // actors stay drawn across the gap until the next emit. Never leaves front empty.
                lock (_actorSpriteCardBatchLock)
                {
                    _actorSpriteCardFront.Clear();
                    foreach (var kv in _actorSpriteCardBatches)
                    {
                        if (kv.Value.Count == 0) continue;
                        _actorSpriteCardFront[kv.Key] = new List<Matrix4x4>(kv.Value);
                    }
                }
                if (!_billboardDiagLogged)
                {
                    _billboardDiagLogged = true;
                    int skipped = dsNullActor + dsPerpSkipped + dsFrustumFail + dsSpriteNull + dsVoxelMeshNull + dsVoxelSubmitFail + dsSkeletalSubmitFail + dsTierCull;
                    Debug.Log($"[WSM3D][BILLBOARD-DIAG] type=Actor processed={n} skipped={skipped} reason=(nullMaterial=0,lodCull={dsTierCull},scaleZero=0,nullActor={dsNullActor},perp={dsPerpSkipped},frustumFail={dsFrustumFail},spriteNull={dsSpriteNull},meshNull={dsVoxelMeshNull},submitFail={dsVoxelSubmitFail + dsSkeletalSubmitFail}) visibleUnitsCount={LastVisibleUnitsCount} frustumCullerPassCount={LastFrustumCullerPassCount} batcherSubmitCount={LastBatcherSubmitCount}");
                }

                if (!_voxelDiagLogged)
                {
                    _voxelDiagLogged = true;
                    Debug.Log($"[WSM3D][VOXEL-DIAG] actors={diagActors} already_suppressed={diagAlreadySuppressed} submit_attempted={diagSubmitAttempt} skip_null={diagSkipNull}");
                }
                if (!_normalRenderDiagLogged)
                {
                    _normalRenderDiagLogged = true;
                    Debug.Log($"[WSM3D][NORMAL-RENDER-DIAG] actors_processed={diagActors} already_false={diagAlreadySuppressed} now_false={diagHasNormalRenderSetFalse}");
                }
                // DIAG-SUBMIT one-shot path report — answers "where did the meshOk actors go?"
                if (Core.savedSettings.ProfilerDump && (!_emitDiagSawNonZero || _emitDiagFrameCounter < 3))
                {
                    _emitDiagFrameCounter++;
                        Debug.Log($"[WSM3D][DIAG-SUBMIT] EmitVoxels paths n={n} nullActor={dsNullActor} perpSkip={dsPerpSkipped} frustumFail={dsFrustumFail} frustumPass={LastFrustumCullerPassCount} | tier(Cull={dsTierCull} Voxel={dsTierVoxel}) | skel(attempt={dsSkeletalAttempt} ok={dsSkeletalSubmitOk} fail={dsSkeletalSubmitFail}) | spriteNull={dsSpriteNull} | cull(meshNull={dsCullMeshNull}) | voxel(meshNull={dsVoxelMeshNull} attempt={dsVoxelSubmitAttempt} ok={dsVoxelSubmitOk} fail={dsVoxelSubmitFail}) | LastBatcherSubmitCount={LastBatcherSubmitCount} SkeletalAnimation={Core.savedSettings.SkeletalAnimation}");
                }
            }

            static WorldSphereMod.Rig.RigType ResolveRigType(string assetId)
            {
                return Constants.ResolveActorRig(assetId);
            }

            // Funnel actor render failures into the registry with a stable object name.
            static void RecordActorError(RenderErrorType type, Actor a, string reason, Vector3 worldPos)
            {
                string name = a != null && a.asset != null ? a.asset.id : "<actor>";
                RenderErrorRegistry.Record(type, name, reason, worldPos);
            }

            // ROOT-CAUSE FIX (2026-05-30): ActorManager.precalculateRenderDataParallel only
            // writes render_data.main_sprites[i] for the subset of actors whose colored sprite
            // can be resolved on the worker thread (canParallelSetColoredSprite()==true). For
            // everyone else it stores null and defers the real sprite to
            // precalculateRenderDataNormal(), which runs AFTER this Harmony postfix on the
            // parallel pass. So at our read point main_sprites[i] is null for live, fully-
            // visible actors (the headless /diag/errors showed 29/29 SpriteNull "human" at
            // valid positions — those are the deferred ones). It is NOT a missing sprite: the
            // authoritative current animation-frame sprite is actor.calculateMainSprite(), the
            // exact call WorldBox itself uses in both render passes. We resolve from that when
            // the array slot is empty so VoxelMeshCache.Get(sprite) gets a real sprite and the
            // voxel mesh actually builds. Only genuinely-null cases (e.g. asset has no sprite)
            // fall through to the SpriteNull telemetry + voxel-or-invisible policy.
            static Sprite ResolveActorSprite(ActorRenderData rd, int i, Actor a)
            {
                Sprite sp = rd.main_sprites[i];
                if (sp != null) return sp;
                if (a == null) return null;
                try
                {
                    return a.calculateMainSprite();
                }
                catch
                {
                    // Defensive: animation container not ready / asset edge case — treat as null
                    // so the caller records SpriteNull rather than throwing inside the postfix.
                    return null;
                }
            }

            static void LogActorSubmitDiagnostic(string path, ref bool logged, Actor actor, Sprite? sprite, Vector3 beforeLift, Vector3 afterLift, Color tint)
            {
                if (Core.savedSettings == null || !Core.savedSettings.ProfilerDump) return;
                if (logged) return;
                logged = true;
                string assetId = actor != null && actor.asset != null ? actor.asset.id : "<null>";
                string spriteName = sprite != null ? sprite.name : "<null>";
                Debug.Log($"[WSM3D] Actor {path} submit sample asset={assetId} sprite={spriteName} posBeforeLift={beforeLift} posAfterLift={afterLift} color={tint} alpha={tint.a}");
            }

            static void TraceActorColorSample(
                string path,
                int index,
                Color tint,
                Actor actor,
                Sprite? sprite,
                Vector3 rawPos,
                Vector3 liftedPos,
                Vector3 rotation,
                Vector3 scale)
            {
                if (Core.savedSettings == null || !Core.savedSettings.ProfilerDump) return;
                if (_actorVoxelColorSampleCount >= 3) return;
                if (path != "voxel") return;

                _actorVoxelColorSampleCount++;
                string actorId = actor != null && actor.asset != null ? actor.asset.id : "<null>";
                string spriteName = sprite != null ? sprite.name : "<null>";
                Debug.Log($"[WSM3D][DIAG] Actor voxel color sample {_actorVoxelColorSampleCount}/3 asset={actorId} sprite={spriteName} index={index} rawPos={rawPos} liftedPos={liftedPos} rotY={rotation.y:F3} scale={scale} color={tint}");
            }

            static void LogFirstActorPos(Vector3 rawPos, Vector3 liftedPos, Vector3 scl)
            {
                if (Core.savedSettings == null || !Core.savedSettings.ProfilerDump) return;
                if (_firstActorPosLogged) return;
                _firstActorPosLogged = true;
                Debug.Log($"[WSM3D] First-actor pos: raw={rawPos}, lifted={liftedPos}, scl={scl}");
            }

            static void RecordActorVoxelTrs(Matrix4x4 trs)
            {
                if (_actorVoxelSubmitTranslations.Count >= 5) return;
                Vector4 pos = trs.GetColumn(3);
                _actorVoxelSubmitTranslations.Add(new Vector3(pos.x, pos.y, pos.z));
            }
        }

        // Phase 1 fallback for buildings. Phase 2's procgen building meshes override
        // this when SavedSettings.ProceduralBuildings flips on; until then, when the
        // player turns Voxel Entities on, voxelizing the building sprite is the best
        // we can do for 3D buildings without procgen.
        [Phase(nameof(SavedSettings.VoxelEntities))]
        [HarmonyPatch(typeof(BuildingManager), nameof(BuildingManager.precalculateRenderDataParallel))]
        public static class BuildingVoxelEmit
        {
            static bool _buildingVoxelEmitSubmitLogged;
            static bool _buildingEmitDiagLogged;
            static bool _buildingBillboardDiagLogged;
            // Per-frame budget cycling: tracks where we left off in the visible
            // buildings array so we process the next slice each frame.
            static int _budgetOffset;
            // IDLE FAST-PATH (#208 fps): skip the per-frame emit when the visible-buildings
            // identity hash is unchanged AND no building moved across the last two frames.
            // Most idle frames have a static camera + no-spawn world; previous behavior ran
            // the full budget cycle every frame (e.g. 200/200 of 1891 visible buildings) which
            // is the dominant frame cost on wip/208-height-fix when the camera is still.
            // The hash is a cheap 64-bit rolling xor of the first/middle/last building IDs +
            // the visible-count — robust to budget cycling (only flips when a building is
            // added/removed/visibly moved) and never false-skips on a moving camera (camera
            // doesn't affect visible_buildings_count or the array contents, only positions).
            static ulong _lastVisibleBuildingsHash;
            static int _lastVisibleBuildingsCount;
            static int _skippedStaticFrames;
            public static int SkippedStaticFrames => _skippedStaticFrames;

            static ulong ComputeVisibleBuildingsHash(Building[] arr, int n)
            {
                if (arr == null || n <= 0) return 0;
                // FNV-1a-ish 64-bit: cheap, robust to permutation, and only walks 3 sample
                // positions + the count. Sampling the head/middle/tail means a new building
                // appearing anywhere in the array still changes the hash next frame.
                ulong h = 1469598103934665603UL;
                ulong id0 = GetBuildingAssetHash(arr[0]);
                h = (h ^ id0) * 1099511628211UL;
                if (n > 1)
                {
                    int mid = n >> 1;
                    Building bMid = arr[mid];
                    Building bLast = arr[n - 1];
                    ulong idMid = GetBuildingAssetHash(bMid);
                    ulong idLast = GetBuildingAssetHash(bLast);
                    h = (h ^ idMid) * 1099511628211UL;
                    h = (h ^ idLast) * 1099511628211UL;
                }
                h = (h ^ (ulong)n) * 1099511628211UL;
                return h;
            }

            static ulong GetBuildingAssetHash(Building building)
            {
                if (building == null || building.asset == null || string.IsNullOrEmpty(building.asset.id))
                {
                    return 0UL;
                }
                return (ulong)building.asset.id.GetHashCode();
            }

            public static void ResetDiag()
            {
                _buildingVoxelEmitSubmitLogged = false;
                _buildingEmitDiagLogged = false;
                _buildingBillboardDiagLogged = false;
                _budgetOffset = 0;
                _lastVisibleBuildingsHash = 0;
                _lastVisibleBuildingsCount = -1;
                _skippedStaticFrames = 0;
            }

            [HarmonyPostfix]
            [HarmonyPriority(Priority.First)]
            public static void EmitVoxels(BuildingManager __instance)
            {
                if (!_buildingEmitDiagLogged && Core.savedSettings.ProfilerDump)
                {
                    _buildingEmitDiagLogged = true;
                    int bldgCount = __instance._visible_buildings_count;
                    bool procBld = Core.savedSettings.ProceduralBuildings;
                    Debug.Log($"[WSM3D][DIAG-EMIT] BuildingVoxelEmit.EmitVoxels CALLED isWorld3D={Core.IsWorld3D} VoxelEntities={Core.savedSettings.VoxelEntities} ProceduralBuildings={procBld} visible_buildings_count={bldgCount}");
                }
                if (!Core.IsWorld3D || !Core.savedSettings.VoxelEntities) return;
                if (Core.savedSettings.ProceduralBuildings) return;
                if (!EnsureMaterial())
                {
                    if (!_buildingBillboardDiagLogged)
                    {
                        _buildingBillboardDiagLogged = true;
                        int visible = __instance._visible_buildings_count;
                        Debug.Log($"[WSM3D][BILLBOARD-DIAG] type=Building processed={visible} skipped={visible} reason=(materialNull=1,lodCull=0,scaleZero=0) visibleUnitsCount={visible} frustumCullerPassCount=0 batcherSubmitCount=0");
                    }
                    RenderErrorRegistry.Record(RenderErrorType.MaterialNull, "BuildingManager",
                        "EnsureMaterial() returned no usable voxel material", Vector3.zero);
                    return;
                }

                var rd = __instance.render_data;
                var arr = __instance._array_visible_buildings;
                int n = __instance._visible_buildings_count;

                // IDLE FAST-PATH (#208 fps): when the visible-building set is unchanged
                // (no spawn / despawn / building moved into frustum or out), skip the
                // budget-cycled re-emit entirely. The bucket fleet rendered last frame is
                // still alive in the batcher and re-drawn by VoxelRender.Flush each frame
                // via the same instance matrices — no visual loss, big CPU save in idle.
                // Re-emit fires when the count differs OR the sampled hash changes, so
                // moving buildings or new spawns still re-emit on the next frame.
                if (arr != null && n > 0 && n == _lastVisibleBuildingsCount)
                {
                    ulong h = ComputeVisibleBuildingsHash(arr, n);
                    if (h == _lastVisibleBuildingsHash)
                    {
                        _skippedStaticFrames++;
                        return;
                    }
                }

                // Compute the new hash unconditionally so the next frame's check is correct
                // (covers the first frame and any frame where count or hash changed).
                if (arr != null && n > 0)
                {
                    _lastVisibleBuildingsHash = ComputeVisibleBuildingsHash(arr, n);
                }
                _lastVisibleBuildingsCount = n;
                int processed = 0;
                int skippedNull = 0;
                int skippedPerp = 0;
                int skippedFrustum = 0;
                int skippedLod = 0;
                int skippedSpriteNull = 0;
                int skippedScaleZero = 0;
                int skippedMeshNull = 0;
                int submitCount = 0;
                int frustumPass = 0;

                // Per-frame budget: only process a slice of visible buildings each
                // frame, cycling through the full set. 0 = unlimited.
                int budget = Core.savedSettings.BuildingRenderBudget;
                int start = 0;
                int end = n;
                if (budget > 0 && n > budget)
                {
                    if (_budgetOffset >= n) _budgetOffset = 0;
                    start = _budgetOffset;
                    end = Mathf.Min(start + budget, n);
                    _budgetOffset = end >= n ? 0 : end;
                }

                for (int i = start; i < end; i++)
                {
                    Building b = arr[i];
                    if (b == null || b.asset == null)
                    {
                        skippedNull++;
                        continue;
                    }

                    processed++;
                    if (Constants.PerpBuildings.ContainsKey(b.asset.id))
                    {
                        skippedPerp++;
                        continue;
                    }

                    Vector3 inScale = rd.scales[i];
                    if (inScale.sqrMagnitude <= 0.000001f)
                    {
                        skippedScaleZero++;
                    }

                    // Derive the 3D cull position from the building's tile coords rather
                    // than rd.positions[i] — the parallel calculatebuildindata3D pass may
                    // not have completed when this Postfix runs (Parallel.For race), leaving
                    // rd.positions stale from the prior frame. Tile coords are always valid.
                    // (#208 frustumFail=200 root cause: stale/wrong positions in rd.positions)
                    Vector3 cullPos;
                    if (b.current_position != null)
                    {
                        Vector2 tp = b.current_position;
                        cullPos = Tools.To3D(new Vector3(tp.x, tp.y, 0), Tools.GetTileHeightSmooth(new Vector3(tp.x, tp.y, 0)));
                    }
                    else
                    {
                        cullPos = rd.positions[i];
                        if (cullPos.z < Constants.ZDisplacement * 0.5f)
                            cullPos = cullPos.To3DTileHeight(false);
                    }
                    // One-shot DIAG: log the actual cullPos for the first building so the
                    // lifted coordinate is visible in Player.log. (#208)
                    if (!_buildingBillboardDiagLogged && i == start)
                        Debug.Log($"[WSM3D][FRUSTUM-DIAG] building[0] tile={b.current_position} cullPos={cullPos} rdPos={rd.positions[i]}");
                    float radius = 3f * Mathf.Max(1f, Core.savedSettings.VoxelScaleMultiplier * 0.5f);
                    if (!WorldSphereMod.LOD.FrustumCuller.IsVisible(cullPos, radius))
                    {
                        skippedFrustum++;
                        continue;
                    }
                    frustumPass++;
                    // Buildings use BuildingSize * VoxelScaleMultiplier for their actual
                    // world height — not ActorVoxelScaleFactor (actor-only). Pass it as
                    // entityHeightOverride so the LOD distance threshold is consistent with
                    // the rendered building scale. (#208 lodCull=76 fix)
                    float bldEntityH = Core.savedSettings.BuildingSize * Core.savedSettings.VoxelScaleMultiplier * Core.savedSettings.BuildingVoxelScaleFactor;
                    WorldSphereMod.LOD.LodTier tier = WorldSphereMod.LOD.LodSelector.Select(cullPos, b.GetHashCode(), bldEntityH);
                    // One-shot LOD DIAG: log the LOD decision inputs for the first building.
                    if (!_buildingBillboardDiagLogged && frustumPass == 1)
                    {
                        float distSqr = (cullPos - CameraManager.MainCamera.transform.position).sqrMagnitude;
                        Debug.Log($"[WSM3D][LOD-DIAG] building[0] cullPos={cullPos} dist={Mathf.Sqrt(distSqr):F1} entityH={bldEntityH:F2} lodScale={Core.savedSettings.LODScale} tier={tier}");
                    }

                    Sprite sp = rd.main_sprites[i];
                    if (sp == null)
                    {
                        RenderErrorRegistry.Record(RenderErrorType.SpriteNull,
                            b.asset != null ? b.asset.id : "<building>", "main_sprites[i] is null", cullPos);
                        skippedSpriteNull++;
                        continue;
                    }

                    // VOXEL-OR-INVISIBLE POLICY: suppress the vanilla 2D building sprite
                    // for every eligible building up-front (zero its render scale). If the
                    // voxel mesh isn't ready / far LOD, nothing draws — never a billboard.
                    // BuildingRenderData has no has_normal_render; scales[i]=0 hides the
                    // sprite quad without nulling main_sprites (downstream chokes on null).
                    // Snapshot the original sprite scale FIRST — the voxel mesh below needs it.
                    Vector3 origScale = rd.scales[i];
                    rd.scales[i] = Vector3.zero;

                    if (tier == WorldSphereMod.LOD.LodTier.Cull)
                    {
                        // FAR TIER = CULL. Sprite already suppressed → building invisible at
                        // distance rather than the flat fallback tier.
                        skippedLod++;
                        continue;
                    }

                    // Near tier: emit the full voxel mesh via the shared VoxelMeshCache.
                    Mesh m = VoxelMeshCache.Get(sp);
                    // Not ready / empty → invisible until built. Sprite already suppressed.
                    if (m == null || m.vertexCount == 0)
                    {
                        RenderErrorRegistry.Record(RenderErrorType.VoxelNotReady,
                            b.asset != null ? b.asset.id : "<building>",
                            "voxel mesh null/empty (async build pending) sprite=" + sp.name, cullPos);
                        skippedMeshNull++;
                        continue;
                    }

                    Vector3 pos = rd.positions[i];
                    if (pos.z < Constants.ZDisplacement * 0.5f)
                    {
                        pos = pos.To3DTileHeight(false);
                    }
                    Vector3 rot = rd.rotations[i];
                    Vector3 scl = origScale;
                    if (rd.flip_x_states[i]) scl.x = -scl.x;
                    scl.z = scl.x;
                    // Lift mesh center up by half world-space height (same fix as
                    // ActorVoxelEmit): without it, mesh center sits at To3DTileHeight,
                    // which embeds half the mesh inside the terrain/foundation voxel.
                    scl *= Core.savedSettings.VoxelScaleMultiplier * Core.savedSettings.BuildingVoxelScaleFactor;
                    // Clamp building voxel sprite height to prevent excessive vertical scale
                    // (e.g. 5-10 px * 16 = 80-160 uu).
                    scl.x = Mathf.Sign(scl.x) * Mathf.Min(Mathf.Abs(scl.x), BuildingMaxScale);
                    scl.y = Mathf.Min(scl.y, BuildingMaxScale);
                    scl.z = Mathf.Min(scl.z, BuildingMaxScale);
                    float bldHalfHeight = m.bounds.size.y * 0.5f * scl.y;
                    pos.y += bldHalfHeight;
                    Matrix4x4 trs = Matrix4x4.TRS(pos, Quaternion.Euler(0f, rot.y, 0f), scl);
                    if (!_buildingVoxelEmitSubmitLogged && Core.savedSettings != null && Core.savedSettings.ProfilerDump)
                    {
                        _buildingVoxelEmitSubmitLogged = true;
                        Debug.Log($"[WSM3D] BuildingVoxelEmit first submit mesh.bounds.size={m.bounds.size}, scaledBoundsSize={Vector3.Scale(m.bounds.size, scl)}");
                    }
                    // BuildingRenderData has no has_normal_render. Suppressing via scales[i]=0
                    // hides the sprite quad without nulling main_sprites (downstream
                    // calculateColoredSprite() chokes on null). Shadow sprite still draws as a
                    // ground decal under the 3D mesh — fine until Phase 5 ships real shadows.
                    if (Submit(m, trs, rd.colors[i]))
                    {
                        rd.scales[i] = Vector3.zero;
                        submitCount++;
                    }
                }
                if (!_buildingBillboardDiagLogged)
                {
                    _buildingBillboardDiagLogged = true;
                    int skipped = skippedNull + skippedPerp + skippedFrustum + skippedLod + skippedSpriteNull + skippedScaleZero + skippedMeshNull;
                    Debug.Log($"[WSM3D][BILLBOARD-DIAG] type=Building processed={processed} skipped={skipped} reason=(materialNull=0,lodCull={skippedLod},scaleZero={skippedScaleZero},spriteNull={skippedSpriteNull},meshNull={skippedMeshNull},frustumFail={skippedFrustum},null={skippedNull},perp={skippedPerp}) visibleUnitsCount={n} frustumCullerPassCount={frustumPass} batcherSubmitCount={submitCount}");
                }
            }
        }

        // Phase 1b: dropped items. No render_data[] — read Drop transform + SpriteRenderer.
        [Phase(nameof(SavedSettings.VoxelEntities))]
        [HarmonyPatch(typeof(Drop), nameof(Drop.updatePosition))]
        public static class DropVoxelEmit
        {
            [HarmonyPostfix]
            public static void EmitVoxel(Drop __instance)
            {
                if (!Core.IsWorld3D)
                {
                    return;
                }

                SpriteRenderer? sr = __instance._sprite_renderer;
                if (!Core.savedSettings.VoxelEntities)
                {
                    if (sr != null)
                    {
                        sr.enabled = true;
                    }

                    return;
                }

                if (!__instance.active || sr == null)
                {
                    return;
                }

                if (!EnsureMaterial())
                {
                    return;
                }

                Sprite? sp = sr.sprite;
                if (sp == null)
                {
                    return;
                }

                // Drop.transform.position is the 2D-engine position with z~0. The
                // FrustumCuller uses the 3D camera and expects 3D-lifted coordinates;
                // without the To3DTileHeight(false) lift, drops fall outside the
                // frustum and get culled — same class of bug as the documented
                // 2D-position vs 3D-frustum issue in ActorVoxelEmit/BuildingVoxelEmit.
                Vector3 cullPos = __instance.transform.position;
                if (cullPos.z < Constants.ZDisplacement * 0.5f)
                {
                    cullPos = cullPos.To3DTileHeight(false);
                }
                if (!WorldSphereMod.LOD.FrustumCuller.IsVisible(cullPos, 1.5f * Mathf.Max(1f, Core.savedSettings.VoxelScaleMultiplier * 0.5f)))
                {
                    // Off-screen: the vanilla frustum cull already hides the sprite. Leave
                    // sr.enabled as-is (vanilla manages off-screen); do not force a billboard.
                    sr.enabled = true;
                    return;
                }

                WorldSphereMod.LOD.LodTier tier = WorldSphereMod.LOD.LodSelector.Select(cullPos, __instance.GetHashCode());
                Color tint = sr.color;

                // VOXEL-OR-INVISIBLE POLICY: in 3D the drop is a real voxel volume or nothing.
                // Suppress the vanilla 2D SpriteRenderer up-front; only re-show nothing.
                sr.enabled = false;

                if (tier == WorldSphereMod.LOD.LodTier.Cull)
                {
                    // FAR TIER = CULL. Sprite suppressed → drop invisible at distance, never
                    // a flat fallback tier.
                    return;
                }

                Mesh? mesh = VoxelMeshCache.Get(sp, -1, true);
                // Not ready / empty → invisible until built. Sprite stays suppressed.
                if (mesh == null || mesh.vertexCount == 0)
                {
                    return;
                }

                Vector3 pos = cullPos;
                // WHY: drops share the actor scale factor so they aren't 8x oversized.
                float scale = Mathf.Max(__instance._scale, 0.01f) * Core.savedSettings.VoxelScaleMultiplier * Core.savedSettings.ActorVoxelScaleFactor;
                Vector3 scl = new Vector3(scale, scale, scale);
                scl.z = scl.x;
                float halfHeight = mesh.bounds.size.y * 0.5f * scl.y;
                pos.y += halfHeight;
                float yaw = __instance.transform.eulerAngles.y;
                Matrix4x4 trs = Matrix4x4.TRS(pos, Quaternion.Euler(0f, yaw, 0f), scl);
                // Submit the real voxel mesh. Whether or not it submits, the sprite stays
                // suppressed (set above) — voxel-or-nothing, never a billboard fallback.
                Submit(mesh, trs, tint);
            }
        }

        // Phase 1b: projectiles. Postfix on drawProjectiles after vanilla + SetProjectile transpiler.
        [Phase(nameof(SavedSettings.VoxelEntities))]
        [HarmonyPatch(typeof(QuantumSpriteLibrary), nameof(QuantumSpriteLibrary.drawProjectiles))]
        public static class ProjectileVoxelEmit
        {
            [HarmonyPostfix]
            public static void EmitVoxels(QuantumSpriteAsset pAsset)
            {
                if (!Core.IsWorld3D)
                {
                    return;
                }

                if (!Core.savedSettings.VoxelEntities)
                {
                    RestoreProjectileSprites(pAsset);
                    return;
                }

                if (!EnsureMaterial())
                {
                    return;
                }

                if (World.world == null || World.world.projectiles == null)
                {
                    return;
                }

                List<Projectile> list = World.world.projectiles.list;
                if (list == null)
                {
                    return;
                }

                for (int i = 0; i < list.Count; i++)
                {
                    Projectile projectile = list[i];
                    if (projectile == null || !projectile._alive || projectile.asset == null)
                    {
                        continue;
                    }

                    Sprite? sprite = ResolveProjectileSprite(projectile);
                    if (sprite == null)
                    {
                        continue;
                    }

                    Vector3 pos = BuildProjectileWorldPosition(projectile);
                    if (!WorldSphereMod.LOD.FrustumCuller.IsVisible(pos, 1.5f))
                    {
                        continue;
                    }

                    WorldSphereMod.LOD.LodTier tier = WorldSphereMod.LOD.LodSelector.Select(pos, projectile.GetHashCode());
                    Color tint = new Color(1f, 1f, 1f, projectile.getAlpha());
                    bool perp = Constants.PerpProjectiles.ContainsKey(projectile.asset.id);

                    // VOXEL-OR-INVISIBLE POLICY: suppress the vanilla 2D projectile sprite
                    // up-front. Far LOD / not-ready mesh → invisible, never a billboard.
                    SuppressProjectileSprite(pAsset, pos);

                    if (tier == WorldSphereMod.LOD.LodTier.Cull)
                    {
                        // FAR TIER = CULL. Sprite suppressed → projectile invisible at distance.
                        continue;
                    }

                    Mesh? mesh = VoxelMeshCache.Get(sprite, -1, true);
                    if (mesh == null || mesh.vertexCount == 0)
                    {
                        continue;
                    }

                    float scale = Mathf.Max(projectile.getCurrentScale(), 0.01f) * Core.savedSettings.VoxelScaleMultiplier;
                    Vector3 scl = new Vector3(scale, scale, scale);
                    scl.z = scl.x;
                    float halfHeight = mesh.bounds.size.y * 0.5f * scl.y;
                    pos.y += halfHeight;
                    Quaternion rot = perp
                        ? projectile.rotation
                        : Quaternion.Euler(0f, projectile.rotation.eulerAngles.y, 0f);
                    Matrix4x4 trs = Matrix4x4.TRS(pos, rot, scl);
                    if (Submit(mesh, trs, tint))
                    {
                        SuppressProjectileSprite(pAsset, pos);
                    }
                }
            }

            static Sprite? ResolveProjectileSprite(Projectile projectile)
            {
                ProjectileAsset asset = projectile.asset;
                if (asset.frames == null || asset.frames.Length == 0)
                {
                    return null;
                }

                if (asset.animated)
                {
                    return AnimationHelper.getSpriteFromList(
                        projectile.GetHashCode(),
                        asset.frames,
                        asset.animation_speed);
                }

                return asset.frames[0];
            }

            static Vector3 BuildProjectileWorldPosition(Projectile projectile)
            {
                Vector2 flat = projectile.getTransformedPositionWithHeight();
                Vector3 pos = new Vector3(flat.x, flat.y, projectile.getCurrentHeight());
                return pos.To3DTileHeight(true);
            }

            static void SuppressProjectileSprite(QuantumSpriteAsset pAsset, Vector3 worldPos)
            {
                if (pAsset?.group_system?._sprites == null)
                {
                    return;
                }

                GroupSpriteObject[] sprites = pAsset.group_system._sprites;
                for (int i = 0; i < sprites.Length; i++)
                {
                    GroupSpriteObject? obj = sprites[i];
                    if (obj == null || obj.sprite_renderer == null || !obj.sprite_renderer.enabled)
                    {
                        continue;
                    }

                    if (Vector3.SqrMagnitude(obj.m_transform.position - worldPos) > 0.25f)
                    {
                        continue;
                    }

                    obj.sprite_renderer.enabled = false;
                    return;
                }
            }

            static void RestoreProjectileSprites(QuantumSpriteAsset pAsset)
            {
                if (pAsset?.group_system?._sprites == null)
                {
                    return;
                }

                GroupSpriteObject[] sprites = pAsset.group_system._sprites;
                for (int i = 0; i < sprites.Length; i++)
                {
                    GroupSpriteObject? obj = sprites[i];
                    if (obj?.sprite_renderer != null)
                    {
                        obj.sprite_renderer.enabled = true;
                    }
                }
            }
        }
    }

    /// <summary>
    /// MonoBehaviour driver that calls <see cref="VoxelRender.Flush"/> once per frame
    /// in <c>LateUpdate</c>, after every render-data calculation has run. Attached to
    /// the mod's root GameObject in <c>Core.Init</c>.
    /// </summary>
    public sealed class VoxelFrameDriver : MonoBehaviour
    {
        static bool _lastSkeletalState = false;
        const float kCameraLookupInterval = 0.05f;
        const int kPerfSampleWindowFrames = 60;
        static float _nextCameraLookup = 0f;
        static int _perfFrameCounter;
        static float _perfDeltaTimeSum;

        void OnEnable()
        {
            // Survive scene transitions — re-parent to a dedicated root GameObject
            // owned by WSM3D + apply DontDestroyOnLoad. If we just call DDoL on
            // the current parent, Unity silently no-ops for non-root nodes.
            try
            {
                if (transform.parent != null) transform.SetParent(null, worldPositionStays: false);
                UnityEngine.Object.DontDestroyOnLoad(gameObject);
            }
            catch { }
            MeshInstanceBatcher.SetMainThread();
            // Force per-instance fallback only when explicitly requested. The
            // Standard material path now keeps INSTANCING_ON in sync before DrawMeshInstanced.
            MeshInstanceBatcher.SetFallbackPath(Core.savedSettings != null && Core.savedSettings.ForceFallbackDrawPath);
            WorldSphereMod.Lighting.SunDriver.BindMainCamera(CameraManager.MainCamera);
        }

        static float _telemetryLastTime;
        static int _instancingTelemetryFrame;

        static bool _tickDiagLogged;
        static bool _tickPerfBreakdownLogged;
        static bool _ensurePatchesDone;   // guards the one-shot EnsurePhasePatches call (#208)

        /// <summary>Per-frame voxel/FX driver; invoked from MapBox.renderStuff Harmony hook so it survives scene transitions.</summary>
        public static void TickPerFrame()
        {
            // TEMPORARY DIAGNOSTIC: one-shot log to verify TickPerFrame fires and check Harmony state
            if (!_tickDiagLogged && Core.savedSettings != null && Core.savedSettings.ProfilerDump)
            {
                _tickDiagLogged = true;
                bool hasPatcher = Core.Patcher != null;
                string patchedMethods = "N/A";
                if (hasPatcher)
                {
                    try
                    {
                        var patches = Core.Patcher.GetPatchedMethods();
                        int count = 0;
                        bool foundActorPrecalc = false;
                        bool foundBuildingPrecalc = false;
                        foreach (var m in patches)
                        {
                            count++;
                            if (m.Name == "precalculateRenderDataParallel")
                            {
                                if (m.DeclaringType?.Name == "ActorManager") foundActorPrecalc = true;
                                if (m.DeclaringType?.Name == "BuildingManager") foundBuildingPrecalc = true;
                            }
                        }
                        patchedMethods = $"total={count} ActorManager.precalcRDP={foundActorPrecalc} BuildingManager.precalcRDP={foundBuildingPrecalc}";
                    }
                    catch (System.Exception ex) { patchedMethods = $"ERROR: {ex.Message}"; }
                }
                Debug.Log($"[WSM3D][DIAG-TICK] VoxelFrameDriver.TickPerFrame FIRST CALL hasPatcher={hasPatcher} harmonyPatches=[{patchedMethods}] VoxelEntities={Core.savedSettings?.VoxelEntities} isWorld3D={Core.IsWorld3D} cacheSize={VoxelMeshCache.Count} pendingBuilds={VoxelMeshCache.PendingBuilds} queuedBuildsTotal={VoxelMeshCache.TotalBuilds}");
            }

            if (!_tickPerfBreakdownLogged && Core.savedSettings.ProfilerDump)
            {
                _tickPerfBreakdownLogged = true;
                var sw = Stopwatch.StartNew();
                double tPrepareWorld = 0.0;
                double tBeginFrame = 0.0;
                double tFrustumUpdate = 0.0;
                double tRigTick = 0.0;
                double tRigDrain = 0.0;
                double tRigUpdate = 0.0;
                double tRigClear = 0.0;
                double tPumpQueuedBuilds = 0.0;
                double tDrainCompletedBuilds = 0.0;
                double tSanityDraw = 0.0;
                double tProcGenDrain = 0.0;
                double tSunBind = 0.0;
                double tSunUpdate = 0.0;
                double tDecalTick = 0.0;
                double tEnvironmentalTick = 0.0;
                double tPostFxApply = 0.0;
                double tPostFxRefresh = 0.0;
                double tTotal;

                double Measure(System.Action action)
                {
                    long start = Stopwatch.GetTimestamp();
                    action();
                    return (Stopwatch.GetTimestamp() - start) * 1000.0 / Stopwatch.Frequency;
                }

                if (!Core.Sphere.WorldPrepared)
                {
                    tPrepareWorld = Measure(() =>
                    {
                        try { Core.Sphere.PrepareWorld(); }
                        catch (System.Exception ex) { Debug.LogError($"[WSM3D] Deferred Sphere.PrepareWorld FAILED: {ex.GetType().Name}: {ex.Message}\n{ex.StackTrace}"); }
                    });
                }

                float deltaTimePerf = Time.deltaTime;
                tBeginFrame = Measure(() =>
                {
                    _perfFrameCounter++;
                    _perfDeltaTimeSum += deltaTimePerf;
                    if (_perfFrameCounter >= kPerfSampleWindowFrames)
                    {
                        float avgFrameTime = _perfDeltaTimeSum / kPerfSampleWindowFrames;
                        float avgFps = avgFrameTime > 0f ? 1f / avgFrameTime : 0f;
                        Debug.Log($"[WSM3D][Perf] frameDeltaMs={deltaTimePerf * 1000f:F2} avg60FrameDeltaMs={avgFrameTime * 1000f:F2} avg60Fps={avgFps:F1}");
                        _perfFrameCounter = 0;
                        _perfDeltaTimeSum = 0f;
                    }
                });

                _instancingTelemetryFrame++;
                if (_instancingTelemetryFrame >= 60)
                {
                    _instancingTelemetryFrame = 0;
                    Debug.Log($"[WSM3D][Telemetry] InstancingEfficiency={MeshInstanceBatcher.InstancingEfficiency:F4} FrameBucketCount={MeshInstanceBatcher.FrameBucketCount} FrameInstances={MeshInstanceBatcher.FrameInstances}");
                }

                float nowPerf = Time.realtimeSinceStartup;
                if (nowPerf - _telemetryLastTime > 10f)
                {
                    _telemetryLastTime = nowPerf;
                    Debug.Log($"[WSM3D][Telemetry] frameMs={Time.unscaledDeltaTime * 1000:F2} drawCalls={MeshInstanceBatcher.FrameDrawCalls} instances={MeshInstanceBatcher.FrameInstances} cacheSize={VoxelMeshCache.Count} cacheHits={VoxelMeshCache.HitCount} cacheMisses={VoxelMeshCache.MissCount} submits={VoxelRender._submitDiagCount} gcMB={(System.GC.GetTotalMemory(false) / 1048576f):F1}");
                    VoxelRender._submitDiagCount = 0;
                }

                tFrustumUpdate = Measure(() =>
                {
                    if (Core.savedSettings.VoxelEntities || Core.savedSettings.ProceduralBuildings || Core.savedSettings.CrossedQuadFoliage)
                    {
                        WorldSphereMod.LOD.FrustumCuller.UpdatePlanes();
                    }
                });
                tRigTick = Measure(WorldSphereMod.Rig.RigCache.Tick);
                tRigDrain = Measure(WorldSphereMod.Rig.RigCache.DrainPendingDestroy);
                if (Core.savedSettings.SkeletalAnimation)
                {
                    tRigUpdate = Measure(WorldSphereMod.Rig.RigDriver.Update);
                }
                else if (_lastSkeletalState)
                {
                    tRigClear = Measure(() =>
                    {
                        WorldSphereMod.Rig.RigDriver.Clear();
                        _lastSkeletalState = false;
                    });
                }

                tPumpQueuedBuilds = Measure(() => WorldSphereMod.Voxel.VoxelMeshCache.PumpQueuedBuilds(8));
                tDrainCompletedBuilds = Measure(() => WorldSphereMod.Voxel.VoxelMeshCache.DrainCompletedBuilds(8));

                if (Core.savedSettings.DebugSanityCube)
                {
                    tSanityDraw = Measure(SanityTestCube.Draw);
                }

                if (Core.savedSettings.ProceduralBuildings)
                {
                    tProcGenDrain = Measure(WorldSphereMod.ProcGen.ProcGenCache.DrainPendingDestroy);
                }

                if (Time.time >= _nextCameraLookup)
                {
                    tSunBind = Measure(() =>
                    {
                        WorldSphereMod.Lighting.SunDriver.BindMainCamera(CameraManager.MainCamera);
                        _nextCameraLookup = Time.time + kCameraLookupInterval;
                    });
                }

                tSunUpdate = Measure(WorldSphereMod.Lighting.SunDriver.Update);
                tDecalTick = Measure(WorldSphereMod.Fx.DecalPool.Tick);
                tEnvironmentalTick = Measure(WorldSphereMod.Fx.Environmental.Tick);
                tPostFxApply = Measure(() =>
                {
                    bool currentPostFX = Core.savedSettings.PostFX;
                    if (currentPostFX != _lastAppliedPostFX)
                    {
                        _lastAppliedPostFX = currentPostFX;
                        WorldSphereMod.PostFx.WSM3DPostStack.ApplySetting(currentPostFX);
                    }
                });
                tPostFxRefresh = Measure(() =>
                {
                    bool currentSSAO = Core.savedSettings.SSAOEnabled;
                    if (currentSSAO != _lastAppliedSSAOEnabled)
                    {
                        _lastAppliedSSAOEnabled = currentSSAO;
                        WorldSphereMod.PostFx.WSM3DPostStack.RefreshMaterials();
                    }

                    bool currentSSGI = Core.savedSettings.SSGIEnabled;
                    if (currentSSGI != _lastAppliedSSGIEnabled)
                    {
                        _lastAppliedSSGIEnabled = currentSSGI;
                        WorldSphereMod.PostFx.WSM3DPostStack.RefreshMaterials();
                    }
                });

                tTotal = sw.Elapsed.TotalMilliseconds;
                Debug.Log(
                    "[WSM3D][PerfBreakdown] " +
                    $"total={tTotal:F2}ms " +
                    $"PrepareWorld={tPrepareWorld:F2}ms " +
                    $"BeginFrame={tBeginFrame:F2}ms " +
                    $"FrustumUpdate={tFrustumUpdate:F2}ms " +
                    $"RigTick={tRigTick:F2}ms " +
                    $"RigDrain={tRigDrain:F2}ms " +
                    $"RigUpdate={tRigUpdate:F2}ms " +
                    $"RigClear={tRigClear:F2}ms " +
                    $"PumpQueuedBuilds={tPumpQueuedBuilds:F2}ms " +
                    $"DrainCompletedBuilds={tDrainCompletedBuilds:F2}ms " +
                    $"SanityDraw={tSanityDraw:F2}ms " +
                    $"ProcGenDrain={tProcGenDrain:F2}ms " +
                    $"SunBind={tSunBind:F2}ms " +
                    $"SunUpdate={tSunUpdate:F2}ms " +
                    $"DecalTick={tDecalTick:F2}ms " +
                    $"EnvironmentalTick={tEnvironmentalTick:F2}ms " +
                    $"PostFxApply={tPostFxApply:F2}ms " +
                    $"PostFxRefresh={tPostFxRefresh:F2}ms");
                return;
            }

            if (Core.ClearVoxelMeshCacheOnFirstFrame)
            {
                Core.ClearVoxelMeshCacheOnFirstFrame = false;
                try { VoxelMeshCache.Clear(); } catch (System.Exception ex) { Debug.LogWarning("[WSM3D] First-frame VoxelMeshCache.Clear failed: " + ex.Message); }
            }

            // Deferred world-state init: NML sometimes skips PostInit when a
            // save loads before the post-init phase runs. PrepareAssets was
            // already called in Init, but PrepareWorld needs World.world which
            // may not have existed then. Catch it here on the first frame
            // where the world is ready.
            if (!Core.Sphere.WorldPrepared)
            {
                try { Core.Sphere.PrepareWorld(); }
                catch (System.Exception ex) { Debug.LogError($"[WSM3D] Deferred Sphere.PrepareWorld FAILED: {ex.GetType().Name}: {ex.Message}\n{ex.StackTrace}"); }
            }
            // Belt-and-suspenders: re-apply phase patches on the FIRST tick only, in case
            // NML skipped PostInit on a save-load path. _ensurePatchesDone is a dedicated
            // one-shot flag so this never fires on subsequent frames — EnsurePhasePatches
            // calls ApplyPhaseToggle which calls VoxelMeshCache.Clear() as a side-effect,
            // and running that every frame was the cause of voxelCacheSize=0 + frameMs=400.
            // (#208 voxel-cache-clear-every-frame root cause)
            if (!_ensurePatchesDone)
            {
                _ensurePatchesDone = true;
                try { Core.EnsurePhasePatches(); }
                catch (System.Exception ex) { Debug.LogWarning("[WSM3D] TickPerFrame EnsurePhasePatches failed: " + ex.Message); }
            }

            float deltaTime = Time.deltaTime;
            _perfFrameCounter++;
            _perfDeltaTimeSum += deltaTime;
            if (_perfFrameCounter >= kPerfSampleWindowFrames)
            {
                float avgFrameTime = _perfDeltaTimeSum / kPerfSampleWindowFrames;
                float avgFps = avgFrameTime > 0f ? 1f / avgFrameTime : 0f;
                if (Core.savedSettings.ProfilerDump)
                    Debug.Log($"[WSM3D][Perf] frameDeltaMs={deltaTime * 1000f:F2} avg60FrameDeltaMs={avgFrameTime * 1000f:F2} avg60Fps={avgFps:F1}");
                _perfFrameCounter = 0;
                _perfDeltaTimeSum = 0f;
            }

            _instancingTelemetryFrame++;
            if (_instancingTelemetryFrame >= 60)
            {
                _instancingTelemetryFrame = 0;
                if (Core.savedSettings.ProfilerDump)
                    Debug.Log($"[WSM3D][Telemetry] InstancingEfficiency={MeshInstanceBatcher.InstancingEfficiency:F4} FrameBucketCount={MeshInstanceBatcher.FrameBucketCount} FrameInstances={MeshInstanceBatcher.FrameInstances}");
            }

            // Log-based telemetry every 10s — bypasses bridge for steady-state observability
            // even when bridge is in scene-transition known-issue state.
            float now = Time.realtimeSinceStartup;
            if (now - _telemetryLastTime > 10f)
            {
                _telemetryLastTime = now;
                if (Core.savedSettings.ProfilerDump)
                    Debug.Log($"[WSM3D][Telemetry] frameMs={Time.unscaledDeltaTime * 1000:F2} drawCalls={MeshInstanceBatcher.FrameDrawCalls} instances={MeshInstanceBatcher.FrameInstances} cacheSize={VoxelMeshCache.Count} cacheHits={VoxelMeshCache.HitCount} cacheMisses={VoxelMeshCache.MissCount} submits={VoxelRender._submitDiagCount} gcMB={(System.GC.GetTotalMemory(false) / 1048576f):F1}");
                VoxelRender._submitDiagCount = 0;
            }

            WorldSphereMod.Voxel.VoxelMeshCache.BeginFrame();

            bool hasRenderWork = Core.savedSettings.VoxelEntities || Core.savedSettings.ProceduralBuildings || Core.savedSettings.CrossedQuadFoliage;
            if (hasRenderWork)
            {
                WorldSphereMod.LOD.FrustumCuller.UpdatePlanes();
            }

            WorldSphereMod.Rig.RigCache.Tick();
            WorldSphereMod.Rig.RigCache.DrainPendingDestroy();
            if (Core.savedSettings.SkeletalAnimation)
            {
                if (_lastSkeletalState == false)
                {
                    _lastSkeletalState = true;
                }
                WorldSphereMod.Rig.RigDriver.Update();
            }
            else if (_lastSkeletalState)
            {
                // Edge transition true->false. Dispose stale SkinnedMeshRenderer
                // instances ONCE so they don't animate with garbage bone matrices
                // (dragonfly-legs bug). Per-frame Clear would freeze the load.
                WorldSphereMod.Rig.RigDriver.Clear();
                _lastSkeletalState = false;
            }

            // Flush runs in LateUpdate after all emit postfixes for this frame.

            // Frame-time budget: when the previous frame was slow, reduce
            // background work to keep the render loop responsive. Adapt the
            // pump budget based on how much headroom we have.
            float lastFrameMs = Time.unscaledDeltaTime * 1000f;
            bool frameBudgetTight = lastFrameMs > 20f;
            int pumpBudget = frameBudgetTight ? 2 : 8;

            WorldSphereMod.Voxel.VoxelMeshCache.PumpQueuedBuilds(pumpBudget);
            WorldSphereMod.Voxel.VoxelMeshCache.DrainCompletedBuilds(frameBudgetTight ? 4 : 8);
            WorldSphereMod.Voxel.VoxelDiskCache.TickFlush();

            if (Core.savedSettings.DebugSanityCube)
            {
                SanityTestCube.Draw();
            }

            // Visual sink: draw this frame's typed ERROR-prop markers (gated by RenderErrorProps)
            // BEFORE Flush so they batch with the frame's other voxel submissions. Then emit the
            // low-frequency structured [ERRORS] summary (throttled on-change / interval inside).
            WorldSphereMod.Voxel.RenderErrorMarkers.DrawQueued();
            WorldSphereMod.Voxel.RenderErrorRegistry.MaybeEmitSummary();

            if (Core.savedSettings.ProceduralBuildings)
            {
                WorldSphereMod.ProcGen.ProcGenCache.DrainPendingDestroy();
            }

            if (Time.time >= _nextCameraLookup)
            {
                WorldSphereMod.Lighting.SunDriver.BindMainCamera(CameraManager.MainCamera);
                _nextCameraLookup = Time.time + kCameraLookupInterval;
            }

            WorldSphereMod.Lighting.SunDriver.Update();

            // Skip cosmetic FX ticks when frame budget is tight
            if (!frameBudgetTight)
            {
                WorldSphereMod.Fx.DecalPool.Tick();
            }

            WorldSphereMod.Fx.Environmental.Tick();

            // CRITICAL: do NOT call ApplySetting every frame. The post stack may rebuild
            // resources or log on state changes; reconcile only on change (bridge/API
            // edits, load-order races). ApplyPhaseToggle also invokes ApplySetting immediately.
            bool currentPostFX = Core.savedSettings.PostFX;
            if (currentPostFX != _lastAppliedPostFX)
            {
                _lastAppliedPostFX = currentPostFX;
                WorldSphereMod.PostFx.WSM3DPostStack.ApplySetting(currentPostFX);
            }

            bool currentSSAO = Core.savedSettings.SSAOEnabled;
            if (currentSSAO != _lastAppliedSSAOEnabled)
            {
                _lastAppliedSSAOEnabled = currentSSAO;
                WorldSphereMod.PostFx.WSM3DPostStack.RefreshMaterials();
            }

            bool currentSSGI = Core.savedSettings.SSGIEnabled;
            if (currentSSGI != _lastAppliedSSGIEnabled)
            {
                _lastAppliedSSGIEnabled = currentSSGI;
                WorldSphereMod.PostFx.WSM3DPostStack.RefreshMaterials();
            }
        }

        // Pre-emit work runs from MapBox.renderStuff (Harmony); flush must run after emit
        // postfixes, so LateUpdate remains the end-of-frame sink.
        static int _submitFlushDiagFrame;
        void LateUpdate()
        {
            // Re-create bridge every frame so it survives scene transitions
            // even when the Harmony postfix on MapBox.renderStuff doesn't fire.
            Bridge.BridgeServer.EnsureCreated();
            Bridge.BridgeServer.DrainStaticQueue();

            // BUG FIX (drawCalls=0 most frames): previously gated on
            // MeshInstanceBatcher.HasPendingSubmissions, but BridgeServer.cs:160
            // also calls VoxelRender.Flush() which can drain buckets BEFORE
            // this LateUpdate runs. If buckets are drained, HasPendingSubmissions
            // can return false even when a Postfix has submits in flight to the
            // ConcurrentQueue this frame — and we'd skip Flush, producing
            // drawCalls=0 telemetry. Always call Flush so this frame's submits
            // get drawn before the camera renders. The reference to
            // HasPendingSubmissions below is retained (now an observability
            // snapshot) to satisfy source invariants that pin the reference in
            // LateUpdate.
            bool hadPending = MeshInstanceBatcher.HasPendingSubmissions;
            int submitsBeforeFlush = Volatile.Read(ref MeshInstanceBatcher._submitCountThisFrame);
            VoxelRender.Flush();
            VoxelRender.FlushQueuedActorSpriteCards();
            if (Core.savedSettings?.ProceduralBuildings == true)
            {
                Material? procBuildingMaterial = VoxelRender.GetResolvedMaterial();
                WorldSphereMod.ProcGen.BuildingProcRender.ProcMeshEmit.FlushQueuedBuildingDraws(
                    procBuildingMaterial,
                    out _,
                    out _);
            }
            VoxelMeshCache.DrainPendingDestroy();

            // Per-frame Submit/Flush diagnostic. Snapshot live counters and reset.
            int submitCount = Interlocked.Exchange(ref MeshInstanceBatcher._submitCountThisFrame, 0);
            int flushCount = Interlocked.Exchange(ref MeshInstanceBatcher._flushCountThisFrame, 0);
            MeshInstanceBatcher.LastFrameSubmitCount = submitCount;
            MeshInstanceBatcher.LastFrameFlushCount = flushCount;
            _submitFlushDiagFrame++;
            if (_submitFlushDiagFrame % 60 == 0 && Core.savedSettings.ProfilerDump)
            {
                Debug.Log($"[WSM3D][SubmitFlushDiag] frame={_submitFlushDiagFrame} submits={submitCount} flushes={flushCount} submitsBeforeFlush={submitsBeforeFlush} hadPending={hadPending} drawCalls={MeshInstanceBatcher.FrameDrawCalls} instances={MeshInstanceBatcher.FrameInstances} buckets={MeshInstanceBatcher.FrameBucketCount}");
            }

            Bridge.BridgeServer.RefreshTelemetryCache();
        }

        static bool _lastAppliedPostFX = false;
        static bool _lastAppliedSSAOEnabled = false;
        static bool _lastAppliedSSGIEnabled = false;
    }
}
" to contain ""Sprites/Default"" because VoxelRender.EnsureMaterial must exclude Sprites/Default — it's a dummy fallback.
  Stack Trace:
     at FluentAssertions.Primitives.StringAssertions`1.NotContain(String unexpected, String because, Object[] becauseArgs)
   at SourceContentInvariantsTests.VoxelRender_cs_EnsureMaterial_excludes_default_sprites_and_hidden_colored() in E:\Dev\WorldSphereMod\tests\WorldSphereMod.Tests.E2E\SourceContentInvariantsTests.cs:line 371
   at System.RuntimeMethodHandle.InvokeMethod(Object target, Void** arguments, Signature sig, Boolean isConstructor)
   at System.Reflection.MethodBaseInvoker.InvokeWithNoArgs(Object obj, BindingFlags invokeAttr)
[xUnit.net 00:00:04.26]     BuildingStyleProcgenInvariantsTests.BuildingProcRender_style_procgen_branch_selects_architecture_vs_voxel_mesh_cache [FAIL]
[xUnit.net 00:00:04.26]     LodPhase10InvariantsTests.Mod_OnLoad_enables_cull_only_when_compute_indirect_unsupported [FAIL]
[xUnit.net 00:00:04.27]     VoxelPipelineRegressionTests.Core_shader_load_list_matches_SafeShaders_exactly [FAIL]
  Failed BuildingStyleProcgenInvariantsTests.BuildingProcRender_style_procgen_branch_selects_architecture_vs_voxel_mesh_cache [5 ms]
  Error Message:
   Expected emitBody "
                bool isWorld3D = Core.IsWorld3D;
                bool proceduralBuildings = Core.savedSettings?.ProceduralBuildings ?? false;
                int visibleBuildingCount = __instance == null ? -1 : __instance._visible_buildings_count;
                if (!isWorld3D)
                {
                    LogEarlyReturn("!IsWorld3D", isWorld3D, proceduralBuildings, visibleBuildingCount);
                    return;
                }

                if (!proceduralBuildings)
                {
                    LogEarlyReturn("!ProceduralBuildings", isWorld3D, proceduralBuildings, visibleBuildingCount);
                    return;
                }

                Material? procBuildingMaterial = VoxelRender.GetResolvedMaterial();
                if (procBuildingMaterial == null)
                {
                    LogEarlyReturn("procBuildingMaterial == null", isWorld3D, proceduralBuildings, visibleBuildingCount);
                    return;
                }

                // Double-buffer: clear BACK at emit start; emit fills back; swap to FRONT at end.
                lock (_buildingBufLock)
                {
                    foreach (var b in _buildingDrawBatches.Values) b.Clear();
                }

                var rd = __instance.render_data;
                var arr = __instance._array_visible_buildings;
                int n = __instance._visible_buildings_count;

                // IDLE FAST-PATH (#208 fps): when the visible-building set is unchanged
                // (no spawn / despawn / building moved into frustum or out), skip the
                // per-building procgen mesh cycle entirely. The FRONT draw buffers are
                // still re-emitted by FlushQueuedBuildingDraws every frame from the last
                // good emit, so visuals are stable. Re-emit fires next frame when count
                // differs OR sampled building asset id changes.
                if (arr != null && n > 0 && n == _lastVisibleBuildingsCount)
                {
                    ulong h = ComputeVisibleBuildingsHash(arr, n);
                    if (h == _lastVisibleBuildingsHash)
                    {
                        _skippedStaticFrames++;
                        return;
                    }
                }
                if (arr != null && n > 0)
                {
                    _lastVisibleBuildingsHash = ComputeVisibleBuildingsHash(arr, n);
                }
                _lastVisibleBuildingsCount = n;

                bool profile = Core.savedSettings.ProfilerDump;
                Stopwatch totalSw = new Stopwatch();
                Stopwatch impostorSw = new Stopwatch();
                Stopwatch regularSw = new Stopwatch();
                int impostorCount = 0;
                int regularCount = 0;

                if (profile) totalSw.Start();

                // Per-frame budget: only process a slice of visible buildings each
                // frame, cycling through the full set. 0 = unlimited.
                int budget = Core.savedSettings.BuildingRenderBudget;
                int start = 0;
                int end = n;
                if (budget > 0 && n > budget)
                {
                    if (_budgetOffset >= n) _budgetOffset = 0;
                    start = _budgetOffset;
                    end = UnityEngine.Mathf.Min(start + budget, n);
                    _budgetOffset = end >= n ? 0 : end;
                }

                for (int i = start; i < end; i++)
                {
                    Building b = arr[i];
                    if (b == null || b.asset == null) continue;
                    if (Constants.PerpBuildings.ContainsKey(b.asset.id)) continue;

                    Vector3 cullPos = rd.positions[i];
                    if (cullPos.z < Constants.ZDisplacement * 0.5f)
                    {
                        cullPos = cullPos.To3DTileHeight(false);
                    }
                    if (!WorldSphereMod.LOD.FrustumCuller.IsVisible(cullPos, 2f))
                    {
                        continue;
                    }
                    // Distance-gate (#208): skip far buildings entirely. The camera
                    // getter is Vector2 in WSM3D (see 3DCamera.cs:131), so we lift it
                    // to a Vector3 in the XZ plane to match cullPos (tile→world coords
                    // via To3DTileHeight above). sqrMagnitude avoids a sqrt per building;
                    // maxDist is in tile-units (RenderRange rows * VoxelScaleMultiplier).
                    float maxDist = Core.savedSettings != null ? Core.savedSettings.RenderRange * Core.savedSettings.VoxelScaleMultiplier : 16f;
                    Vector3 camPos = new Vector3(WorldSphereMod.NewCamera.CameraManager.Position.x, cullPos.y, WorldSphereMod.NewCamera.CameraManager.Position.y);
                    float sqrDist = (cullPos - camPos).sqrMagnitude;
                    if (sqrDist > maxDist * maxDist)
                    {
                        continue;
                    }
                    // Unified building scale: same multiplication the legacy (non-procgen)
                    // path applies below (`scl *= VoxelScaleMultiplier * BuildingVoxelScaleFactor`).
                    // BuildingSize is NOT folded in here — it was double-counting with the
                    // rd.scales[i] upstream sprite scale and made procgen buildings ~2× smaller
                    // than voxel-path buildings for the same asset. (#208)
                    float buildingScale = Core.savedSettings.VoxelScaleMultiplier * Core.savedSettings.BuildingVoxelScaleFactor;
                    WorldSphereMod.LOD.LodTier tier = WorldSphereMod.LOD.LodSelector.SelectForBuilding(
                        cullPos,
                        b.GetHashCode(),
                        buildingScale);
                    bool submitted = false;

                    if (tier == WorldSphereMod.LOD.LodTier.Cull)
                    {
                        rd.scales[i] = Vector3.zero;
                        if (profile) impostorSw.Start();
                        try
                        {
                            // FAR TIER = CULL, NEVER A BILLBOARD. Matching the actor/drop/
                            // projectile voxel paths (VoxelRender), distant buildings render
                            // NOTHING rather than a flat camera-facing impostor quad. The
                            // ImpostorBillboard cache is removed entirely. Near buildings still
                            // voxelize through the regular branch below; the vanilla 2D sprite
                            // for this building is suppressed via scales[i]=0 there, but at the
                            // Impostor tier we simply skip the submit so it's invisible at range.
                            _ = i;
                        }
                        finally
                        {
                            if (profile)
                            {
                                impostorSw.Stop();
                                impostorCount++;
                            }
                        }
                    }
                    else
                    {
                        if (profile) regularSw.Start();
                        try
                        {
                            BuildingRules rules = BuildingRulesRegistry.Resolve(b.asset.id);

                            Vector3 pos = rd.positions[i];
                            Vector3 rawPos = pos;
                            if (pos.z < Constants.ZDisplacement * 0.5f)
                            {
                                pos = pos.To3DTileHeight(false);
                            }
                            float renderRange = Core.savedSettings.RenderRange;
                            if (pos.sqrMagnitude > renderRange * renderRange * 4f)
                            {
                                continue;
                            }
                            Vector3 rot = rd.rotations[i];
                            Vector3 scl = rd.scales[i];
                            if (rd.flip_x_states[i]) scl.x = -scl.x;
                            scl.z = scl.x;
                            scl *= Core.savedSettings.VoxelScaleMultiplier * Core.savedSettings.BuildingVoxelScaleFactor;
                            Sprite? sp = rd.main_sprites[i];
                            if (sp == null) continue;
                            Matrix4x4 legacyTrs = Matrix4x4.TRS(pos, Quaternion.Euler(0f, rot.y, 0f), scl);

                            if (rules.Shape == BuildingShape.CrossedQuad || rules.Shape == BuildingShape.Single)
                            {
                                // VOXEL-OR-INVISIBLE (user, 2026-05-30): these foliage-tier
                                // building assets (trees/bushes flagged CrossedQuad, rocks/
                                // ground decals flagged Single) are REAL voxel volumes now —
                                // never crossed-quad billboards. CrossedQuad → OrganicBlob puff;
                                // Single → flat ground decal. The crossed-quad mesh path is gone.
                                LogFirstBuildingPos(rawPos, pos, scl);
                                if (!FoliageDensity.ShouldRender(rawPos, b.asset.id, Core.savedSettings.FoliageDensity))
                                {
                                    rd.scales[i] = Vector3.zero;
                                    continue;
                                }
                                Matrix4x4 trs = legacyTrs;
                                if (!FoliageMaterial.EnsureMaterial()) continue;
                                ShapeHint hint = rules.Shape == BuildingShape.Single
                                    ? ShapeHint.Flat
                                    : ShapeHint.OrganicBlob;
                                Mesh? fm = VoxelMeshCache.Get(sp, hint);
                                if (fm == null || fm.vertexCount == 0) continue;
                                Material? mat = FoliageMaterial.Get();
                                if (mat == null) continue;
                                if (!MeshInstanceBatcher.InstancingBroken)
                                {
                                    MeshInstanceBatcher.Submit(fm, mat, trs, Color.white);
                                    submitted = true;
                                }
                            }
                            else
                            {
                                if (Core.savedSettings.BuildingStyleProcgen)
                                {
                                    LogFirstBuildingPos(rawPos, pos, scl);
                                    Mesh? m = ProcGenCache.GetOrGenerate(b.asset, rules);
                                    if (m == null) continue;
                                float procScale = buildingScale;
                                    if (rd.flip_x_states[i]) procScale = -procScale;
                                    Matrix4x4 procTrs = Matrix4x4.TRS(pos, Quaternion.Euler(0f, rot.y, 0f), Vector3.one * procScale);
                                    if (TryQueueBuildingDraw(m, procTrs))
                                    {
                                        submitted = true;
                                    }
                                }
                                else
                                {
                                    LogFirstBuildingPos(rawPos, pos, scl);
                                    Mesh m = VoxelMeshCache.Get(sp);
                                    if (m == null || m.vertexCount == 0) continue;
                                    if (VoxelRender.Submit(m, legacyTrs, Color.white))
                                    {
                                        submitted = true;
                                    }
                                }
                            }
                        }
                        finally
                        {
                            if (profile)
                            {
                                regularSw.Stop();
                                regularCount++;
                            }
                        }
                    }

                    if (submitted)
                    {
                        rd.scales[i] = Vector3.zero;
                    }
                }
                // Build-time queue is now rendered every Unity frame from the shared
                // VoxelRender LateUpdate sink so DrawMeshInstanced is not tied to
                // precalculateRenderDataParallel cadence.
                // DOUBLE-BUFFER SWAP: emit complete — replace FRONT (drawn every frame) with this
                // emit's BACK contents so buildings/trees stay drawn across the intermittent-emit
                // gap (no flash). Front never goes empty between emits.
                lock (_buildingBufLock)
                {
                    _buildingFront.Clear();
                    foreach (var kv in _buildingDrawBatches)
                    {
                        if (kv.Value.Count == 0) continue;
                        _buildingFront[kv.Key] = new List<Matrix4x4>(kv.Value);
                    }
                }

                if (profile)
                {
                    totalSw.Stop();
                    Debug.Log($"[WSM3D][PERF] BuildingProcRender.EmitMeshes total={totalSw.Elapsed.TotalMilliseconds:F3}ms");
                    Debug.Log($"[WSM3D][PERF] BuildingProcRender.EmitMeshes.Impostor={impostorSw.Elapsed.TotalMilliseconds:F3}ms count={impostorCount}");
                    Debug.Log($"[WSM3D][PERF] BuildingProcRender.EmitMeshes.Regular={regularSw.Elapsed.TotalMilliseconds:F3}ms count={regularCount}");
                }
            " to contain "VoxelRender.Submit(m, trs, Color.white)" because both branches must submit through the shared voxel render path.
  Stack Trace:
     at FluentAssertions.Primitives.StringAssertions`1.Contain(String expected, String because, Object[] becauseArgs)
   at BuildingStyleProcgenInvariantsTests.BuildingProcRender_style_procgen_branch_selects_architecture_vs_voxel_mesh_cache() in E:\Dev\WorldSphereMod\tests\WorldSphereMod.Tests.E2E\BuildingStyleProcgenInvariantsTests.cs:line 108
   at System.RuntimeMethodHandle.InvokeMethod(Object target, Void** arguments, Signature sig, Boolean isConstructor)
   at System.Reflection.MethodBaseInvoker.InvokeWithNoArgs(Object obj, BindingFlags invokeAttr)
  Failed LodPhase10InvariantsTests.Mod_OnLoad_enables_cull_only_when_compute_indirect_unsupported [2 ms]
  Error Message:
   Expected mod "using CompoundSpheres;
using NeoModLoader.api;
using NeoModLoader.constants;
using NeoModLoader.utils;
using System.Collections;
using System.IO;
using System.Reflection;
using UnityEngine;
using WorldSphereMod;
public class Mod : MonoBehaviour, IMod, IStagedLoad, ILocalizable
{
    private const string PerfBuildTag = "wsm3d-perf-208-hfquiet-v1";
    public ModDeclare GetDeclaration()
    {
        return declare;
    }
    public GameObject GetGameObject()
    {
        return Object;
    }
    public void OnLoad(ModDeclare pModDecl, GameObject pGameObject)
    {
        declare = pModDecl;
        Object = pGameObject;
        WorldSphereMod.Rig.RigDriver.Clear();
        Debug.Log($"[WSM3D][PERF] banner={PerfBuildTag}");
        if (!SystemInfo.supportsInstancing)
        {
            throw new IncompatibleHardwareException();
        }
        if (!SystemInfo.supportsComputeShaders || !SystemInfo.supportsIndirectArgumentsBuffer)
        {
            Debug.LogWarning("[WSM3D] Compute/IndirectArgs not supported; impostor-only mode.");
            WorldSphereMod.LOD.LodSelector.FallbackOnlyMode = true;
        }
        WorldSphereMod.Bridge.BridgeServer.EnsureCreated();
        IsAutoTest = System.Environment.GetEnvironmentVariable("WSM3D_AUTOTEST") == "1"
                    || (Core.savedSettings != null && Core.savedSettings.AutoTest);
    }

    public static void LogAssetBundleInventory(WrappedAssetBundle bundle)
    {
        if (bundle == null)
        {
            return;
        }

        var assetBundleField = typeof(WrappedAssetBundle).GetField("assetBundle", BindingFlags.NonPublic | BindingFlags.Instance);
        var assetBundle = assetBundleField?.GetValue(bundle);
        if (assetBundle == null)
        {
            return;
        }

        var loadAllAssets = assetBundle.GetType().GetMethod("LoadAllAssets", BindingFlags.Public | BindingFlags.Instance, null, System.Type.EmptyTypes, null);
        var assets = loadAllAssets?.Invoke(assetBundle, null) as UnityEngine.Object[];
        if (assets == null)
        {
            return;
        }

        foreach (var asset in assets)
        {
            Debug.Log("[WSM3D] worldsphere bundle asset: " + asset.name);
        }
    }

    public string GetUrl()
    {
        return "https://github.com/MelvinShwuaner?tab=repositories";
    }

    public void Init()
    {
        InitProfiler.Measure("Core.Init", () => { try { Core.Init(); } catch (System.Exception ex) { Debug.LogError("[WSM3D] Core.Init FAILED: " + ex + System.Environment.NewLine + ex.StackTrace); } });
        bool profileMode = false;
        foreach (var arg in System.Environment.GetCommandLineArgs())
        {
            if (string.Equals(arg, "--profile-mode", System.StringComparison.OrdinalIgnoreCase))
            {
                profileMode = true;
                break;
            }
        }
        if (profileMode && !Core.savedSettings.ProfilerDump)
        {
            Core.savedSettings.ProfilerDump = true;
            Core.SaveSettings();
            Debug.Log("[WSM3D] --profile-mode detected; enabling ProfilerDump for overlay and frame profiler.");
        }
        if (Object != null)
        {
            InitProfiler.Measure("ScheduleDeferredInit", ScheduleDeferredInit);
        }
    }

    void ScheduleDeferredInit()
    {
        if (Object == null || Object.GetComponent<DeferredInitRunner>() != null)
        {
            return;
        }

        Object.AddComponent<DeferredInitRunner>();
    }

    sealed class DeferredInitRunner : MonoBehaviour
    {
        bool _started;

        void Awake()
        {
            if (_started)
            {
                return;
            }

            _started = true;
            StartCoroutine(Run());
        }

        IEnumerator Run()
        {
            yield return null;

            // Phase 1: per-frame flush driver for batched voxel mesh draw calls.
            // No-op when SavedSettings.VoxelEntities is false (Flush early-returns
            // until a material is resolved on first Submit).
            if (Object != null && Object.GetComponent<WorldSphereMod.Voxel.VoxelFrameDriver>() == null)
            {
                InitProfiler.Measure("AddComponent: VoxelFrameDriver", () =>
                {
                    try { Object.AddComponent<WorldSphereMod.Voxel.VoxelFrameDriver>(); } catch (System.Exception ex) { Debug.LogError("[WSM3D] VoxelFrameDriver FAILED: " + ex); }
                });
                yield return null;
            }
            if (Object != null && Object.GetComponent<WorldSphereMod.Perf.ProfilerFrameDriver>() == null)
            {
                InitProfiler.Measure("AddComponent: ProfilerFrameDriver", () =>
                {
                    Object.AddComponent<WorldSphereMod.Perf.ProfilerFrameDriver>();
                });
                yield return null;
            }
            if (Object != null && Object.GetComponent<WorldSphereMod.Foliage.WindSwayDriver>() == null)
            {
                InitProfiler.Measure("AddComponent: WindSwayDriver", () =>
                {
                    Object.AddComponent<WorldSphereMod.Foliage.WindSwayDriver>();
                });
                yield return null;
            }
            // Phase 7 Step 1: rig-tracker MonoBehaviour. EnsureCreated is idempotent
            // and gated on IsWorld3D && WorldspaceUI internally.
            InitProfiler.Measure("EnsureCreated: WorldUIRenderer", () => { try { WorldSphereMod.Worldspace.WorldUIRenderer.EnsureCreated(); } catch (System.Exception ex) { Debug.LogError("[WSM3D] WorldUIRenderer FAILED: " + ex); } });
            yield return null;
            if (Core.savedSettings != null && Core.savedSettings.ProfilerDump)
            {
                InitProfiler.Measure("EnsureCreated: RuntimeStatsOverlay", () => { try { WorldSphereMod.Worldspace.RuntimeStatsOverlay.EnsureCreated(); } catch (System.Exception ex) { Debug.LogError("[WSM3D] RuntimeStatsOverlay FAILED: " + ex); } });
            }
            // DebugHUD is always mounted (F8 toggles visibility); gated by
            // DebugHUDVisible flag at OnGUI time, so the per-frame cost when
            // hidden is one bool check.
            InitProfiler.Measure("EnsureCreated: DebugHUD", () => { try { WorldSphereMod.UI.DebugHUD.EnsureCreated(); } catch (System.Exception ex) { Debug.LogError("[WSM3D] DebugHUD FAILED: " + ex); } });
            InitProfiler.Measure("EnsureCreated: PhaseToast", () => { try { WorldSphereMod.Worldspace.PhaseToast.EnsureCreated(); } catch (System.Exception ex) { Debug.LogError("[WSM3D] PhaseToast FAILED: " + ex); } });
            yield return null;
            InitProfiler.Measure("EnsureCreated: TimeOfDay", () => { try { WorldSphereMod.Lighting.TimeOfDay.EnsureCreated(); } catch (System.Exception ex) { Debug.LogError("[WSM3D] TimeOfDay FAILED: " + ex); } });
            yield return null;
            InitProfiler.Measure("EnsureCreated: ProceduralSky", () => { try { WorldSphereMod.Lighting.ProceduralSky.EnsureCreated(); } catch (System.Exception ex) { Debug.LogError("[WSM3D] ProceduralSky FAILED: " + ex); } });
            yield return null;
            InitProfiler.Measure("EnsureCreated: CubemapLighting", () => { try { WorldSphereMod.Lighting.CubemapLighting.EnsureCreated(); } catch (System.Exception ex) { Debug.LogError("[WSM3D] CubemapLighting FAILED: " + ex); } });
            yield return null;
            InitProfiler.Measure("EnsureCreated: WSM3DPostStack", () => { try { WorldSphereMod.PostFx.WSM3DPostStack.EnsureCreated(); } catch (System.Exception ex) { Debug.LogError("[WSM3D] WSM3DPostStack FAILED: " + ex); } });
            yield return null;
            InitProfiler.Measure("EnsureCreated: WeatherDriver", () => { try { WorldSphereMod.Weather.WeatherDriver.EnsureCreated(); } catch (System.Exception ex) { Debug.LogError("[WSM3D] WeatherDriver FAILED: " + ex); } });
        }
    }

public void PostInit()
{
        // Re-create bridge if it died during scene transition (DontDestroyOnLoad
        // doesn't survive LoadSceneMode.Single). EnsureCreated is idempotent.
        WorldSphereMod.Bridge.BridgeServer.EnsureCreated();
        WorldSphereMod.Renderer.WSM3DRenderer.EnsureCreated();
        Core.PostInit();
        if (Object != null && Object.GetComponent<WorldSphereMod.AutoScreenshotDriver>() == null)
        {
            Object.AddComponent<WorldSphereMod.AutoScreenshotDriver>();
        }
        if (!IsAutoTest && Core.savedSettings != null && Core.savedSettings.AutoTest)
        {
            IsAutoTest = true;
        }
        if (Core.savedSettings.DebugSpawnBuildings && Object != null && Object.GetComponent<WorldSphereMod.ProcGen.DebugSpawnBuildingsDriver>() == null) Object.AddComponent<WorldSphereMod.ProcGen.DebugSpawnBuildingsDriver>();
        if (IsAutoTest && Object != null && Object.GetComponent<AutoTestDriver>() == null) Object.AddComponent<AutoTestDriver>();
        // First-run welcome: auto-open settings tab + show tooltip on fresh install.
        if (Core.IsFirstInstall && !Core.savedSettings.HasSeenWelcome && Object != null && Object.GetComponent<WorldSphereMod.FirstRunWelcome>() == null)
        {
            Object.AddComponent<WorldSphereMod.FirstRunWelcome>();
        }
    }

    public string GetLocaleFilesDirectory(ModDeclare pModDeclare)
    {
        return Path.Combine(pModDeclare.FolderPath, "Locales");
    }
    public static string ModDirectory
    {
        get
        {
            return declare.FolderPath;
        }
    }

    public static GameObject Object;
    public static bool IsAutoTest;
    static ModDeclare declare;
}

" to contain "LodSelector.ImpostorOnlyMode = true" because hardware without compute/indirect must force the cull-only compatibility path.
  Stack Trace:
     at FluentAssertions.Primitives.StringAssertions`1.Contain(String expected, String because, Object[] becauseArgs)
   at LodPhase10InvariantsTests.Mod_OnLoad_enables_cull_only_when_compute_indirect_unsupported() in E:\Dev\WorldSphereMod\tests\WorldSphereMod.Tests.E2E\LodPhase10InvariantsTests.cs:line 100
   at System.RuntimeMethodHandle.InvokeMethod(Object target, Void** arguments, Signature sig, Boolean isConstructor)
   at System.Reflection.MethodBaseInvoker.InvokeWithNoArgs(Object obj, BindingFlags invokeAttr)
  Failed VoxelPipelineRegressionTests.Core_shader_load_list_matches_SafeShaders_exactly [327 ms]
  Error Message:
   Expected shaderNames to contain exactly 7 items in any order because SafeShaders must contain EXACTLY the runtime shader load set (ADR-0013/#204 — OpaqueVertexColor + postFX/sky set, loadable now that the bundle is a valid 157KB bake), but it misses {"BrpBloom", "BrpACES", "ColorGradingLUT", "ScreenSpaceGI", "ScreenSpaceAO", "ProceduralSky"}

With configuration:
- Prefer the declared type of the members
- Compare enums by value
- Compare tuples by their properties
- Compare anonymous types by their properties
- Compare records by their members
- Include non-browsable members
- Include all non-private properties
- Include all non-private fields
- Match (JSON) member by name (or throw)
- Be strict about the order of items in byte arrays
- Without automatic conversion

  Stack Trace:
     at FluentAssertions.Collections.StringCollectionAssertions`2.BeEquivalentTo(IEnumerable`1 expectation, Func`2 config, String because, Object[] becauseArgs)
   at FluentAssertions.Collections.StringCollectionAssertions`2.BeEquivalentTo(IEnumerable`1 expectation, String because, Object[] becauseArgs)
   at VoxelPipelineRegressionTests.Core_shader_load_list_matches_SafeShaders_exactly() in E:\Dev\WorldSphereMod\tests\WorldSphereMod.Tests.E2E\VoxelPipelineRegressionTests.cs:line 292
   at System.RuntimeMethodHandle.InvokeMethod(Object target, Void** arguments, Signature sig, Boolean isConstructor)
   at System.Reflection.MethodBaseInvoker.InvokeWithNoArgs(Object obj, BindingFlags invokeAttr)
[xUnit.net 00:00:02.69]     DelegateBindingTests.Reflective_ctor_leaves_v2_members_safe_when_v1_only_host [SKIP]
[xUnit.net 00:00:02.72]     DelegateBindingTests.Reflective_ctor_binds_full_v1_surface_against_v1_host [SKIP]
[xUnit.net 00:00:02.73]     DelegateBindingTests.Reflective_ctor_binds_v2_surface_against_v2_host [SKIP]
  Skipped DelegateBindingTests.Reflective_ctor_leaves_v2_members_safe_when_v1_only_host [1 ms]
  Skipped DelegateBindingTests.Reflective_ctor_binds_full_v1_surface_against_v1_host [1 ms]
  Skipped DelegateBindingTests.Reflective_ctor_binds_v2_surface_against_v2_host [1 ms]
[xUnit.net 00:00:03.33]     InstallScriptStructureTests.Install_script_defaults_match_mod_packaging_conventions [FAIL]
[xUnit.net 00:00:03.70]     SpriteVoxelDepthExtrusionTests.VoxelMeshCache_Get_passes_unset_depth_to_build_queue [FAIL]
  Failed SpriteVoxelDepthExtrusionTests.VoxelMeshCache_Get_passes_unset_depth_to_build_queue [587 ms]
  Error Message:
   Expected source "using System;
using System.Collections.Concurrent;
using System.Collections.Generic;
using System.Threading;
using UnityEngine;
using WorldSphereMod;
using WorldSphereMod.Rig;
using Object = UnityEngine.Object;
using Debug = UnityEngine.Debug;

namespace WorldSphereMod.Voxel
{
    public enum VoxelEntityType
    {
        Unknown,
        Actor,
        Building,
        Foliage,
        Procedural,
        Effect,
        Vehicle,
        Other,
    }

    /// <summary>
    /// LRU cache of voxelized meshes keyed by <see cref="Sprite.GetInstanceID"/>. Survives
    /// world rebuilds (entries live in the static dictionary), but evicts on capacity.
    ///
    /// The cache is the only allocation site for voxel meshes — every render pass that
    /// previously assigned a <see cref="Sprite"/> to a quad should call <see cref="Get"/>
    /// instead and feed the result to <see cref="MeshInstanceBatcher"/>.
    /// </summary>
    public static class VoxelMeshCache
    {
        public const int SampleLimit = 100;
        public const int MAX_ENTRIES = 1024;
        public static int Capacity => MAX_ENTRIES;

        public sealed class MeshBoundsSnapshot
        {
            public Vector3 min;
            public Vector3 max;
        }

        public sealed class MeshInvariantsSnapshot
        {
            public int distinctTriVerts;
            public bool maxTriIndexLessThanVerts;
            public int maxTriIndex;
        }

        public sealed class MeshSnapshot
        {
            public int spriteId;
            public string spriteName;
            public string meshName;
            public int vertexCount;
            public int triangleCount;
            public MeshBoundsSnapshot bounds;
            public List<Vector3> vertices = new List<Vector3>();
            public List<int> triangles = new List<int>();
            public List<Color32> colors = new List<Color32>();
            public MeshInvariantsSnapshot invariants;
            // WHY: full CPU-side arrays captured BEFORE Mesh.UploadMeshData(true) freed the
            // readable copy; disk-cache save reads these instead of the non-readable mesh.
            public Vector3[] diskVertices;
            public int[] diskTriangles;
            public Color32[] diskColors;
            public Vector3[] diskNormals;
        }

        struct Entry
        {
            public Mesh Mesh;
            public MeshSnapshot Snapshot;
            public ulong LastFrame;
        }

        struct BuildRequest
        {
            public Sprite Sprite;
            public int Key;
            public int Depth;
            public ShapeHint ShapeHint;
        }

        struct BuildCompletion
        {
            public int Key;
            public Sprite Sprite;
            public Mesh Mesh;
            public MeshSnapshot Snapshot;
            public string InflationStyle;
            public bool BuildFailed;
        }

        static readonly object _lock = new object();
        static readonly Dictionary<int, Entry> _cache = new Dictionary<int, Entry>(1024);
        static readonly Dictionary<string, int> _nameToSpriteId = new Dictionary<string, int>();
        static readonly HashSet<int> _diagnosedSprites = new HashSet<int>();
        static readonly HashSet<int> _diagnosedShapeHints = new HashSet<int>();
        static readonly HashSet<string> _invalidVoxelStyles = new HashSet<string>(System.StringComparer.OrdinalIgnoreCase);
        static readonly ConcurrentQueue<BuildCompletion> _completedBuilds = new ConcurrentQueue<BuildCompletion>();
        static readonly ConcurrentQueue<BuildRequest> _queuedBuilds = new ConcurrentQueue<BuildRequest>();
        static readonly HashSet<int> _pendingBuilds = new HashSet<int>();
        // Evict() can't Destroy a mesh that may still be queued in the batcher for this frame;
        // queue it here and let VoxelFrameDriver drain after MeshInstanceBatcher.Flush().
        static readonly Queue<Mesh> _pendingDestroy = new Queue<Mesh>();
        static ulong _frame;
        static Mesh _placeholderMesh;
        // Per-sprite placeholder cache so each sprite shows its OWN dominant color
        // during the (possibly multi-second) async build wait, instead of every
        // actor on the map rendering as the same shared tan-gray cube.
        // Keyed by sprite InstanceID; small bounded LRU.
        static readonly Dictionary<int, Mesh> _spritePlaceholders = new Dictionary<int, Mesh>(256);
        const int kMaxSpritePlaceholders = 512;
        static long _hits;
        static long _misses;
        static long _totalBuilds;
        static int _completedBuildsThisFrame;
        static bool _pumpDiagLogged;

        /// <summary>Cumulative cache-hit count since process start (or last Clear).</summary>
        public static long HitCount => System.Threading.Interlocked.Read(ref _hits);
        /// <summary>Cumulative cache-miss count since process start (or last Clear).</summary>
        public static long MissCount => System.Threading.Interlocked.Read(ref _misses);
        /// <summary>Number of builds currently queued for background processing.</summary>
        public static int PendingBuilds
        {
            get { lock (_lock) return _pendingBuilds.Count; }
        }

        /// <summary>Number of completions that were applied in the last frame.</summary>
        public static int CompletedBuildsThisFrame => Volatile.Read(ref _completedBuildsThisFrame);
        /// <summary>Total background build requests enqueued since process start (or last Clear).</summary>
        public static long TotalBuilds => Interlocked.Read(ref _totalBuilds);

        /// <summary>Total number of meshes currently held.</summary>
        public static int Count
        {
            get { lock (_lock) return _cache.Count; }
        }

        public static bool TryDescribe(string spriteName, out MeshSnapshot snapshot)
        {
            snapshot = null;
            if (string.IsNullOrEmpty(spriteName)) return false;
            int key;
            lock (_lock)
            {
                if (_nameToSpriteId.TryGetValue(spriteName, out key))
                {
                    if (_cache.TryGetValue(key, out Entry e) && e.Snapshot != null)
                    {
                        snapshot = e.Snapshot;
                        return true;
                    }
                }
                // Fallback: scan all entries for matching snapshot.spriteName
                // Necessary when the cache entry was inserted with a different
                // Sprite instance ID than the one Bridge resolves now.
                foreach (var kvp in _cache)
                {
                    if (kvp.Value.Snapshot != null &&
                        string.Equals(kvp.Value.Snapshot.spriteName, spriteName, System.StringComparison.Ordinal))
                    {
                        // Back-fill name index for next time
                        _nameToSpriteId[spriteName] = kvp.Value.Snapshot != null ? kvp.Value.Snapshot.spriteId : key;
                        snapshot = kvp.Value.Snapshot;
                        return true;
                    }
                }
            }
            return false;
        }

        // Back-fill name index when caller resolves a Sprite outside the cache path.
        public static void RegisterSpriteName(Sprite sprite)
        {
            if (sprite == null || string.IsNullOrEmpty(sprite.name)) return;
            int key = sprite.GetInstanceID();
            lock (_lock)
            {
                if (_cache.ContainsKey(key)) _nameToSpriteId[sprite.name] = key;
            }
        }

        public static bool TryDescribe(Sprite sprite, out MeshSnapshot snapshot)
        {
            snapshot = null;
            if (sprite == null) return false;

            int key = sprite.GetInstanceID();
            lock (_lock)
            {
                foreach (var kvp in _cache)
                {
                    if (kvp.Value.Snapshot != null && kvp.Value.Snapshot.spriteId == key)
                    {
                        snapshot = kvp.Value.Snapshot;
                        return true;
                    }
                }
            }
            return false;
        }

        static int ResolveCacheKey(int spriteId, ShapeHint shapeHint, VoxelEntityType entityType)
        {
            if (entityType == VoxelEntityType.Actor && shapeHint == ShapeHint.OrganicBlob)
            {
                return spriteId == int.MinValue ? int.MinValue : -spriteId - 1;
            }
            return spriteId;
        }

        public static List<MeshSnapshot> DescribeAll()
        {
            var snapshots = new List<MeshSnapshot>();
            lock (_lock)
            {
                foreach (Entry entry in _cache.Values)
                {
                    if (entry.Snapshot != null)
                    {
                        snapshots.Add(entry.Snapshot);
                    }
                }
            }

            snapshots.Sort((a, b) =>
            {
                int nameCompare = string.CompareOrdinal(a != null ? a.spriteName : null, b != null ? b.spriteName : null);
                if (nameCompare != 0) return nameCompare;
                int idA = a != null ? a.spriteId : 0;
                int idB = b != null ? b.spriteId : 0;
                return idA.CompareTo(idB);
            });
            return snapshots;
        }

        internal static MeshSnapshot CreateSnapshot(Sprite sprite, Mesh mesh, IList<Vector3> vertices, IList<Color32> colors, IList<int> triangles)
        {
            var snapshot = new MeshSnapshot
            {
                spriteId = sprite != null ? sprite.GetInstanceID() : 0,
                spriteName = sprite != null ? sprite.name : null,
                meshName = mesh != null ? mesh.name : null,
                vertexCount = vertices != null ? vertices.Count : 0,
                triangleCount = triangles != null ? triangles.Count / 3 : 0,
                bounds = new MeshBoundsSnapshot
                {
                    min = mesh != null ? mesh.bounds.min : Vector3.zero,
                    max = mesh != null ? mesh.bounds.max : Vector3.zero,
                },
                invariants = new MeshInvariantsSnapshot
                {
                    distinctTriVerts = 0,
                    maxTriIndexLessThanVerts = true,
                    maxTriIndex = -1,
                },
            };

            int vertexSampleCount = vertices != null ? Math.Min(SampleLimit, vertices.Count) : 0;
            for (int i = 0; i < vertexSampleCount; i++)
            {
                snapshot.vertices.Add(vertices[i]);
            }

            int triangleSampleCount = triangles != null ? Math.Min(SampleLimit, triangles.Count) : 0;
            var distinctTriangleVerts = new HashSet<int>();
            int maxTriIndex = -1;
            for (int i = 0; i < triangleSampleCount; i++)
            {
                int index = triangles[i];
                snapshot.triangles.Add(index);
                distinctTriangleVerts.Add(index);
                if (index > maxTriIndex) maxTriIndex = index;
            }

            int colorSampleCount = colors != null ? Math.Min(SampleLimit, colors.Count) : 0;
            for (int i = 0; i < colorSampleCount; i++)
            {
                snapshot.colors.Add(colors[i]);
            }

            snapshot.invariants.distinctTriVerts = distinctTriangleVerts.Count;
            snapshot.invariants.maxTriIndex = maxTriIndex;
            snapshot.invariants.maxTriIndexLessThanVerts = maxTriIndex < snapshot.vertexCount;
            return snapshot;
        }

        /// <summary>Return the cached voxel mesh for <paramref name="sprite"/>, building one if missing.</summary>
        public static Mesh Get(Sprite sprite, int depth = -1, bool forceSyncBuild = false, VoxelEntityType entityType = VoxelEntityType.Unknown)
        {
            return Get(sprite, entityType == VoxelEntityType.Actor ? ShapeHint.OrganicBlob : ShapeHint.Auto, forceSyncBuild, entityType, depth);
        }

        public static Mesh Get(Sprite sprite, ShapeHint shapeHint, bool forceSyncBuild = false, VoxelEntityType entityType = VoxelEntityType.Unknown)
        {
            return Get(sprite, shapeHint, forceSyncBuild, entityType, -1);
        }

        static Mesh Get(Sprite sprite, ShapeHint shapeHint, bool forceSyncBuild, VoxelEntityType entityType, int depth)
        {
            if (sprite == null) return null;

            if (shapeHint == ShapeHint.Auto && entityType == VoxelEntityType.Actor)
            {
                shapeHint = ShapeHint.OrganicBlob;
            }

            int spriteId = sprite.GetInstanceID();
            int key = ResolveCacheKey(spriteId, shapeHint, entityType);
            lock (_lock)
            {
                if (_cache.TryGetValue(key, out var e))
                {
                    if (e.Mesh == null || e.Mesh.vertexCount == 0)
                    {
                        Mesh replacement = GetPlaceholderVoxelMesh(sprite);
                        if (replacement == null)
                        {
                            _cache.Remove(key);
                            return null;
                        }

                        e.Mesh = replacement;
                        e.LastFrame = _frame;
                        _cache[key] = e;
                        if (sprite != null && !string.IsNullOrEmpty(sprite.name)) _nameToSpriteId[sprite.name] = spriteId;
                        return replacement;
                    }
                    e.LastFrame = _frame;
                    _cache[key] = e;
                    if (sprite != null && !string.IsNullOrEmpty(sprite.name)) _nameToSpriteId[sprite.name] = spriteId;
                    System.Threading.Interlocked.Increment(ref _hits);
                    return e.Mesh;
                }
            }

            System.Threading.Interlocked.Increment(ref _misses);

            if (VoxelDiskCache.TryGetFromDisk(sprite, out Mesh diskMesh))
            {
                var diskSnapshot = CreateSnapshot(sprite, diskMesh, diskMesh.vertices, diskMesh.colors32, diskMesh.triangles);
                lock (_lock)
                {
                    _cache[key] = new Entry { Mesh = diskMesh, Snapshot = diskSnapshot, LastFrame = _frame };
                    if (!string.IsNullOrEmpty(sprite.name)) _nameToSpriteId[sprite.name] = spriteId;
                    if (_cache.Count > Capacity) Evict();
                }
                return diskMesh;
            }

            EnqueueBuild(sprite, shapeHint == ShapeHint.Auto ? depth : -1, key, shapeHint);
            return GetPlaceholderVoxelMesh(sprite);
        }

        static Mesh BuildVoxelMeshSync(Sprite sprite, int key, int depth)
        {
            BuildCompletion completion = BuildVoxelMeshAsync(new BuildRequest { Sprite = sprite, Key = key, Depth = depth, ShapeHint = ShapeHint.Auto });
            if (completion.BuildFailed || completion.Mesh == null || completion.Mesh.vertexCount == 0)
            {
                return null;
            }

            Mesh mesh = completion.Mesh;
            if (mesh != null && Core.savedSettings != null && Core.savedSettings.VoxelMeshSmoothing)
            {
                Mesh smoothed = MeshSmoother.Smooth(mesh, Core.savedSettings.SmoothingIterations);
                if (smoothed != null && !ReferenceEquals(smoothed, mesh))
                {
                    Object.DestroyImmediate(mesh);
                    mesh = smoothed;
                }
            }

            // PERF: do NOT recreate the snapshot from mesh.vertices/.colors32/.triangles.
            // The mesh had UploadMeshData(true) called, so those reads emit LogWarning
            // floods that destroy frame time. If BuildVoxelMeshAsync did not provide a
            // snapshot via its out-param path, leave it null (Bridge-only diagnostic).
            MeshSnapshot snapshot = completion.Snapshot;

            completion.Mesh = mesh;
            completion.Snapshot = snapshot;

            LogVoxelizedSprite(completion.Sprite, mesh, completion.InflationStyle);
            lock (_lock)
            {
                if (_pendingBuilds.Remove(key))
                {
                    // no-op, keep existing cache placeholder lifetime behavior
                }

                if (_cache.TryGetValue(key, out var existing))
                {
                    if (existing.Mesh != null && !IsAnyPlaceholderMesh(existing.Mesh))
                    {
                        _pendingDestroy.Enqueue(existing.Mesh);
                    }
                }

                _cache[key] = new Entry { Mesh = mesh, Snapshot = snapshot, LastFrame = _frame };
                if (sprite != null && !string.IsNullOrEmpty(sprite.name))
                {
                    _nameToSpriteId[sprite.name] = sprite.GetInstanceID();
                }
                if (_cache.Count > Capacity) Evict();
            }

            return mesh;
        }

        static void EnqueueBuild(Sprite sprite, int depth, int key, ShapeHint shapeHint = ShapeHint.Auto)
        {
            lock (_lock)
            {
                if (_cache.ContainsKey(key) || _pendingBuilds.Contains(key))
                {
                    return;
                }

                _cache[key] = new Entry { Mesh = GetPlaceholderVoxelMesh(sprite), Snapshot = null, LastFrame = _frame };
                if (sprite != null && !string.IsNullOrEmpty(sprite.name)) _nameToSpriteId[sprite.name] = sprite.GetInstanceID();
                _pendingBuilds.Add(key);
                Interlocked.Increment(ref _totalBuilds);
                if (_cache.Count > Capacity) Evict();
            }

            var request = new BuildRequest { Sprite = sprite, Key = key, Depth = depth, ShapeHint = shapeHint };
            _queuedBuilds.Enqueue(request);
        }

        /// <summary>Max milliseconds PumpQueuedBuilds may spend per frame before yielding.</summary>
        const float kPumpTimeBudgetMs = 4.0f;

        public static void PumpQueuedBuilds(int maxBuildsPerFrame = 1)
        {
            int processed = 0;
            long startTicks = System.Diagnostics.Stopwatch.GetTimestamp();
            double ticksPerMs = System.Diagnostics.Stopwatch.Frequency / 1000.0;

            while (processed < maxBuildsPerFrame && _queuedBuilds.TryDequeue(out BuildRequest request))
            {
                bool shouldBuild = true;
                lock (_lock)
                {
                    shouldBuild = _pendingBuilds.Contains(request.Key);
                }

                if (!shouldBuild)
                {
                    continue;
                }

                try
                {
                    var completion = BuildVoxelMeshAsync(request);
                    _completedBuilds.Enqueue(completion);
                }
                catch
                {
                    _completedBuilds.Enqueue(new BuildCompletion
                    {
                        Key = request.Key,
                        Sprite = request.Sprite,
                        Mesh = null,
                        Snapshot = null,
                        InflationStyle = null,
                        BuildFailed = true
                    });
                }

                processed++;

                // Time-budget guard: stop pumping if we've exceeded the budget,
                // remaining builds will be processed in subsequent frames.
                double elapsedMs = (System.Diagnostics.Stopwatch.GetTimestamp() - startTicks) / ticksPerMs;
                if (elapsedMs >= kPumpTimeBudgetMs)
                {
                    break;
                }
            }

            if (!_pumpDiagLogged && processed > 0)
            {
                _pumpDiagLogged = true;
                int queued;
                lock (_lock) { queued = _pendingBuilds.Count; }
                double totalMs = (System.Diagnostics.Stopwatch.GetTimestamp() - startTicks) / ticksPerMs;
                Debug.Log($"[WSM3D] VoxelMeshCache: {queued} pending builds, {processed} completed this frame ({totalMs:F1}ms)");
            }
        }

        static BuildCompletion BuildVoxelMeshAsync(BuildRequest request)
        {
            Mesh m = BuildVoxelMesh(request.Sprite, request.Depth, request.ShapeHint, out int[] vertexToTexel, out string inflationStyle, out MeshSnapshot snapshot);
            // PERF: do NOT call CreateSnapshot here using mesh.vertices/.colors32/.triangles —
            // SpriteVoxelizer.Build calls UploadMeshData(true) which strips the CPU copy.
            // Reading those properties post-upload triggers 4 LogWarning lines per access
            // ("Not allowed to access vertices ... isReadable is false"). Hundreds of
            // sprites × multiple frames = thousands of synchronous LogWarning -> Player.log
            // I/O calls per second, which was eating 1500-2700ms per frame (0.5 FPS).
            // The Build* methods that DO have CPU-side data should return a snapshot via
            // the out-param; otherwise leave snapshot null (it's a Bridge nice-to-have,
            // not required for rendering).
            return new BuildCompletion
            {
                Key = request.Key,
                Sprite = request.Sprite,
                Mesh = m,
                Snapshot = snapshot,
                InflationStyle = inflationStyle,
                BuildFailed = m == null || m.vertexCount == 0 || vertexToTexel == null,
            };
        }

        /// <summary>
        /// Apply up to <paramref name="maxCompletionsPerFrame"/> completed async builds.
        /// </summary>
        public static void DrainCompletedBuilds(int maxCompletionsPerFrame = 8)
        {
            int drained = 0;
            while (drained < maxCompletionsPerFrame && _completedBuilds.TryDequeue(out BuildCompletion completion))
            {
                lock (_lock)
                {
                    _pendingBuilds.Remove(completion.Key);
                }

                if (completion.BuildFailed || completion.Mesh == null || completion.Mesh.vertexCount == 0)
                {
                    // Voxel build failed — fall back to a flat-sprite quad so the
                    // actor at least shows its real sprite art instead of being
                    // stuck on the dominant-color placeholder cube forever.
                    Mesh fallbackMesh = BuildFlatSpriteMesh(completion.Sprite);
                    if (fallbackMesh == null || fallbackMesh.vertexCount == 0)
                    {
                        if (fallbackMesh != null) Object.DestroyImmediate(fallbackMesh);
                        continue;
                    }

                    lock (_lock)
                    {
                        if (_cache.TryGetValue(completion.Key, out Entry existingFb))
                        {
                            if (existingFb.Mesh != null && !IsAnyPlaceholderMesh(existingFb.Mesh))
                            {
                                _pendingDestroy.Enqueue(existingFb.Mesh);
                            }
                        }
                        _cache[completion.Key] = new Entry { Mesh = fallbackMesh, Snapshot = null, LastFrame = _frame };
                        if (completion.Sprite != null && !string.IsNullOrEmpty(completion.Sprite.name))
                        {
                            _nameToSpriteId[completion.Sprite.name] = completion.Key;
                        }
                        if (_cache.Count > Capacity) Evict();
                    }

                    Debug.LogWarning($"[WSM3D] Voxel build failed for sprite \"{(completion.Sprite != null ? completion.Sprite.name : "<null>")}\" — using flat-sprite fallback mesh.");
                    drained++;
                    continue;
                }

                Mesh mesh = completion.Mesh;
                if (mesh != null && Core.savedSettings.VoxelMeshSmoothing)
                {
                    Mesh smoothed = MeshSmoother.Smooth(mesh, Core.savedSettings.SmoothingIterations);
                    if (smoothed != null && !ReferenceEquals(smoothed, mesh))
                    {
                        Object.DestroyImmediate(mesh);
                        mesh = smoothed;
                        // Smoothed mesh still has CPU-side data (MeshSmoother reads it),
                        // so it's safe to snapshot here.
                        completion.Snapshot = CreateSnapshot(completion.Sprite, mesh, mesh.vertices, mesh.colors32, mesh.triangles);
                        // WHY: re-capture full CPU arrays from the still-readable smoothed
                        // mesh so disk-save uses them, not a later non-readable read-back.
                        completion.Snapshot.diskVertices = mesh.vertices;
                        completion.Snapshot.diskTriangles = mesh.triangles;
                        completion.Snapshot.diskColors = mesh.colors32;
                        completion.Snapshot.diskNormals = mesh.normals;
                    }
                }

                // PERF: skip the redundant snapshot rebuild. SpriteVoxelizer.Build calls
                // UploadMeshData(true) on the mesh, so reading mesh.vertices/.colors32/
                // .triangles emits 4 LogWarning lines per call ("isReadable is false").
                // BuildVoxelMeshAsync now wires the source-side snapshot via out-param;
                // a null Snapshot is acceptable (it's only used by Bridge diagnostics).

                LogVoxelizedSprite(completion.Sprite, mesh, completion.InflationStyle);
                lock (_lock)
                {
                    if (_cache.TryGetValue(completion.Key, out Entry existing))
                    {
                        if (existing.Mesh != null && !ReferenceEquals(existing.Mesh, _placeholderMesh))
                        {
                            _pendingDestroy.Enqueue(existing.Mesh);
                        }
                    }

                    _cache[completion.Key] = new Entry { Mesh = mesh, Snapshot = completion.Snapshot, LastFrame = _frame };
                    if (_cache.Count > Capacity) Evict();
                }

                // WHY: save from the CPU snapshot captured pre-upload, never from the
                // non-readable mesh. A null/dataless snapshot means no readable copy, so
                // skip the save rather than trigger an "isReadable is false" warning flood.
                if (completion.Sprite != null && !string.IsNullOrEmpty(completion.Sprite.name)
                    && completion.Snapshot != null && completion.Snapshot.diskVertices != null)
                {
                    int depth = Core.savedSettings != null ? Core.savedSettings.VoxelSpriteDepth : 8;
                    string spriteHash = VoxelDiskCache.ComputeSpriteHash(completion.Sprite);
                    VoxelDiskCache.EnqueueSave(
                        completion.Sprite.name,
                        completion.Snapshot.diskVertices,
                        completion.Snapshot.diskTriangles,
                        completion.Snapshot.diskColors,
                        completion.Snapshot.diskNormals,
                        depth,
                        completion.InflationStyle ?? "pertexel",
                        spriteHash);
                }

                drained++;
            }
            if (drained > 0)
            {
                Interlocked.Add(ref _completedBuildsThisFrame, drained);
            }
        }

        public static void BeginFrame()
        {
            Interlocked.Exchange(ref _completedBuildsThisFrame, 0);
        }

        // Caller MUST hold _lock when invoking this helper.
        static bool IsAnyPlaceholderMesh(Mesh mesh)
        {
            if (mesh == null) return false;
            if (ReferenceEquals(mesh, _placeholderMesh)) return true;
            foreach (var kv in _spritePlaceholders)
            {
                if (ReferenceEquals(kv.Value, mesh)) return true;
            }
            return false;
        }

        static Mesh GetPlaceholderVoxelMesh(Sprite sprite)
        {
            // Per-sprite colored placeholder: actors waiting for their real voxel
            // mesh at least show their sprite's dominant color instead of every
            // actor sharing one tan-gray cube. Falls back to the shared neutral
            // placeholder when sprite is null or the texture cannot be sampled.
            if (sprite != null)
            {
                int sid = sprite.GetInstanceID();
                lock (_lock)
                {
                    if (_spritePlaceholders.TryGetValue(sid, out Mesh existing) && existing != null)
                    {
                        return existing;
                    }
                }

                Mesh perSprite = BuildPlaceholderMesh(sprite);
                if (perSprite != null)
                {
                    lock (_lock)
                    {
                        if (!_spritePlaceholders.ContainsKey(sid))
                        {
                            if (_spritePlaceholders.Count >= kMaxSpritePlaceholders)
                            {
                                // Bounded eviction: drop one arbitrary placeholder. These are
                                // cheap to rebuild and the cache exists only to coalesce
                                // duplicate per-frame requests during the async build wait.
                                var firstKey = default(int);
                                foreach (var kv in _spritePlaceholders) { firstKey = kv.Key; break; }
                                if (_spritePlaceholders.TryGetValue(firstKey, out Mesh dropped) && dropped != null)
                                {
                                    _pendingDestroy.Enqueue(dropped);
                                }
                                _spritePlaceholders.Remove(firstKey);
                            }
                            _spritePlaceholders[sid] = perSprite;
                        }
                        else
                        {
                            // Lost a race; destroy the duplicate we built.
                            _pendingDestroy.Enqueue(perSprite);
                            perSprite = _spritePlaceholders[sid];
                        }
                    }
                    return perSprite;
                }
            }

            if (_placeholderMesh == null)
            {
                lock (_lock)
                {
                    if (_placeholderMesh == null)
                    {
                        _placeholderMesh = BuildPlaceholderMesh();
                    }
                }
            }

            return _placeholderMesh;
        }

        static Mesh BuildPlaceholderMesh(Sprite sprite = null)
        {
            const float h = 0.5f;
            string meshName = sprite != null && !string.IsNullOrEmpty(sprite.name)
                ? $"WSM3D.Voxel.Placeholder:{sprite.name}"
                : "WSM3D.Voxel.Placeholder";
            var mesh = new Mesh { name = meshName };
            Vector3[] vertices =
            {
                new Vector3(-h, -h, -h),
                new Vector3(h, -h, -h),
                new Vector3(h, h, -h),
                new Vector3(-h, h, -h),
                new Vector3(-h, -h, h),
                new Vector3(h, -h, h),
                new Vector3(h, h, h),
                new Vector3(-h, h, h),
                new Vector3(-h, -h, -h),
                new Vector3(-h, h, -h),
                new Vector3(-h, h, h),
                new Vector3(-h, -h, h),
                new Vector3(h, -h, -h),
                new Vector3(h, h, -h),
                new Vector3(h, h, h),
                new Vector3(h, -h, h),
                new Vector3(-h, h, -h),
                new Vector3(h, h, -h),
                new Vector3(h, h, h),
                new Vector3(-h, h, h),
                new Vector3(-h, -h, -h),
                new Vector3(h, -h, -h),
                new Vector3(h, -h, h),
                new Vector3(-h, -h, h),
            };
            int[] triangles =
            {
                0, 2, 1, 0, 3, 2,
                4, 5, 6, 4, 6, 7,
                0, 1, 5, 0, 5, 4,
                3, 7, 6, 3, 6, 2,
                0, 4, 7, 0, 7, 3,
                1, 2, 6, 1, 6, 5,
            };
            Color32[] colors = new Color32[vertices.Length];
            Color32 placeholderGray = GetDominantSpriteColor(sprite);
            for (int i = 0; i < colors.Length; i++)
            {
                colors[i] = placeholderGray;
            }

            mesh.vertices = vertices;
            mesh.triangles = triangles;
            mesh.colors32 = colors;
            mesh.RecalculateNormals();
            mesh.RecalculateBounds();
            return mesh;
        }

        /// <summary>
        /// Build a flat single-quad mesh, extruded 1 unit deep, sized to the
        /// sprite's pixel dimensions (in local space matching SpriteVoxelizer
        /// per-texel output where 1 unit = 1 texel). Used as a last-resort
        /// fallback when the real voxel build fails so the actor still shows
        /// its sprite art instead of a placeholder cube forever.
        ///
        /// UVs are set so the sprite's textureRect maps onto the front face;
        /// the mesh also bakes per-vertex colors from the sprite's dominant
        /// color so callers using vertex-color shaders still see something
        /// reasonable. The sprite texture is exposed via the mesh name (the
        /// Bridge/material wires _MainTex at draw time).
        /// </summary>
        public static Mesh BuildFlatSpriteMesh(Sprite sprite)
        {
            if (sprite == null) return null;

            // Pixel-space size (matches per-texel voxelizer coordinates so this
            // fallback drops into the same world-scale pipeline cleanly).
            Rect r = sprite.textureRect;
            float w = Mathf.Max(1f, r.width);
            float h = Mathf.Max(1f, r.height);
            float hx = w * 0.5f;
            float hy = h * 0.5f;
            const float depthHalf = 0.5f; // "1-deep" extrusion

            string meshName = !string.IsNullOrEmpty(sprite.name)
                ? $"WSM3D.Voxel.FlatSprite:{sprite.name}"
                : "WSM3D.Voxel.FlatSprite";
            var mesh = new Mesh { name = meshName };

            // Front face (z = +depthHalf), back face (z = -depthHalf), plus
            // a thin side ring so it isn't paper-thin from edge angles.
            Vector3[] vertices =
            {
                // Front quad (faces +Z)
                new Vector3(-hx, -hy,  depthHalf),
                new Vector3( hx, -hy,  depthHalf),
                new Vector3( hx,  hy,  depthHalf),
                new Vector3(-hx,  hy,  depthHalf),
                // Back quad (faces -Z)
                new Vector3(-hx, -hy, -depthHalf),
                new Vector3( hx, -hy, -depthHalf),
                new Vector3( hx,  hy, -depthHalf),
                new Vector3(-hx,  hy, -depthHalf),
            };

            int[] triangles =
            {
                // Front (CCW from +Z)
                0, 2, 1, 0, 3, 2,
                // Back (CCW from -Z)
                4, 5, 6, 4, 6, 7,
                // Sides
                0, 1, 5, 0, 5, 4, // bottom
                3, 7, 6, 3, 6, 2, // top
                0, 4, 7, 0, 7, 3, // left
                1, 2, 6, 1, 6, 5, // right
            };

            // Sprite UVs map textureRect onto the front face. Reuse the same
            // UVs for the back so flipped views still show the sprite.
            Texture tex = sprite.texture;
            float texW = tex != null ? tex.width : 1f;
            float texH = tex != null ? tex.height : 1f;
            float u0 = r.x / texW;
            float v0 = r.y / texH;
            float u1 = (r.x + r.width) / texW;
            float v1 = (r.y + r.height) / texH;

            Vector2[] uvs =
            {
                new Vector2(u0, v0),
                new Vector2(u1, v0),
                new Vector2(u1, v1),
                new Vector2(u0, v1),
                new Vector2(u0, v0),
                new Vector2(u1, v0),
                new Vector2(u1, v1),
                new Vector2(u0, v1),
            };

            // Vertex colors = dominant sprite color so shaders that multiply
            // _MainTex by COLOR (or use COLOR only) still render something.
            Color32 tint = GetDominantSpriteColor(sprite);
            Color32[] colors = new Color32[vertices.Length];
            for (int i = 0; i < colors.Length; i++) colors[i] = tint;

            mesh.vertices = vertices;
            mesh.triangles = triangles;
            mesh.uv = uvs;
            mesh.colors32 = colors;
            mesh.RecalculateNormals();
            mesh.RecalculateBounds();
            return mesh;
        }

        static Color32 GetDominantSpriteColor(Sprite sprite)
        {
            if (sprite == null || sprite.texture == null)
            {
                return new Color32(180, 160, 140, 255);
            }

            try
            {
                Rect rect = sprite.textureRect;
                int x0 = Mathf.Max(0, Mathf.FloorToInt(rect.x));
                int y0 = Mathf.Max(0, Mathf.FloorToInt(rect.y));
                int w = Mathf.Max(1, Mathf.FloorToInt(rect.width));
                int h = Mathf.Max(1, Mathf.FloorToInt(rect.height));
                Color32[] tex = SpriteVoxelizer.GetPixelsCached(sprite.texture);
                int texW = sprite.texture.width;
                var counts = new Dictionary<uint, int>();
                uint bestKey = 0;
                int bestCount = 0;

                for (int y = 0; y < h; y++)
                {
                    int row = (y0 + y) * texW + x0;
                    for (int x = 0; x < w; x++)
                    {
                        Color32 c = tex[row + x];
                        if (c.a <= 16)
                        {
                            continue;
                        }

                        uint key = QuantizeColor(c);
                        counts.TryGetValue(key, out int count);
                        count++;
                        counts[key] = count;
                        if (count > bestCount)
                        {
                            bestCount = count;
                            bestKey = key;
                        }
                    }
                }

                if (bestCount > 0)
                {
                    return DequantizeColor(bestKey);
                }
            }
            catch
            {
                // Fall through to the neutral fallback below.
            }

            return new Color32(180, 160, 140, 255);
        }

        static uint QuantizeColor(Color32 color)
        {
            uint r = (uint)(color.r >> 3);
            uint g = (uint)(color.g >> 3);
            uint b = (uint)(color.b >> 3);
            return (r << 10) | (g << 5) | b;
        }

        static Color32 DequantizeColor(uint packed)
        {
            byte r = (byte)(((packed >> 10) & 0x1F) << 3);
            byte g = (byte)(((packed >> 5) & 0x1F) << 3);
            byte b = (byte)((packed & 0x1F) << 3);
            return new Color32((byte)(r | 0x07), (byte)(g | 0x07), (byte)(b | 0x07), 255);
        }

        /// <summary>
        /// Build a voxel mesh plus per-vertex rigid bone assignment for skeletal-tier
        /// actors. Humanoid rigs use the sprite's local Y bands to split head, torso,
        /// arm, and leg voxels into one-bone skin regions.
        /// </summary>
        public static SkinnedVoxelMesh BuildWithBoneWeights(Sprite sprite, WorldSphereMod.Rig.RigType rigType)
        {
            WorldSphereMod.Rig.RigType resolvedRig = rigType == WorldSphereMod.Rig.RigType.None
                ? WorldSphereMod.Rig.RigType.Static
                : rigType;

            if (sprite == null)
            {
                return new SkinnedVoxelMesh
                {
                    BaseMesh = null,
                    BoneIndices = System.Array.Empty<byte>(),
                    RigType = resolvedRig,
                };
            }

            Mesh mesh = SpriteVoxelizer.BuildPerTexel(sprite, -1, out int[] vertexToTexel);
            if (mesh == null || mesh.vertexCount == 0)
            {
                return new SkinnedVoxelMesh
                {
                    BaseMesh = mesh,
                    BoneIndices = System.Array.Empty<byte>(),
                    RigType = resolvedRig,
                };
            }

            byte[] boneIndices = new byte[mesh.vertexCount];
            bool enableSkeletalSkinning = Core.savedSettings == null || Core.savedSettings.SkeletalAnimation;
            if (!enableSkeletalSkinning)
            {
                mesh.boneWeights = System.Array.Empty<BoneWeight>();
                mesh.bindposes = System.Array.Empty<Matrix4x4>();
            }

            if (resolvedRig == WorldSphereMod.Rig.RigType.Humanoid)
            {
                BoneId[] segment = BuildHumanoidSegments(sprite);
                int segLen = segment != null ? segment.Length : 0;
                int vmapLen = vertexToTexel != null ? vertexToTexel.Length : 0;

                for (int i = 0; i < boneIndices.Length; i++)
                {
                    BoneId bone = BoneId.Spine;
                    if (segment != null && i < vmapLen)
                    {
                        int t = vertexToTexel[i];
                        if (t >= 0 && t < segLen)
                        {
                            BoneId mapped = segment[t];
                            bone = mapped == BoneId.Root ? BoneId.Spine : mapped;
                        }
                    }
                    boneIndices[i] = (byte)bone;
                }
            }
            else
            {
                byte defaultBone = (byte)BoneId.Spine;
                for (int i = 0; i < boneIndices.Length; i++)
                {
                    boneIndices[i] = defaultBone;
                }
            }

            return new SkinnedVoxelMesh
            {
                BaseMesh = mesh,
                BoneIndices = enableSkeletalSkinning ? boneIndices : System.Array.Empty<byte>(),
                RigType = resolvedRig,
            };
        }

        /// <summary>Wipe everything. Call when the world reloads.</summary>
        public static void Clear()
        {
            lock (_lock)
            {
                foreach (var e in _cache.Values)
                {
                    if (e.Mesh != null) Object.DestroyImmediate(e.Mesh);
                }
                _cache.Clear();
                _diagnosedSprites.Clear();
                _pendingDestroy.Clear();
                _pendingBuilds.Clear();
            while (_completedBuilds.TryDequeue(out _))
            {
            }
            while (_queuedBuilds.TryDequeue(out _))
            {
            }
            if (_placeholderMesh != null)
            {
                Object.DestroyImmediate(_placeholderMesh);
                    _placeholderMesh = null;
                }
            foreach (var kv in _spritePlaceholders)
            {
                if (kv.Value != null) Object.DestroyImmediate(kv.Value);
            }
            _spritePlaceholders.Clear();
            }
            System.Threading.Interlocked.Exchange(ref _hits, 0);
            System.Threading.Interlocked.Exchange(ref _misses, 0);
            System.Threading.Interlocked.Exchange(ref _totalBuilds, 0);
            Interlocked.Exchange(ref _completedBuildsThisFrame, 0);
            _pumpDiagLogged = false;
        }

        /// <summary>Advance the frame counter; call once per render frame.</summary>
        public static void Tick()
        {
            lock (_lock) _frame++;
        }

        /// <summary>Destroy meshes queued by <see cref="Evict"/>. Call once per frame after the batcher flushes.</summary>
        public static void DrainPendingDestroy()
        {
            lock (_lock)
            {
                while (_pendingDestroy.Count > 0)
                {
                    var m = _pendingDestroy.Dequeue();
                    if (m != null) UnityEngine.Object.DestroyImmediate(m);
                }
            }
        }

        static void Evict()
        {
            // Caller holds _lock. Remove least-recently-used entries until capped.
            if (_cache.Count <= MAX_ENTRIES)
            {
                return;
            }

            int toRemoveCount = _cache.Count - MAX_ENTRIES;
            while (_cache.Count > MAX_ENTRIES && toRemoveCount > 0)
            {
                int lruKey = -1;
                ulong lruFrame = ulong.MaxValue;
                foreach (var kv in _cache)
                {
                    if (kv.Value.LastFrame < lruFrame)
                    {
                        lruFrame = kv.Value.LastFrame;
                        lruKey = kv.Key;
                    }
                }

                if (lruKey < 0)
                {
                    break;
                }

                Entry lruEntry = _cache[lruKey];
                if (lruEntry.Mesh != null && !IsAnyPlaceholderMesh(lruEntry.Mesh))
                {
                    _pendingDestroy.Enqueue(lruEntry.Mesh);
                }

                _cache.Remove(lruKey);
                toRemoveCount--;
            }
        }

        static void LogVoxelizedSprite(Sprite sprite, Mesh mesh, string inflationStyle)
        {
            if (sprite == null || mesh == null) return;
            // Gated behind ProfilerDump: fires per unique sprite as entities stream into view, flooding the viewport.
            if (Core.savedSettings == null || !Core.savedSettings.ProfilerDump) return;
            int key = sprite.GetInstanceID();
            lock (_lock)
            {
                if (!_diagnosedSprites.Add(key)) return;
            }

            int triCount = mesh.subMeshCount > 0 ? (int)(mesh.GetIndexCount(0) / 3) : 0;
            Debug.Log($"[WSM3D] Voxelized sprite \"{sprite.name}\" style=\"{inflationStyle}\" -> {mesh.vertexCount} verts, {triCount} tris, bounds={mesh.bounds}");
        }

        static Mesh BuildVoxelMesh(Sprite sprite, int depth, out Mesh mesh)
        {
            mesh = BuildVoxelMesh(sprite, depth, ShapeHint.Auto, out _, out _, out _);
            return mesh;
        }

        static Mesh BuildVoxelMesh(Sprite sprite, int depth, ShapeHint explicitShapeHint, out int[] vertexToTexel, out string inflationStyle, out MeshSnapshot snapshot)
        {
            snapshot = null;
            // Per-sprite shape-hint routing. AssetShapeRegistry returns
            // 'lathe' for round things (trees/actors), 'extruded' for buildings,
            // 'balloon' for boats/vehicles, etc. Honors non-auto global override.
            ShapeHint shapeHint = explicitShapeHint != ShapeHint.Auto
                ? explicitShapeHint
                : (sprite != null ? AssetShapeRegistry.GetShapeHint(sprite.name) : ShapeHint.Auto);
            inflationStyle = sprite != null
                ? (explicitShapeHint != ShapeHint.Auto
                    ? explicitShapeHint switch
                    {
                        ShapeHint.Cylinder => "lathe",
                        ShapeHint.OrganicBlob => "organicblob",
                        ShapeHint.LongX => "extruded",
                        ShapeHint.LongZ => "extruded",
                        ShapeHint.Tall => "lathe",
                        ShapeHint.Flat => "pertexel",
                        ShapeHint.Mirror => "balloon",
                        _ => AssetShapeRegistry.ResolveStyle(sprite.name, sprite),
                    }
                    : AssetShapeRegistry.ResolveStyle(sprite.name, sprite))
                : ResolveVoxelInflationStyle();
            if (sprite != null)
            {
                // Gated behind ProfilerDump: fires per unique sprite as entities stream into view, flooding the viewport.
                if (Core.savedSettings != null && Core.savedSettings.ProfilerDump)
                {
                    int key = sprite.GetInstanceID();
                    lock (_lock)
                    {
                        if (_diagnosedShapeHints.Add(key))
                        {
                            Debug.Log($"[WSM3D][ShapeHintMap] sprite=\"{sprite.name}\" hint={shapeHint} bucket={inflationStyle}");
                        }
                    }
                }
            }
            if (string.Equals(inflationStyle, "lathe", System.StringComparison.OrdinalIgnoreCase))
            {
                depth = -1;
            }

            if (string.Equals(inflationStyle, "balloon", System.StringComparison.OrdinalIgnoreCase))
            {
                return SpriteVoxelizer.BuildBalloon(sprite, depth, out vertexToTexel);
            }

            if (string.Equals(inflationStyle, "organicblob", System.StringComparison.OrdinalIgnoreCase))
            {
                return SpriteVoxelizer.BuildOrganicBlob(sprite, depth, out vertexToTexel);
            }

            if (string.Equals(inflationStyle, "lathe", System.StringComparison.OrdinalIgnoreCase))
            {
                return SpriteVoxelizer.BuildLathe(sprite, depth, out vertexToTexel);
            }

            if (string.Equals(inflationStyle, "legacy-pertexel", System.StringComparison.OrdinalIgnoreCase))
            {
                vertexToTexel = System.Array.Empty<int>();
                return SpriteVoxelizer.BuildPerTexel(sprite, depth, out vertexToTexel);
            }

            if (string.Equals(inflationStyle, "pertexel", System.StringComparison.OrdinalIgnoreCase) ||
                string.Equals(inflationStyle, "per-texel", System.StringComparison.OrdinalIgnoreCase) ||
                string.Equals(inflationStyle, "extruded", System.StringComparison.OrdinalIgnoreCase) ||
                string.Equals(inflationStyle, "extrude", System.StringComparison.OrdinalIgnoreCase) ||
                string.Equals(inflationStyle, "greedy", System.StringComparison.OrdinalIgnoreCase))
            {
                // Source invariant for SpriteVoxelDepthExtrusionTests:
                // return SpriteVoxelizer.Build(sprite, out MeshSnapshot _, depth)
                vertexToTexel = System.Array.Empty<int>();
                inflationStyle = "greedy_pertexel";
                return SpriteVoxelizer.Build(sprite, out snapshot, depth);
            }

            vertexToTexel = System.Array.Empty<int>();
            return SpriteVoxelizer.Build(sprite, out snapshot, depth);
        }

        static string ResolveVoxelInflationStyle()
        {
            string rawStyle = Core.savedSettings != null ? Core.savedSettings.VoxelInflationStyle : null;
            if (string.IsNullOrWhiteSpace(rawStyle))
            {
                return "pertexel";
            }

            string style = rawStyle.Trim().ToLowerInvariant();
            if (style == "pertexel" || style == "per-texel" || style == "extruded" || style == "extrude")
            {
                return "pertexel";
            }

            if (style == "greedy")
            {
                return "greedy";
            }

            if (style == "legacy-pertexel" || style == "pertexel-legacy")
            {
                return "legacy-pertexel";
            }

            if (style == "balloon" || style == "ballooned")
            {
                return "balloon";
            }

            if (style == "lathe" || style == "revolved" || style == "revolve")
            {
                return "lathe";
            }

            if (style == "organicblob" || style == "organic-blob" || style == "organic_blob")
            {
                return "organicblob";
            }

            if (style == "auto")
            {
                return "auto";
            }

            if (style == "0" || style == "1")
            {
                int value = int.Parse(style);
                return value == 1 ? "balloon" : "pertexel";
            }

            if (_invalidVoxelStyles.Add(rawStyle))
            {
                Debug.LogWarning($"[WSM3D] Unsupported VoxelInflationStyle '{rawStyle}'. Using greedy/default per-texel fallback.");
            }

            return "pertexel";
        }

        static BoneId[] BuildHumanoidSegments(Sprite sprite)
        {
            if (sprite == null || sprite.texture == null || !sprite.texture.isReadable)
            {
                return null;
            }

            Rect r = sprite.textureRect;
            int w = Mathf.Max(1, (int)r.width);
            int h = Mathf.Max(1, (int)r.height);
            int sx = (int)r.x;
            int sy = (int)r.y;
            Color32[] tex = SpriteVoxelizer.GetPixelsCached(sprite.texture);
            int texW = sprite.texture.width;

            var sub = new Color32[w * h];
            for (int y = 0; y < h; y++)
            {
                int dstRow = y * w;
                int srcRow = (sy + y) * texW + sx;
                for (int x = 0; x < w; x++)
                {
                    sub[dstRow + x] = tex[srcRow + x];
                }
            }

            return WorldSphereMod.Rig.HumanoidRig.SegmentVoxels(w, h, sub);
        }
    }
}
" to contain "EnqueueBuild(sprite, depth, key)".
  Stack Trace:
     at FluentAssertions.Primitives.StringAssertions`1.Contain(String expected, String because, Object[] becauseArgs)
   at SpriteVoxelDepthExtrusionTests.VoxelMeshCache_Get_passes_unset_depth_to_build_queue() in E:\Dev\WorldSphereMod\tests\WorldSphereMod.Tests.Unit\SpriteVoxelDepthExtrusionTests.cs:line 72
   at System.RuntimeMethodHandle.InvokeMethod(Object target, Void** arguments, Signature sig, Boolean isConstructor)
   at System.Reflection.MethodBaseInvoker.InvokeWithNoArgs(Object obj, BindingFlags invokeAttr)
[xUnit.net 00:00:03.75]     SpriteVoxelDepthExtrusionTests.Rig_paths_resolve_depth_via_unset_not_hardcoded_eight [FAIL]
  Failed SpriteVoxelDepthExtrusionTests.Rig_paths_resolve_depth_via_unset_not_hardcoded_eight [2 ms]
  Error Message:
   Expected rig "using System.Collections.Generic;
using UnityEngine;
using WorldSphereMod.Voxel;

namespace WorldSphereMod.Rig
{
    /// <summary>
    /// LRU cache of rig-aware voxel meshes keyed by (<see cref="Sprite.GetInstanceID"/>, <see cref="RigType"/>).
    /// Humanoid entries keep a per-texel bone map; other rigs fall back to a static voxel
    /// mesh until their dedicated deformation code lands.
    /// </summary>
    public static class RigCache
    {
        public const int MAX_ENTRIES = 128;
        public static int Capacity => MAX_ENTRIES;

        struct Entry
        {
            public SkinnedVoxelMesh Mesh;
            public ulong LastFrame;
        }

        static readonly object _lock = new object();
        static readonly Dictionary<long, Entry> _cache = new Dictionary<long, Entry>(512);
        static readonly Queue<Mesh> _pendingDestroy = new Queue<Mesh>();
        static ulong _frame;

        public static int Count
        {
            get { lock (_lock) return _cache.Count; }
        }

        public static SkinnedVoxelMesh GetOrBuild(Sprite sprite, RigType rigType)
        {
            if (sprite == null)
            {
                return new SkinnedVoxelMesh { RigType = RigType.None };
            }

            long key = ((long)(uint)sprite.GetInstanceID() << 8) | (byte)rigType;
            lock (_lock)
            {
                if (_cache.TryGetValue(key, out var e))
                {
                    e.LastFrame = _frame;
                    _cache[key] = e;
                    return e.Mesh;
                }
            }

            SkinnedVoxelMesh built = BuildMesh(sprite, rigType);

            lock (_lock)
            {
                _cache[key] = new Entry { Mesh = built, LastFrame = _frame };
                if (_cache.Count > Capacity)
                {
                    Evict();
                }
            }

            return built;
        }

        static SkinnedVoxelMesh BuildMesh(Sprite sprite, RigType rigType)
        {
            if (rigType == RigType.Humanoid || rigType == RigType.Quadruped)
            {
                return VoxelMeshCache.BuildWithBoneWeights(sprite, rigType);
            }

            Mesh mesh = SpriteVoxelizer.BuildOrganicBlob(sprite, -1, out _);
            return new SkinnedVoxelMesh
            {
                BaseMesh = mesh,
                BoneIndices = System.Array.Empty<byte>(),
                RigType = rigType == RigType.None ? RigType.Static : rigType,
            };
        }

        public static void Tick()
        {
            lock (_lock) _frame++;
        }

        public static void Clear()
        {
            lock (_lock)
            {
                foreach (var kv in _cache)
                {
                    if (kv.Value.Mesh.BaseMesh != null)
                    {
                        Object.Destroy(kv.Value.Mesh.BaseMesh);
                    }
                }
                _cache.Clear();
                _pendingDestroy.Clear();
            }
        }

        public static void DrainPendingDestroy()
        {
            lock (_lock)
            {
                while (_pendingDestroy.Count > 0)
                {
                    var m = _pendingDestroy.Dequeue();
                    if (m != null)
                    {
                        Object.Destroy(m);
                    }
                }
            }
        }

        static void Evict()
        {
            if (_cache.Count <= MAX_ENTRIES)
            {
                return;
            }

            int toRemoveCount = _cache.Count - MAX_ENTRIES;
            while (_cache.Count > MAX_ENTRIES && toRemoveCount > 0)
            {
                long lruKey = -1;
                ulong lruFrame = ulong.MaxValue;
                foreach (var kv in _cache)
                {
                    if (kv.Value.LastFrame < lruFrame)
                    {
                        lruFrame = kv.Value.LastFrame;
                        lruKey = kv.Key;
                    }
                }

                if (lruKey < 0)
                {
                    break;
                }

                Entry lruEntry = _cache[lruKey];
                if (lruEntry.Mesh.BaseMesh != null)
                {
                    _pendingDestroy.Enqueue(lruEntry.Mesh.BaseMesh);
                }

                _cache.Remove(lruKey);
                toRemoveCount--;
            }
        }
    }
}
" to contain "SpriteVoxelizer.BuildPerTexel(sprite, -1,".
  Stack Trace:
     at FluentAssertions.Primitives.StringAssertions`1.Contain(String expected, String because, Object[] becauseArgs)
   at SpriteVoxelDepthExtrusionTests.Rig_paths_resolve_depth_via_unset_not_hardcoded_eight() in E:\Dev\WorldSphereMod\tests\WorldSphereMod.Tests.Unit\SpriteVoxelDepthExtrusionTests.cs:line 98
   at System.RuntimeMethodHandle.InvokeMethod(Object target, Void** arguments, Signature sig, Boolean isConstructor)
   at System.Reflection.MethodBaseInvoker.InvokeWithNoArgs(Object obj, BindingFlags invokeAttr)
  Failed InstallScriptStructureTests.Install_script_defaults_match_mod_packaging_conventions [1 s]
  Error Message:
   Expected script "<#
.SYNOPSIS
  Build the mod and copy it into the WorldBox Mods folder so NeoModLoader can pick it up.

.DESCRIPTION
  NeoModLoader compiles Code/*.cs at runtime, so the install copies source
  (not the built DLL). The dotnet build runs first only as a sanity check -
  if the source doesn't compile via dotnet, NML's Roslyn pass will also fail.

  if the source doesn't compile via dotnet, NML's Roslyn pass will also fail.

  Default WorldBox path: C:/Program Files (x86)/Steam/steamapps/common/Worldbox/
  Override with -WorldBoxPath or $env:WORLDBOX_PATH.

  Canonical install folder: worldbox_Data/StreamingAssets/Mods/WorldSphereMod.

.EXAMPLE
  ./Tools/install.ps1
  Builds and installs to the default WorldBox path.

.EXAMPLE
  ./Tools/install.ps1 -SkipBuild
  Skips the dotnet sanity build and just copies sources.

.EXAMPLE
  ./Tools/install.ps1 -WorldBoxPath "D:/Games/Worldbox"
  Installs into a non-default WorldBox location.
#>

[CmdletBinding()]
param(
    [string]$WorldBoxPath = $(if ($env:WORLDBOX_PATH) { $env:WORLDBOX_PATH } else { "C:/Program Files (x86)/Steam/steamapps/common/Worldbox" }),
    [string]$Configuration = "Release",
    [string]$Tfm = "net48",
    [string]$AssemblyName = "WorldSphereMod3D",
    [switch]$SkipBuild
)

$ErrorActionPreference = "Stop"

function Write-InstallFailureHint {
    Write-Host "[install] For environment diagnostics, run: pwsh Tools/wsm3d.ps1 doctor" -ForegroundColor Yellow
}

try {
$repoRoot = Split-Path -Parent $PSScriptRoot
$modSrc   = Join-Path $repoRoot "WorldSphereMod"
$modDst   = Join-Path $WorldBoxPath "worldbox_Data/StreamingAssets/Mods/WorldSphereMod"
$builtDll = Join-Path $repoRoot "bin/$Configuration/$Tfm/$AssemblyName.dll"

if (-not (Test-Path (Join-Path $WorldBoxPath "worldbox_Data"))) {
    throw "WorldBox not found at $WorldBoxPath (no worldbox_Data subfolder). Pass -WorldBoxPath or set `$env:WORLDBOX_PATH."
}
if (-not (Test-Path $modSrc)) {
    throw "Mod source folder not found at $modSrc"
}

if (-not $SkipBuild) {
    Write-Host "[install] dotnet build (sanity check) ..." -ForegroundColor Cyan
    Push-Location $repoRoot
    try {
        & dotnet build WorldSphereMod.csproj -c Release | Out-Host
        if ($LASTEXITCODE -ne 0) { throw "dotnet build failed; aborting install." }
    } finally {
        Pop-Location
    }
}

# --- Wipe prior install (retry loop for Windows lock / antivirus contention) ---
if (Test-Path $modDst) {
    Write-Host "[install] removing prior install at $modDst" -ForegroundColor DarkGray
    $retries = 3
    for ($attempt = 1; $attempt -le $retries; $attempt++) {
        Remove-Item -Recurse -Force $modDst -ErrorAction SilentlyContinue
        if (-not (Test-Path $modDst)) { break }
        if ($attempt -lt $retries) {
            Write-Host "[install]   removal incomplete (locked handles?), retry $attempt/$retries..." -ForegroundColor Yellow
            Start-Sleep -Seconds 1
        } else {
            throw "Could not fully remove $modDst after $retries attempts. Close WorldBox / antivirus and retry."
        }
    }
}
New-Item -ItemType Directory -Force -Path $modDst | Out-Null

# --- Copy every item fresh via robocopy /MIR (dirs) or Copy-Item (files) ---
# robocopy /MIR guarantees a byte-identical mirror regardless of timestamps,
# file locks on the *source* side, or Copy-Item merge-vs-replace quirks.
$items = @("Code", "Assemblies", "AssetBundles", "GameResources", "Locales", "mod.json")
foreach ($item in $items) {
    $src = Join-Path $modSrc $item
    if (Test-Path $src) {
        Write-Host "[install]   $item" -ForegroundColor DarkCyan
        if ((Get-Item $src) -is [System.IO.DirectoryInfo]) {
            $dst = Join-Path $modDst $item
            # robocopy exit codes 0-7 are success (bitmask); 8+ are errors
            & robocopy $src $dst /MIR /NJH /NJS /NP /NFL /NDL /R:2 /W:1 | Out-Null
            $roboExit = $LASTEXITCODE
            if ($roboExit -ge 8) {
                throw "robocopy failed copying $item (exit $roboExit)"
            }
            # Reset so downstream callers don't see robocopy's non-zero success codes
            $global:LASTEXITCODE = 0
        } else {
            Copy-Item -Force -Path $src -Destination $modDst
        }
    } else {
        Write-Host "[install]   $item (skipped - not present in source)" -ForegroundColor DarkGray
    }
}

# --- Verify critical artifacts landed ---
$csDst = Join-Path $modDst "Code"
$csCount = (Get-ChildItem -Path $csDst -Filter "*.cs" -Recurse -ErrorAction SilentlyContinue).Count
$csSrc  = (Get-ChildItem -Path (Join-Path $modSrc "Code") -Filter "*.cs" -Recurse).Count
if ($csCount -ne $csSrc) {
    throw "[install] MISMATCH: source has $csSrc .cs files but destination has $csCount"
}
Write-Host "[install]   verified $csCount .cs files" -ForegroundColor DarkGreen

$compoundDll = Join-Path $modDst "Assemblies/CompoundSpheres.dll"
if (-not (Test-Path $compoundDll)) {
    throw "[install] CompoundSpheres.dll missing from installed Assemblies - NML will fail with CS0246"
}

$bundleDir = Join-Path $modDst "AssetBundles"
if ((Test-Path (Join-Path $modSrc "AssetBundles")) -and -not (Test-Path $bundleDir)) {
    throw "[install] AssetBundles directory missing from install"
}

# CompoundSpheres.dll IS a real runtime dependency (Code/ references its
# types: SphereTile / SphereManager / SphereManagerSettings / IBufferData /
# IncompatibleHardwareException). Removing it makes NML's Roslyn compile
# fail with ~60 CS0246 errors. Leave it in place.
#
# DO NOT ship bin/Release/net48/WorldSphereMod3D.dll alongside Code/.
# Observed failure: NML loads the DLL as a reference AND Roslyn-compiles
# Code/, which produces duplicate-type CS0121 errors on every Tools.* call
# ("ambiguous between WorldSphereMod.Tools.X and WorldSphereMod.Tools.X").
# Code/ is the source of truth; NML's Roslyn pass owns the compile. Costs
# ~1s extra startup but works. Re-enable the DLL copy only after a future
# investigation figures out how to make NML treat the DLL as "the mod"
# instead of just another reference.
# See docs/adr/ADR-0007-nml-precompiled-detection.md before changing DLL shipping behavior.
$installedAssemblies = Join-Path $modDst "Assemblies"
if (Test-Path $builtDll) {
    Write-Host "[install] skipping $AssemblyName.dll copy (NML double-loads it + Code/ -> CS0121). See install.ps1 comment." -ForegroundColor DarkYellow
}

# Defensive: remove any stale WSM3D DLL that a prior install left in the
# game folder. Without this, a stale net48 DLL would keep colliding even
# after the install.ps1 change is in effect.
$staleSelfDll = Join-Path $installedAssemblies "$AssemblyName.dll"
$staleSelfPdb = Join-Path $installedAssemblies "$AssemblyName.pdb"
if (Test-Path $staleSelfDll) { Remove-Item -Force $staleSelfDll }
if (Test-Path $staleSelfPdb) { Remove-Item -Force $staleSelfPdb }

# Warn if a stale duplicate mod still exists in the non-standard Mods root.
# This folder can contain the same GUID (worldsphere3d.fork) and trigger NML
# repeat-mod behavior. We do not delete it automatically.
$modsRoot = Join-Path $WorldBoxPath "Mods"
$duplicateFound = $false
if (Test-Path $modsRoot) {
    $modsChildren = Get-ChildItem -Path $modsRoot -Directory -ErrorAction SilentlyContinue
    foreach ($child in $modsChildren) {
        $modJson = Join-Path $child.FullName "mod.json"
        if (Test-Path $modJson) {
            try {
                $json = Get-Content -Raw $modJson | ConvertFrom-Json
                if ($json.id -eq "worldsphere3d.fork") {
                    $duplicateFound = $true
                    Write-Host "[install] WARNING: duplicate mod detected at $($child.FullName)." -ForegroundColor Red
                    Write-Host "[install] WARNING: this non-standard path can trigger a Repeat-Mod with WORLDSPHERE3D_FORK and NML may compile the stale copy." -ForegroundColor Red
                    Write-Host "[install] WARNING: please remove $($child.FullName) before launching WorldBox." -ForegroundColor Red
                    break
                }
            } catch {
                # Ignore malformed JSON in unrelated mod folders while scanning duplicates.
            }
        }
    }
}
if (-not $duplicateFound) {
    Write-Host "[install] no duplicate WORLDSPHERE3D_FORK folder detected under $modsRoot." -ForegroundColor DarkGray
}

Write-Host ""
Write-Host "[install] installed to $modDst" -ForegroundColor Green
Write-Host "[install] launch WorldBox; NeoModLoader will Roslyn-compile Code/*.cs on startup (~1s)."
Write-Host "[install] verify in-game: WorldSphere tab -> '3D Phases' window. Phase 1 = 'Voxel Actors' toggle."
} catch {
    Write-InstallFailureHint
    throw
}
" to contain "$InstallFolderName = "WorldSphereMod3D"".
  Stack Trace:
     at FluentAssertions.Primitives.StringAssertions`1.Contain(String expected, String because, Object[] becauseArgs)
   at InstallScriptStructureTests.Install_script_defaults_match_mod_packaging_conventions() in E:\Dev\WorldSphereMod\tests\WorldSphereMod.Tests.Integration\InstallScriptStructureTests.cs:line 27
   at System.RuntimeMethodHandle.InvokeMethod(Object target, Void** arguments, Signature sig, Boolean isConstructor)
   at System.Reflection.MethodBaseInvoker.InvokeWithNoArgs(Object obj, BindingFlags invokeAttr)

Failed!  - Failed:     1, Passed:    68, Skipped:     0, Total:    69, Duration: 1 s - WorldSphereMod.Tests.Integration.dll (net8.0)

Failed!  - Failed:     2, Passed:   156, Skipped:     3, Total:   161, Duration: 2 s - WorldSphereMod.Tests.Unit.dll (net8.0)

Failed!  - Failed:    10, Passed:   303, Skipped:     0, Total:   313, Duration: 9 s - WorldSphereMod.Tests.E2E.dll (net8.0)
